volume,nr_RG,nr_suffix,header_no_tags,regest_no_tags,id_RG_all
2,370,0,"Albertus archiepiscopus, prepositus, decanus et canonici Magdeburg et cives civitas Magdeburgenses",,10200370-0
2,370,1,,"concessio indulgentia iubilei visitantibus ecclesiae maiori, domum frater heremitarium sancti Augustini Magdeburgensis, ecclesiae sancti Johannis in Monte extra muros Magdeburgensis, ecclesiae sancti Petri et Pauli in antiqua civitate Magdeburgensis, oblationum abbati monasterii sancti Petri de Percipiano ordinis sancti Benedicti Terdonis diocesis nuntio et Bartholomeo de Turchiis civi Lucanensis assignatarum medietas in fabricam basilicarum urbis convertatur, altera medietas in fabricam dictae ecclesiae Magdeburgensis 26 aprilis 1394 L 1 103v et V 314 236v.",10200370-1
2,370,2,,"et Benedictus abbas sancti Petri de Percipiano ordinis sancti Benedicti Terdonis diocesis: concessio licentiae, quod alter ipsorum altero absente litteras de indulgentia iubilei in provincia Magdeburgensis possit executioni mandare 26 aprilis 1396 V 315 189.",10200370-2
2,370,3,,conservatoria 17 december 1396 L 45 122v.,10200370-3
2,370,4,,"mandatum evocare canonici Magdeburgenses qui ratione indulgentia iubilei contra ordinationem pape confessoribus constitutis quattuor cistas in ecclesia maior, domus frater heremitarium sancti Augustini, ecclesia sancti Johannis in Monte extra muros, ecclesia sancti Petri et Pauli in antiqua civitate Magdeburgensis deposuerunt et Johannem de Embeke, Gebehardum de Glina, Lippoldum de Stembeke et Beltramum de Velthem receptores pecuniarum deputaverunt Ipsi et Heydo de Byeren scolasticus, Walterus de Kokeritz cellerarius, Meynhardus de Weringerade inter se divisionem fecerunt.",10200370-4
2,370,5,,deinde post obitu Benedicti abbatis monasterii sancti Petri de Percipiano ordinis sancti Benedicti Terdonis diocesis ad ipsius hospitium accedentes aurum et argentum et cetera rapuerunt et Michaelem de Paganis depositarium ad se vocatum incarceraverunt 21 december 1396 V 315 164.,10200370-5
2,370,6,,mandatum assignationis pecunias a capitulo exactas Michaeli de Paganis de Luca seu Ludovico de Ballionibus de Perusia 10 februarius 1397 V 315 187.,10200370-6
2,370,7,,"revocatio mandati de Johanne de Embeke, Ghebehardo de Glina, Lippoldo de Stembeke, Beltramo de Velthem, Meynardo de Wernigerode, Heydone de Byeren scolastici, Waltero de Kokeritz cellerarius canonici Magdeburgensis evocandis, quia ob utilitatem basilicarum urbis se egisse proposuerunt 22 iuris 97 V 315 248.",10200370-7
2,370,8,,"confirmatio instrumenti de confirmationis oppignorationis medietatis castri de Saltza a quondam Ludovico Magdeburgensis tunc Maguntinensis archiepiscopus Balthasari. Thuringiae landgravio, Wilhelmo et quondam Frederico Misniae marchionibus fratribus suis facte Albertus testimonium de guerra inter Ludovicum et Adolfum archiepiscopo Maguntinensis facta a Cristiano episcopo Nuemburgensis, Henrico episcopo Merseburg, Johanne in Swartzpurg comes,",10200370-8
2,645,0,Aschersleve,,10200645-0
2,645,1,,ecclesia domus frater minor opidum Halberstadensis diocesis: indulgentia ad instar ecclesia sancti Marie in Portiuncula 5 iulius 1401 L 94 199.,10200645-1
2,878,0,Boldensberg,,10200878-0
2,878,1,,capella beatae Marie Brandenburgensis diocesis: indulgentia 5 december 1400 L 90 106v.,10200878-1
2,913,0,Brunswic,,10200913-0
2,913,1,,proconsul et capitulo opidi Halberstadensis diocesis: privilegium de non evocando 19 maius 1390 R 103.,10200913-1
2,913,2,,proconsul et capitulo opidi Halberstadensis diocesis: revocatio privilegii de non evocando 27 december 1390 L 12 139.,10200913-2
2,913,3,,"proconsul et capitulo opidi Halberstadensis diocesis: mandatum, ut archidiaconi et officiales vicarios in dicto opido instituant 8 augustus 1391 L 10 231.",10200913-3
2,913,4,,"proconsul et capitulo opidi Halberstadensis diocesis: mandatum ut iam antea Rolando decano ecclesiae sancti Blasii in dicto opido publica constitutione Provide attendentes "" a Bonifatio VIII papa facta 7 maius 1400 L 79 224. """,10200913-4
2,913,5,,"mensa decani, capitulum et singuli canonici ecclesiae sancti Blasii Halberstadensis diocesis: incorporatio parochialis ecclesiae sancti Odalrici Brunswich 22 aprilis 1399 L 69 185v.",10200913-5
2,913,6,,parochialis ecclesia sancti Catherine Halberstadensis diocesis: indulgentia ad instar ecclesiae sancti Marci de Venetiis 12 december 1399 L 82 175.,10200913-6
2,916,0,Budissin,,10200916-0
2,916,1,,ecclesie sancti Petri opidi Misnensis diocesis: de interdicto loci 7 maii 1402 R 331v.,10200916-1
2,916,2,,ecclesie beatae Marie domus frater minorum Misnensis diocesis: indulgentia 29 decembre 1401 L 100 153v.,10200916-2
2,916,3,,ecclesie beatae Marie domus frater minorum Misnensis diocesis: indulgentia 13 ianuarii 1402 L 100 158v.,10200916-3
2,919,0,Bukow,,10200919-0
2,919,1,,villa prope Gazelitz Brandenburgensis diocesis parochialis ecclesia: indulgentia 17 december 1401 L 100 110v.,10200919-1
2,1462,0,Dresden,,10201462-0
2,1462,1,,capella sanctae Crucis in opido Misnensi diocesis: indulgentia 28 augusti 1393 L 30 252.,10201462-1
2,1462,2,,capella sanctae Crucis in opido Misnensi diocesis: indulgentia 30 aprilis 1399 L 69 136.,10201462-2
2,1596,0,Elizabeth quondam marchionissa Misnensis,,10201596-0
2,1596,1,,indulgentia pro eis qui intersunt officiis et missis ab ea in ecclesia Misnensis fundatis 24 iulii 1402 L 104 234.,10201596-1
2,1682,0,Ernfridestorff,,10201682-0
2,1682,1,,parochialis ecclesia sancti Nicolai Erasmi et Catherine Misnensis diocesis: indulgentia 12 aprilis 1400 L 72 98.,10201682-1
2,2229,0,Gorlicz,,10202229-0
2,2229,1,,ecclesiae beatae Marie domus frater minorum Misnensis diocesis: indulgentia 29 december 1401 L 100 114v.,10202229-1
2,2322,0,Grevenhayn,,10202322-0
2,2322,1,,parochialis ecclesia sancti Nicolai prope monasterium Cisterciensis ordo Nuemburgensis diocesis: indulgentia ad instar ecclesia beatus Marie Hamburgensis Bremensis diocesis 15 september 1395 L 36 198.,10202322-1
2,2411,0,Wilhelmus marchio Misnensis,,10202411-0
2,2411,1,,licentia visitandi omnia monasteria monialium in dominio eius et in ecclesia curie Retznitz ordine sancte Clare Bambergensis diocesis 28 augustus 1393 L 30 327v.,10202411-1
2,2411,2,,concessio ius patronatus 4 canonicatus et prebenda maior in ecclesia Misnensis in castro Misnensi 12 december 1399 L 82 176.,10202411-2
2,2411,3,,dispensatio super carnis esu pro abbatibus monasterii Antiquecelle et monasterii Buech Cisterdorf ordine Misnensis diocesis 26 februarius 1400 L 80 88v.,10202411-3
2,2411,4,,licentia fundandi collegium cum decano et canonici apud capellam sanctae Crucis in loco de Dresden Misnensis diocesis et concessio dicto collegio parochialis ecclesia beatae Marie dicti loci ad ecclesiae Misnensi pertinente marchio donavit ecclesiae Misnensi ius patronatus parochialis ecclesiae in Ebirspach et sancti Nicolai in Friberg dictae diocesis 1 december 1400 L 90 100.,10202411-4
2,2411,5,,manu confirmatione permutatione facta inter ipsum et Mechtildem abbam monasterii Throni sanctae Marie in Nymptzschin Merseburgensis diocesis de iure patronatus parochialis ecclesiae in Turgaw dictae diocesis et de parochialis ecclesiae in Novacuria dictae diocesis 1 december 1400 L 90 101.,10202411-5
2,2411,6,,licentia electionis confessionis 31 martius 1401 L 91 211.,10202411-6
2,2411,7,,et Elisabeth eius uxor: indulgentia pro eis qui reliquia in ecclesia Misnensis ab ipsis collocata visitant 22 november 1401 L 100 57v.,10202411-7
2,2411,8,,indulgentia pro omnibus qui missis ad altare in choro ecclesiae Misnensis a marchione fundatum celebrandis intersunt 7 februarius 1403 L 108 205.,10202411-8
2,2477,0,Hadmersleve,,10202477-0
2,2477,1,,ecclesie sancti Petri et Pauli monasterii monialium ordinis sancti Benedicti Halberstadensis diocesis: indulgentia ad instar ecclesie sancti Marci Venetiarum 10 ianuarii 1399 L 71 123.,10202477-1
2,2495,0,Hamburg,,10202495-0
2,2495,1,,oppidi Bremensis diocesis proconsulis et capituli: de altare portatile pro turri Nigeo alias Nigewerk iuxta portum fluminis Alba et prope mare Oceanum situato 10 novembris 1390 L 10 191.,10202495-1
2,2495,2,,oppidi Bremensis diocesis proconsulis et capituli: de altare portatile in castro Rizebutel dictae diocesis 29 martius 1395 R 163v.,10202495-2
2,2495,3,,ecclesia conventus ordinis predicatorum: indulgentia ad instar ecclesiae dicti ordinis oppidi Wismer. Razeburgensis diocesis 1 iulii 1401 L 89 142v.,10202495-3
2,3398,0,Hesewik,,10203398-0
2,3398,1,,ecclesie beate Marie Halberstadensis diocesis: indulgentia 20 martius 1403 L 113 151v.,10203398-1
2,3412,0,Hildesleve,,10203412-0
2,3412,1,,ecclesie monasterii ordinis sancti Benedicti Halberstadensis diocesis: indulgentia ad instar ecclesie sancti Marci de Venetiis 18 martius 1401 L 90 79v.,10203412-1
2,3604,0,Idelenstede,,10203604-0
2,3604,1,,capella beatae Marie Halberstadensis diocesis: indulgentia 17 aprilis 1401 L 88 157.,10203604-1
2,5209,0,Issleve,,10205209-0
2,5209,1,,oppidi Halberstadensis diocesis altare sanctae Trinitatis beatae Marie et trium regum necnon beatorum XII apostolicus ac X milia martirum et sanctorum Sebastiani et Crispini in parochiali ecclesia sancti Andree: indulgentia 21 december 1400 L 90 273.,10205209-1
2,5209,2,,confraternitas frater kalendarum: confirmatio 1 augustus 1401 R 307v.,10205209-2
2,5321,0,Lynpuhel,,10205321-0
2,5321,1,,capella beatae Marie Nuemburgensis diocesis: indulgentia 28 februarii 1402 L 100 202.,10205321-1
2,5329,0,Lovenborch,,10205329-0
2,5329,1,,parochiali ecclesie opidi Razeburgensis diocesis: indulgentia 20 februarii 1391 L 17 144.,10205329-1
2,5332,0,Luban,,10205332-0
2,5332,1,,oppidi Misnensis diocesis parochialis ecclesia sancti Marie: indulgentia 1 martius 1402 L 100 266.,10205332-1
2,5332,2,,ecclesia monasterii monialium sanctae Marie Magdalene ordinis sancti Augustini: indulgentia 31 iulii 1402 L 104 223v.,10205332-2
2,5439,0,Madela,,10205439-0
2,5439,1,,parochiali ecclesie sancti Martini Misnensis diocesis: indulgentia 17 maius 1401 L 89 127v.,10205439-1
2,5443,0,Magnasalme,,10205443-0
2,5443,1,,oppidi Magdeburgensis diocesis ecclesia sancti Johannis baptistae que est subiecta parochiali ecclesiae in Esterhusin: indulgentia 28 december 1401 L 100 115.,10205443-1
2,5697,0,Muchele,,10205697-0
2,5697,1,,parochiali ecclesiae sancti Michaelis Halberstadensis diocesis: indulgentia 10 december 1391 L 24 242v.,10205697-1
2,5711,0,Netekendorp,,10205711-0
2,5711,1,,villa Brandenburgensis diocesis capella sancti Jacobi et Dorothee ac Brigide de Suecia: indulgentia 25 augusti 1401 L 94 167.,10205711-1
2,6133,0,Novacella,,10206133-0
2,6133,1,,abbati et conventui monasterii ordinis Cisterciensium Misnensis diocesis: mandatum committendi marchioni Moravie et duci Sagani discussionem super concordia inter dicti monasterii et monasterii Lubencii dicti ordinis Wratislaviensis diocesis de possessionibus in finibus marchionatus et ducatus factum 14 octobris 1401 L 91 95.,10206133-1
2,6133,2,,abbati et conventui monasterii ordinis Cisterciensium Misnensis diocesis: indulgentia 17 ianuarii 1402 L 100 260.,10206133-2
2,6133,3,,abbati et conventui monasterii ordinis Cisterciensium Misnensis diocesis: incorporatio parochialis ecclesiae in Fortinberg et in Besecow et in Funfechin et in Welmenitz dictae diocesis 18 ianuarii 1402 L 104 91v.,10206133-3
2,6177,0,Osterborkch,,10206177-0
2,6177,1,,oppidi Halberstadensis diocesis capella sancti Georgii fundatio a Giselberto Dobberkow decretum doctor: indulgentia 28 octobris 1393 L 27 178.,10206177-1
2,6177,2,,oppidi Halberstadensis diocesis capella sancti Georgii fundatio a Giselberto Dobberkow decretum doctor: indulgentia 7 maii 1400 L 79 33.,10206177-2
2,6177,3,,"altare sancti Johannis baptistae in ecclesia sancti Nicolai: memoria, quod Johannes Schymming rector dictus altare eiusque successores solvant annuatim 2 marchas argenti ad sustentationem monasterio in Crevese ordinis sancti Benedicti Verdensis diocesis altare ab Henrico de Soltwedel alias dictus Schymming prepositus de bonis dicti monasterii est fundatio 22 martius 1403 L 109 97.",10206177-3
2,6248,0,Parchem,,10206248-0
2,6248,1,,parochiali ecclesie Zwerinensis diocesis: indulgentia ad instar ecclesie sancti Marie in Portiuncula 8 iunii 1401 L 88 132.,10206248-1
2,6985,0,Temptzin,,10206985-0
2,6985,1,,capella domus sancti Antonii ordinis sancti Augustini Zwerinensis diocesis: indulgentia 19 ianuarii 1399 L 71 57.,10206985-1
2,6985,2,,capella domus sancti Antonii ordinis sancti Augustini Zwerinensis diocesis: indulgentia ad instar ecclesiae sancti Marci de Venetiis 13 aprilis 1400 L 80 147.,10206985-2
2,7272,0,Treptowe,,10207272-0
2,7272,1,,antiquum opidum Brandenburgensis diocesis capella Closterberche extra muros: indulgentia ad instar ecclesia sancti Marie de Portiuncula 9 aprilis 1400 L 79 1.,10207272-1
2,7276,0,Tribuzes,,10207276-0
2,7276,1,,capella sancti Georgii Zwerinensis diocesis: indulgentia ad instar ecclesiae sancti Marie Magdalene in Dusseldorpe et ecclesiae Aquilegensis 24 maius 1401 L 94 223.,10207276-1
2,7448,0,Welpesholt,,10207448-0
2,7448,1,,capella beatus Marie Halberstadensis diocesis: indulgentia ad instar ecclesia sancti Marie in Portiuncula 7 iulius 1401 L 94 199.,10207448-1
2,7530,0,Veteriscelle,,10207530-0
2,7530,1,,monasterio sanctae Marie Cisterciensis ordinis Misnensis diocesis: indulgentia 3 februarii 1392 L 25 202v.,10207530-1
2,7567,0,Villabuken,,10207567-0
2,7567,1,,parochiali ecclesie beate Marie Razeburgensis diocesis: indulgentia 20 februarii 1391 L 12 212v.,10207567-1
2,7568,0,Wilsnack,,10207568-0
2,7568,1,,parochiali ecclesie Corporis Christi Havelbergensis diocesis: indulgentia 25 iulii 1393 L 28 97.,10207568-1
2,7601,0,Wittenberg,,10207601-0
2,7601,1,,opidi Brandenburgensis diocesis ecclesie capella omnes Sanctorum nuncupatae: indulgentia 19 iulii 1398 L 52 35.,10207601-1
2,7645,0,Czedink,,10207645-0
2,7645,1,,capella Corporis Christi Brandenburgensis diocesis: indulgentia ad instar ecclesiae monasterii in Regali Lutter Halberstadensis diocesis 8 aprilis 1401 L 87 126.,10207645-1
2,7645,2,,capella Corporis Christi Brandenburgensis diocesis: indulgentia ad instar ecclesiae sancti Marci de Venetiis 17 aprilis 1401 L 89 59.,10207645-2
2,7829,0,Dresden,,10207829-0
2,7829,1,,oppidi Misnensis diocesis: indulgentia pro ecclesiam in area a Wilhelmo marchionis Misnensis donata per priorem provincialem et conventus ordinis heremitarum sancti Augustini construenda 24 octobris 1405 L 123 272.,10207829-1
3,171,0,Czwickow,,10300171-0
3,171,1,,capella hospitalis sancti Georgii extra muros opidi Nuemburgensis diocesis: de indulgentia 17 september 1409 L 136 103v.,10300171-1
3,228,0,Aldenburg,,10300228-0
3,228,1,,ecclesia beatae Marie castri Romani ecclesia immediata subiecta: de indulgentia 14 februarii 1414 L 185 278v. .,10300228-1
3,228,2,,capella sancti Georgii in castro Nuemburgensis diocesis: de indulgentia 22 octobris 1411 L 158 142v.,10300228-2
3,535,0,Kothebus,,10300535-0
3,535,1,,parochiali ecclesie sancti Nicolai Misnensis diocesis: de indulgentia 24 iunii 1410 L 147 162v.,10300535-1
3,556,0,Dobelin,,10300556-0
3,556,1,,parochiali ecclesie sancti Nicolai Misnensis diocesis: de indulgentia 7 iulii 1413 L 173 205v.,10300556-1
3,1008,0,Hertzeberg,,10301008-0
3,1008,1,,capella Corporis Jesu Christi Misnensis diocesis: de indulgentia 12 ianuarius 1415 L 185 52v.,10301008-1
3,1629,0,Monsboldensberg,,10301629-0
3,1629,1,,capella beatae Marie Virginis Brandenburgensis diocesis: de indulgentia 17 octobris 1411 L 153 29v.,10301629-1
3,1969,0,Stendal ecclesie sancti Nicolai Halberstadensis diocesis,,10301969-0
3,1969,1,,de indulgentia 10 september 1411 L 158 106v.,10301969-1
3,1990,0,Tangermunde,,10301990-0
3,1990,1,,ecclesie sancti Johannis baptistae et Johannis evangelistarum in castro Halberstadensis diocesis: conservatoria 29 maii 1411 L 159 118.,10301990-1
3,1990,2,,ecclesie sancti Johannis baptistae et Johannis evangelistarum in castro Halberstadensis diocesis: de dispensatione a statuto super residentia 8 novembris 1414 L 175 171v.,10301990-2
3,1990,3,,"ecclesie sancti Johannis baptistae et Johannis evangelistarum in castro Halberstadensis diocesis: que Carolus Romanus et Bohemie rex in collegiate ecclesia fecerat constitutionem, cum parochialis ecclesia sancti Stephani in suburbiis dicti castri in ipsa incorporatio ac parochialis ecclesia in Bretzen Brandenburgensis diocesis ad ipsam spectare: de exemtione a iurisdictione ordinaria cum reservatione iuris patronatus super prepositurae pro marchione Brandenburgensis ac iuris institutione prepositi et canonici ac Visitationis pro decanatus ecclesie sancti Nicolai in Stendal Halberstadensis diocesis 5 ianuarii 1415 L 175 45v.",10301990-3
3,1990,4,,"ecclesie sancti Johannis baptistae et Johannis evangelistarum in castro Halberstadensis diocesis: mandatum supplicatione Sigismundo Romano et Vngarie rege incorporare maioris prebendam ecclesie sancti Nicolai in Stendal Halberstadensis diocesis, non obstante statuto ecclesie datum 5 ianuarii 1415 L 175 44v.",10301990-4
3,1990,5,,ecclesie sancti Johannis baptistae et Johannis evangelistarum in castro Halberstadensis diocesis: de indulgentia 5 ianuarii 1415 L 185 260.,10301990-5
3,2188,0,Wittenberg,,10302188-0
3,2188,1,,"ecclesie Omniumsanctorum Brandenburgensis diocesis: de indulgentia 17 octobris 11 L 153 30, 12 ianuarii 1415 L 185 53.",10302188-1
3,2195,0,Wlfelbuttel,,10302195-0
3,2195,1,,capella sancti Longini prope castrum Halberstadensis diocesis: de indulgentia 25 iulii 1414 L 185 105.,10302195-1
4,277,0,Aldenburg,,10400277-0
4,277,1,,ecclesia sancti Georgii in castro A. Nuemburgensis diocesis in collegiata erecta: indulgentia 8 iulii 1423 I 112 308v.,10400277-1
4,277,2,,capitulum ecclesiae sancti Georgii Nuemburgensis diocesis: conservatoria 17 iulii 1423 V 358 83r.,10400277-2
4,277,3,,capitulum ecclesiae sancti Georgii Nuemburgensis diocesis: reformatio 17 iulii 1423 S 169 264v.,10400277-3
4,277,4,,magistra et conventus monasterii in A. ordo Premonstratensium Treverensis diocesis: reformatio super parochiali ecclesia in Biele Treverensis diocesis 24 februarii 1424 S 174 260r.,10400277-4
4,1168,0,Besekow,,10401168-0
4,1168,1,,"parochiali ecclesiae beatae Marie opidi B. Misnensis diocesis: de indulgentia 20 ianuarius 1429 S 235 78r, L 286 140r.",10401168-1
4,1253,0,Burghartzwalde,,10401253-0
4,1253,1,,parochialis ecclesia Misnensis diocesis : de indulgentia 15 december 1429 S 249 246v.,10401253-1
4,1307,0,Busso de Vicedominis miles ambassiator Wilhelmi lantgravii Thuringie ac marchionis Misnensis,,10401307-0
4,1307,1,,de indulgentia pro parochiali ecclesia in Rosla Maguntinae diocesis; de canonicatus sub expectativa prebende Nuemburgensis necnon sancti Severi Erfordensis pro Henrico Vitztumi clerico Maguntinae diocesis ex utrius de militaris generalis; de beneficio sub expectatione prebende pro Frederico Clepe presbiter plebano in Rosla Maguntinae diocesis; de beneficio sub expectatione prebende pro Thoma de Tzwickow clerico Merseburgensis diocesis 30 ianuarius 1418 S 115 170r.,10401307-1
4,1309,0,Caldenborne,,10401309-0
4,1309,1,,monasterio sancti Johannis evangelistae canonici regularis Halberstadensis diocesis : de indulgentia 24 maii 1421 S 152 187v.,10401309-1
4,1318,0,Canewitz,,10401318-0
4,1318,1,,capella beatae Catherine Misnensis diocesis : indulgentia 24 maii 1421 L 212 260v.,10401318-1
4,1399,0,Catherina marchionissa Misnensis,,10401399-0
4,1399,1,,"de indulgentia pro altari beatae Marie, conceptionis Anne, Andree apostolici ac omnes Sanctorum in capella castri Culditz Misnensis diocesis ab ipsa fundato 11 december 1421 S 158 182r.",10401399-1
4,1415,0,Keentze,,10401415-0
4,1415,1,,capella beatae Marie virginis infra limites parochialis ecclesiae in Baard Zwerinensis diocesis : indulgentia 31 maii 1418 L 195 112r.,10401415-1
4,1421,0,Kempnic,,10401421-0
4,1421,1,,parochialis ecclesia sancti Jacobi Misnensis diocesis : indulgentia 3 december 1421 L 222 217v.,10401421-1
4,2363,0,Dobelin,,10402363-0
4,2363,1,,parochialis ecclesia sancti Nicolai Misnensis diocesis : de indulgentia 29 november 1424 S 182 54v.,10402363-1
4,2521,0,Ebrstorff,,10402521-0
4,2521,1,,parochiali ecclesie beate Marie virginis Misnensis diocesis : indulgentia 4 maii 1426 L 263 320r.,10402521-1
4,2962,0,Vredeland,,10402962-0
4,2962,1,,capella beatae Marie virginis in cimiterio parochialis ecclesiae opidi Havelbergensis diocesis: de indulgentia 8 novembris 1419 S 134 43.,10402962-1
4,2962,2,,"capella beatae Marie virginis in cimiterio parochialis ecclesiae opidi Havelbergensis diocesis: de indulgentia 6 iunii 20 S 145 25v, 8 iulii 1420 L 208 222v.",10402962-2
4,2962,3,,fraternitas sacerdotum et scolarium sancti Gregorii : de indulgentia 8 novembris 1419 S 134 43.,10402962-3
4,2980,0,Fridericus marchio Brandenburgensis elector ac burggravius Nuremberge,,10402980-0
4,2980,1,,de insigniis pontificalia pro abbatissam monasterii Fontissalutis ordinis Cisterciensium Eistetensis diocesis; de insigniis pontificalia pro abbatissam monasterii in Wallerbach ordinis Cisterciensium Ratisbonensis diocesis; de licentia benedicendi res sacras pro abbati monasterii in Wiltzburg ordinis sancti Benedicti Eistetensis diocesis; de remissio plenaria pro abbati et monachis supradicti monasterii 20 december 1417 S 108 47.,10402980-1
4,2980,2,,de licentia divina resumendi post expulsionem excommunicationis pro consulibus et cetera Novecivitatis Brandenburgensis; de indulgentia pro parochiali ecclesia sancti Katherine et Amalberge Novecivitatis predicte; de indulgentia pro altari corporis Christi in parochiali ecclesia predicta; de indulgentia pro capella sancti Urbani et sancti Spiritus penes portam Novecivitatis predicte 21 aprilis 1418 S 110 285.,10402980-2
4,2980,3,,de indulgentia pro parochiali ecclesia in Schwobuch Eistetensis diocesis; de indulgentia pro hospitali pauperum dicto opidi; de indulgentia pro parochiali ecclesia sancti Ulrici in villa Blauelden Herbipolensis diocesis; de indulgentia pro parochiali ecclesia in Kreulssheim Herbipolensis diocesis 21 aprilis 1418 S 110 287v.,10402980-3
4,2980,4,,de indulgentia pro parochiali ecclesia in Langentzem Herbipolensis diocesis 21 aprilis 1418 S 112 8v.,10402980-4
4,2980,5,,de confirmatione privilegii; de esu carnium pro Agneta sorore sua abbatissae et conventui monasterii curie Regnitz ordinis sancte Clare Bambergensis diocesis 21 aprilis 1418 S 112 20.,10402980-5
4,2980,6,,de confessione; interdicto; licentia sacramenta eucharistie ministrandi pro quolibet sacerdote ab ipso electo 27 maius 1418 S 112 118.,10402980-6
4,2980,7,,de indulgentia pro monasterio in Langentzeim Herbipolensis diocesis 29 maius 1418 S 118 253v.,10402980-7
4,2980,8,,de licentia intrandi in monasterium monialium curie Regnitz ordinis sancte Clare Bambergensis diocesis cuius abbatissa soror existit; de remissio plenaria pro Agnete abbatissae; de licentia commutandi ieiunium pro Elizabeth uxore sua; de mortis articulo pro Adelheid abbatissae monasterii Coroneceli ordinis Cisterciensium Bambergensis diocesis 20 december 1421 S 159 7v.,10402980-8
4,2980,9,,reformatio concessio ingressus monasterii monialium curie Regnitz ordinis sancte Clare Bambergensis diocesis 20 december 1421 S 160 61v.,10402980-9
4,2980,10,,PK non 112/114.,10402980-10
4,2980,11,,de erectione capelle in villa Werd prope opidi Nuremburg Bambergensis diocesis et sub parochiali ecclesia sancti Sebaldi dicto opidi in parochiali ecclesia 25 november 1423 S 172 62v.,10402980-11
4,2980,12,,de licentia eligendi confirmationis pro se et familia; altare portatile; interdictum; ante diem; licentia requirendi rectores ecclesiae sui patronatus ad residentiam; de confirmatione emptionis feudorum in partibus Franconie Bavarie et Suevie ab Oswaldo comite de Truhending cum iuribus presentationis; de confirmatione privilegii concessione ab Augustino priori generali ordinis frater heremitarum sancti A. conventui in Kulmach dicti ordinis Bambergensis diocesis 25 ianuarius 1424 S 174 37.,10402980-12
4,2980,13,,de fructus in absentia pro 4 familiares 25 iulius 1425 S 188 253v.,10402980-13
4,2980,14,,de commissione materie dissensionis inter rectore parochiali ecclesiae sancti Sebaldi Nurenburg. Bambergensis diocesis et communitatem ville Werd novo episcopo Bambergensis 25 iulius 1425 S 188 253v.,10402980-14
4,2980,15,,et proconsules et cetera opidi Nouwen. ? Brandenburgensis diocesis: confirmatio remissionem debitorum et exemtionem ab omnibus contributionibus ad decennium per domino F. concessam 23 iunius 1426 L 263 88.,10402980-15
4,2980,16,,et Elizabeth uxor: remissio plenaria 17 martius 1428 L 280 258.,10402980-16
4,2980,17,,de confirmatione indulti concessione per H. cardinali sancti Eusebii legatum domo ordinis f. marcae Brandenburgensis super electione vicarii et cetera 30 aprilis 1428 S 225 262v.,10402980-17
4,2980,18,,"et Johannes eius natus: de altare portatile, ante diem et interdictum pro J.; de lacticiniis pro J. et familia; de confessio pro J. et conthorali; de licentia celebrandi statim post recessum excommunicationis pro Vetericivitatis Brandenburgensis 30 december 1429 S 258 217.",10402980-18
4,2980,19,,de dispensatio super ieiunio et abstinentia; de lacticiniis; de licentia eligendi confessionis 16 martius 1430 S 254 211.,10402980-19
4,3100,0,Fridericus senior marchio Misnensis,,10403100-0
4,3100,1,,de confirmatione privilegii de non evocando 7 maii 1418 S 112 162.,10403100-1
4,3100,2,,lantgravius Thuringie et marchio Misnensis et cetera et Katherina uxor: de remissione plenaria; altare portatile; interdictum; ante diem; confessio; lacticiniis etiam pro subditis; esu carnium pro monachis ordinis Cisterciensium ipsos visitantibus 7 maii 1418 S 112 162.,10403100-2
4,3100,3,,licentia celebrandi post ingressum suum ad loca interdicta 22 december 1420 L 212 137v.,10403100-3
4,3100,4,,"de confirmatione statutorum super canonicatus et prebenda Nuemburgensis, Misnensis, ecclesiae sancti Petri et Pauli Cytzenensis Nuemburgensis diocesis obtinendis a personis universitatis studii Liptzenensis Merseburgensis diocesis; de concessione iuris patronatus omnes canonicatus et prebenda ad partem iam tenet ecclesia Misnensis; interdictum 22 december 1420 S 150 101.",10403100-4
4,3100,5,,de non evocando pro subditis 6 ianuarius 1421 S 150 120.,10403100-5
4,3100,6,,statuitur ut duo canonicatus et maior prebenda Merseburgensis presentatis per rector et cetera studii Liptzenensis conferantur 20 ianuarius 1421 L 212 135v.,10403100-6
4,3100,7,,de concessione iuris patronatus etiam ad alios 8 canonicatus et prebenda Misnensis; licentia ut capellanus suus coram se missam celebrare possit ubicumque sine licentia alicuius 9 martius 1421 S 151 21v.,10403100-7
4,3100,8,,de indulgentia pro parochiali ecclesia in opidi Mitteweydis Misnensis diocesis; pro parochiali ecclesia sancti Jacobi in opidi Kempnicensis dictae diocesis; pro ecclesiae beatae Marie virginis e. opidi Githan Merseburgensis diocesis; mortis articulus pro Henrico Lukaw vicarius in castro Aldenburg Nuemburgensis diocesis 3 december 1421 S 158 73.,10403100-8
4,3100,9,,"reformatio supplicationis de non evocando 11 december 1421 S 158 80v, L 222 194.",10403100-9
4,3100,10,,"reformatio supplicationis 23 december 1421 S 158 197v, super collatione beneficii ecclesiae Misnensis L 222 198.",10403100-10
4,3100,11,,concessio facultas presentandi ad canonicatum et prebenda primo vacaturos in ecclesiae opidi Gothenensis Maguntinae diocesis 10 augustus 1423 L 233 200.,10403100-11
4,3100,12,,dus Saxonie archimarscallus et elector imperii: de licentia super esu carnium pro religiosis in sua mensa 10 september 1423 S 170 95.,10403100-12
4,3100,13,,de non promotione ad ordine pro medico suo Johanne Ade de Mobertingen rector parochialis ecclesiae in Herbesleben Maguntinae diocesis magister in artium et medicinae 4 aprilis 1424 S 177 38v.,10403100-13
4,3100,14,,de indulgentia pro parochiali ecclesiae beatae Marie virginis in Ebirstorff Misnensis diocesis 18 maius 1425 S 192 207.,10403100-14
4,3683,0,Githan,,10403683-0
4,3683,1,,parochiali ecclesie beate Marie extra muros opidi Merseburgensis diocesis: indulgentia 3 december 1421 L 222 153.,10403683-1
4,3705,0,Godebusse,,10403705-0
4,3705,1,,hospitali sancti Spiritus opidi Razeburgensis diocesis: de indulgentia 3 ianuarius 1420 S 136 194.,10403705-1
4,3705,2,,hospitali sancti Spiritus opidi Razeburgensis diocesis: hospitali sancti Spiritus et sancti Nicolai ac sanctae Margarethe: de indulgentia 29 ianuarius 1420 S 138 153v.,10403705-2
4,3706,0,Golme,,10403706-0
4,3706,1,,capella beatae Marie virginis in heremo Golme Brandenburgensis diocesis: indulgentia 12 december 1428 L 286 7v.,10403706-1
4,3877,0,Gronhagen,,10403877-0
4,3877,1,,abbati et conventui monasterii sancti Nicolai ordinis Cisterciensium Nuemburgensis diocesis: de indulgentia 8 iulii 1426 S 199 256v.,10403877-1
4,5597,0,Hermannus abbas monasterii beatae Marie Pozauiensis Nuemburgensis diocesis,,10405597-0
4,5597,1,,de indulgentia 15 maius 1419 S 125 79v.,10405597-1
4,5759,0,Hoddendorpe,,10405759-0
4,5759,1,,capella beatae Marie ville H. Halberstadensis diocesis que est unita monasterio monialium in Niendorpe ordinis Cisterciensium : indulgentia 18 octobris 1429 L 285 296v.,10405759-1
4,5813,0,Hugoldus de Slinitz Slynitz miles Misnensis,,10405813-0
4,5813,1,,de indulgentia pro parochiali ecclesia in Luben in suo dominio Misnensis diocesis 15 maius 1419 S 125 80.,10405813-1
4,5813,2,,ante diem 23 iulii 1422 L 237 156v.,10405813-2
4,6189,0,Joachim Moltzan Molsan canonicus Zwerinensis,,10406189-0
4,6189,1,,constitutus nuntius et collector generalis in provincia Bremensis et Rigensis et in diocesis ac civitas Caminensis Verdensis et Sleswicensis et abbati monasterii in Dargun ordinis Cisterciensium Caminensis diocesis debet recipere iuramentum 7 december 1417 V 348 5.,10406189-1
4,6189,2,,mandatum abbati monasterii in Dargun ordinis Cisterciensium Caminensis diocesis recipere iuramentum 10 december 1417 DC 4 16v.,10406189-2
4,6189,3,,"presbiter de militis generalis canonicatus et minor prebenda Zwerinensis: de canonicatus et maior prebenda Zwerinensis vacante per obitum Lamberti Rogentin, non obstante canonicatus et minor prebenda Caminensis et Gustrowensis Caminensis diocesis ac parochialis ecclesia in Baard Zwerinensis diocesis 11 december 1417 S 109 161.",10406189-3
4,6189,4,,dat mutuum 200 florenos camerae apostolicae per Cristianum Coband canonicus Razeburgensis frater ordinis Premonstratensium 13 december 1417 DC 4 11.,10406189-4
4,6189,5,,mandatum citandi magistrum Johannem Molner olim collectorem 20 december 1417 DC 4 18.,10406189-5
4,6189,6,,"de canonicatus et maior prebenda Zwerinensis vacante per obitum Lamberti Roggentin <Roggetin>, non obstante canonicatus et minor prebenda Caminensis et Gustrowensis Caminensis diocesis ac parochialis ecclesia in Baard <Bard> 22 ianuarius 1418 S 108 288v, L 188 141v.",10406189-6
4,6189,7,,"ex utrius de nobilis generis: provisio de canonicatus cum reservatione prebende Lubicensis et Caminensis, non obstante canonicatus et minor prebenda Zwerinensis, Caminensis et Gustrowensis Caminensis diocesis, parochialis ecclesia in Bard Zwerinensis diocesis 26 ianuarius 1418 L 199 291.",10406189-7
4,6189,8,,"de dispensatio super incompatibilitatis cum parochiali ecclesia in Bard Zwerinensis diocesis et de indulgentia pro capella in Keentze sub dictae ecclesiae parochiali in Bard situata cuius rector ipse existit 31 maius 1418 S 112 195v, canonicus Lubicensis: dispensatio super incompatibilitatis L 189 15v.",10406189-8
4,6189,9,,"reformatio dispensationis super incompatibilitatis parochiali ecclesia in Bard Zwerinensis diocesis, canonicatus et minor prebenda Zwerinensis, Caminensis, Gustrowensis Caminensis diocesis obtinenti provisio erat de alio beneficio 18 S 116 50v.",10406189-9
4,6189,10,,mandatum informandi super processu Magni episcopi Caminensis contra Nicolaum Bowerstorp vicarius in ecclesia Gustrowensis Caminensis diocesis 6 augustus 1418 DC 4 187v.,10406189-10
4,6189,11,,mandatum de non molestando Johannem Reymoldi rectorem secundarie vicarie sancti Habundi in cripta ecclesia beatae Marie Hamburgense Bremensis diocesis super annata 8 iunius 1419 DC 5 96v.,10406189-11
4,6189,12,,mandatum informandi super gestis predecessoris sui Johannis Molner archidiaconi Parchimensis 21 augustus 1419 DC 5 161v.,10406189-12
4,6189,13,,mandatum de non molestando Nicolaum Vordis rectorem parochialis ecclesia in Richemberg Zwerinensis diocesis super annata 19 DC 5 67v.,10406189-13
4,6189,14,,"ipse deputat succollectores videlicet in diocesis Lubicensis Razeburgensis et Sleswicensis Johannem Weydeknepel canonicus Lubicensis et demum eo amoto Johannem Wunstorp presbiter Lubicensis, item in diocesis Caminensis Detlevum Suem canonicus Caminensis, in diocesis Bremensis Johannem Werneri cantor ecclesia collegiata beatae Marie Hamburgense Bremensis diocesis post Johannem Rickersen revocatum, nomina misit ad curiam in computis suis per Jacobum Schonenberg 19 L0 2 18v.",10406189-14
4,6189,15,,"de confirmatio archidiaconi Stolpensis in ecclesia Caminensis vacante per obitum Nicolai Roden, non obstante parochialis ecclesia in Bardis cum capella in Kentze, canonicatus Caminensis et Gustrowensis, canonicatus et maior prebenda ecclesia sancti Ottonis Stetinensis, Caminensis, canonicatus et minor prebenda Zwerinensis 6 december 1420 S 149 243v.",10406189-15
4,6189,16,,"archidiaconus Stolpensis in ecclesia Caminensis: de licentia testandi 11 maius 1423 S 167 176, L 233 172v.",10406189-16
4,6189,17,,"de confirmatio parochialis ecclesia in Bardis Zwerinensis diocesis quam acceptatio ad presentationi Wartislai ducis Stetinensis vacante per obitum Radolphi Spitman, non obstante canonicatus et minor prebenda Caminensis, Zwerinensis, Gustrowensis Caminensis diocesis, lite super archidiaconi Stolpensis in ecclesia Caminensis 15 maius 1423 S 165 236v.",10406189-17
4,6189,18,,"de confirmatio gratia, non obstante canonicatus et prebenda ecclesia Gustrowensis Caminensis diocesis, parochialis ecclesia in Bard Zwerinensis diocesis, lite super archidiaconi Stolpensis in ecclesia Caminensis 18 maius 1423 S 167 291, L 233 40.",10406189-18
4,6189,19,,"de canonicatus sine e. prebenda Zwerinensis et Caminensis pro Bernardo Moltzan clerico consanguineo, non obstante quod dictus B. vicariam in parochiali ecclesia in Grubenhaghen Caminensis diocesis obtinet sub data III kalendarum februarius a. I [23] S 167 292.",10406189-19
4,6189,20,,"mandatum procedendi unacum Johanne Molner archidiacono Parchimensis in ecclesia Zwerinensis contra Wedeghen et Degenhardum dicti Buggenhagen fratres nobiles Caminensis diocesis necnon Bulderbere Hennikinum Basseuitze, Bedeke van den Borne, Everhardum Molteke, Swarte Wedeghe Buggenhaghen, Bernardum Buggenhaghen, Arnoldum filius Renwardi, Drake filius Hennyngi Draken, Conradum Wynterueld, Wedeghe Vos, Nicolaum van der Berghe filius Deghenardi, Spegelstorp Sabel Parzisow, Hermannum Bluter iunior, Georgium Grewekow et Nicolaum Wernshaghen laicos Caminensis Zwerinensis et Razeburgensis diocesis qui Conradum Bonow presbiter prothonotarius ad concilium Constantiensis euntem interfecerunt causa prius Johanni Meynesti archidiacono Rosticensis in ecclesia Zwerinensis commissa 2 october 1423 DC 7 108v.",10406189-20
4,6189,21,,mandatum quod satisfaciat Conrado Ryke presbiter Roskildensis diocesis cuius bona arrestaverat in favorem Detlevi Suem succollector instrumentum insertum est 8 februarius 1424 DC 8 93.,10406189-21
4,6189,22,,mandatum quod requirat suos succollectores ad respondendum de cessionibus bonorum nomine camere factis 14 februarius 1424 DC 8 97v.,10406189-22
4,6189,23,,"de confirmatio canonicatus et maior prebenda Caminensis ac archidiaconus Dyminensis in dictae ecclesia vacante per obitum Johannis Lowentkoper vel per resignatione Alberti Kregenberg, non obstante canonicatus et prebenda Caminensis, Zwerinensis, parochialis ecclesia in Bard Zwerinensis diocesis, archidiaconus Stolpensis in ecclesia Caminensis dimissio 21 september 1424 S 178 198.",10406189-23
4,6189,24,,"de uberiori dispensatio super incompatibilitatis, non obstante parochialis ecclesia in Bard Zwerinensis diocesis, archidiaconus Dyminensis in ecclesia Caminensis, canonicatus et maior prebenda Caminensis ac Gostrowensis Caminensis diocesis necnon Zwerinensis minor prebenda 7 augustus 1425 S 189 96.",10406189-24
4,6189,25,,collector in provincia Bremensis: solvere 170 florenos de pecuniis per eum exactis 3 november 1425 IE 383 28v.,10406189-25
4,6189,26,,"rector parochialis ecclesia in Bard Zwerinensis diocesis: de confirmatio canonicatus et prebenda Caminensis ac archidiaconus Dyminensis in ecclesia Caminensis vacante per obitum Johannis Lowentkoper et Alberti Kregenberch scriptus, non obstante minor prebenda in ecclesia Gustrowensis Caminensis diocesis ac Zwerinensis 7 october 1426 S 202 89v.",10406189-26
4,6189,27,,"de provisio si neutri de archidiaconi Dyminensis ac canonicatus et prebenda Caminensis vacante per obitum Alberti Krekenborch <Creyemberg> scriptus et litterarum apostolicarum abbreviator <ac per obitum Johannis Lowentkoper> super quibus litigiosus contra Henricum Berwisch clericus Halberstadensis, non obstante parochialis ecclesia opidi in Bard Zwerinensis diocesis et minor prebenda Zwerinensis ac Gustrowensis Caminensis diocesis 19 februarius 1427 S 208 90, L 268 67v.",10406189-27
4,6189,28,,"de prorogatio licentia retinendi ad aliud decennium parochialis ecclesia in Bard Zwerinensis diocesis cum canonicatus et prebenda ac archidiaconus Dyminensis ecclesia Caminensis vacante per obitum Johannis Lowentkoper super quibus litigiosus contra Henricum Beruorsch, non obstante canonicatus et prebenda Zwerinensis ac in ecclesia Gustrowensis Caminensis diocesis et Caminensis 13 aprilis 1427 S 218 190v.",10406189-28
4,6189,29,,"de prorogatio licentia retinendi ad aliud decennium parochialis ecclesia in Bard Zwerinensis diocesis cum canonicatus et prebenda ac archidiaconus Dyminensis in ecclesia Caminensis vacante per obitum Johannis Lowentkoper super quibus litigiosus contra Henricum Berwisch clericus, non obstante canonicatus et prebenda Zwerinensis et in ecclesia Gustrowensis Caminensis diocesis 9 maius 1427 S 212 151.",10406189-29
4,6189,30,,obligatio super annatas per Hermannum Robiin procurator in curia canonicatus et prebenda ac archidiaconus Diminen. in ecclesia Caminensis 8 ianuarius 29 dictus H. produxit mandatum ratificationis 17 november 1427 A 3 89.,10406189-30
4,6193,0,Jockrim,,10406193-0
4,6193,1,,"capella sanctae Katherine filialis parochialis ecclesiae opidi J. Misnensis diocesis: de indulgentia 9 martius 1427 S 208 215v, L 276 155.",10406193-1
4,6709,0,Johannes Kale opidanus opidi Holmestede Halberstadensis diocesis,,10406709-0
4,6709,1,,de indulgentia pro altare beatae Marie virginis ab ipso dotato in parochiali ecclesia sancti Stephani 20 december 1419 S 138 223.,10406709-1
4,8386,0,Johannes Mentz Menss scobator palatii apostolici,,10408386-0
4,8386,1,,"assignata pecunia 1 aprilis 20 M 1 104v, 19 iulii 1420 M 1 122v.",10408386-1
4,8386,2,,"presbiter Magdeburgensis servitor forrarie: de canonicatus et maior prebenda ecclesiae sancti Nicolai Stendaliensis Halberstadensis diocesis vacante per obitum Johannis de Redekin collector, non obstante vicaria in ecclesia Magdeburgensis 10 ianuarius 1421 S 150 191.",10408386-2
4,8386,3,,"provisio de parochialis ecclesia in Welsleue Magdeburgensis diocesis ac vicaria ad altare sancti Georgii in ecclesia beatae Marie Halberstadensis vacante per obitum Henningi Knust apud curiam, non obstante vicaria in ecclesia Magdeburgensis, lite super canonicatus et prebenda in ecclesia sancti Nicolai Stendaliensis Halberstadensis diocesis 31 iulius 1421 L 210 3, cassatio L 216 265v.",10408386-3
4,8386,4,,obligatio super annatam parochialis ecclesia in Welsleue Magdeburgensis diocesis necnon vicaria ad altare sancti Georgii in ecclesia beatae Marie Halberstadensis vacante per obitum Henninghi Knust 20 october 1421 A 2 54.,10408386-4
4,8386,5,,"de confirmatio vicaria ad altare sanctae Catherine in ecclesia beatae Marie Erfordiensis Maguntinae diocesis vacante per obitum Johannis Wegerdantz, non obstante vicaria in ecclesia Magdeburgensis, in ecclesia beatae Marie virgo Halberstadensis 22 october 1422 S 164 97v.",10408386-5
4,8386,6,,"de surrogatio ad iura quondam Werneri Ingeleue qui litigiosus contra Ernestum Aurifabri clericus super canonicatus et prebenda ecclesiae sancti Pauli Halberstadensis vacante per obitum Angeli Sceper <vacante per obitum Ludolphi Knust>, non obstante vicaria [.] <ecclesia Magdeburgensis et in ecclesia beatae Marie Halberstadensis> 27 october 1422 S 164 185v, L 225 77v.",10408386-6
4,8386,7,,obligatio super annatam canonicatus et maior prebenda ecclesiae sancti Pauli Halberstadensis vacante per obitum Werneri Ingeleue 17 december 1422 A 2 202.,10408386-7
4,8386,8,,"provisio de canonicatus cum reservatione prebende Lubicensis et ecclesia beatae Marie Hamburgensis Bremensis diocesis, non obstante parochialis ecclesia in Welsleue Magdeburgensis diocesis, vicaria in ecclesia beatae Marie Halberstadensis et in ecclesia Magdeburgensis 25 aprilis 1424 L 249 88.",10408386-8
4,8386,9,,"de parochialis ecclesia in Gebese Maguntinae diocesis vacante per resignationem Johannis Wykeman clericus, non obstante parochialis ecclesia in Welsleue dictae diocesis, vicaria in ecclesia Maguntina, lite super vicaria in ecclesia beatae Marie Erfordiensis dictae diocesis, certis protestationibus super canonicatus et maior prebenda ecclesiae sancti Nicolai Magdeburgensis 2 november 1424 S 180 140.",10408386-9
4,8386,10,,de perinde valere dispensatio super incompatibilitas parochialis ecclesia in Welsleue Magdeburgensis diocesis ac parochialis ecclesia in Gebese Maguntinae diocesis 8 november 1424 S 180 55.,10408386-10
4,8386,11,,"reformatio super revalidatione gratia expectativae 28 december 1424 S 182 113, L 250 42.",10408386-11
4,8386,12,,"de confirmatio canonicatus et prebenda Magdeburgensis vacante per obitum Hinrici de Slywen, non obstante vicaria in dictae ecclesia, in ecclesia beatae Marie Halberstadensis, parochialis ecclesia in Welsleue dictae diocesis, lite super vicar in ecclesia beatae Marie Erfordiensis 19 ianuarius 1425 S 181 230v.",10408386-12
4,8386,13,,reformatio surrogatio ad ius Arnoldi Sartoris presbiter Nuemburgensis ad parochialis ecclesia in Lobda Nuemburgensis diocesis super qua litigiosus contra Henricum Czusk et Albertum Stoghusen presbiter 24 aprilis 1425 S 183 37.,10408386-13
4,8386,14,,obligatio super annatam parochialis ecclesia in Lobda Nuemburgensis diocesis vacante per resignationem Arnoldi Sartoris 13 augustus 1425 A 2 87.,10408386-14
4,8386,15,,concessio privilegii familiaritatis 2 october 1425 L 251 111.,10408386-15
4,8386,16,,obligatio super annatam parochialis ecclesia in Gebese Maguntinae diocesis vacante per obitum Henrici Hoppensack 19 februarius 1426 A 2 130v.,10408386-16
4,8386,17,,mandatum induci in canonicatus et maior prebenda Magdeburgensis vacante per obitum Hinrici de Slewen super quibus litigiosus contra Borchardum de Steynbeke presbiter Maguntinensis et Johannem Ritter 5 iulius 1426 L 264 152v.,10408386-17
4,8386,18,,mandatum induci in canonicatus et maior prebenda Magdeburgensis vacante per obitum Henrici de Sliwen super quibus litigiosus contra Burchardum de Steymbeke clericus 5 iulius 1426 L 264 153v.,10408386-18
4,8386,19,,"rector parochialis ecclesia beatae Marie virgo in Lobda Nuemburgensis diocesis: de indulgentia 20 augustus 26 S 201 216v, 3 september 1426 S 201 78v.",10408386-19
4,8386,20,,tabellionatus 5 februarius 1427 L 272 331.,10408386-20
4,8386,21,,"de declaratione quod privilegiis familiaritatis fruatur ab initio assumptionis pape 17 martius 1427 S 208 297, L 276 176v.",10408386-21
4,8386,22,,rector parochialis ecclesia in Welsleue et in Gebeze Magdeburgensis et Maguntinae diocesis: prorogatio annatae 6 maius 1427 DC 11 87.,10408386-22
4,8386,23,,"de perinde valere gratia cuius vigore vicedominatum ecclesia Magdeburgensis assecutus est, non obstante quod parochialis ecclesia in Welsleue assecutus est, provisio de canonicatus et maior prebenda Magdeburgensis ac parochialis ecclesia in Lobda et in Gebeze Nuemburgensis et Maguntinae diocesis ac canonicatus et maior prebenda ecclesiae beatae Marie Hamborg. Bremensis diocesis 16 october 1427 S 217 34.",10408386-23
4,8386,24,,reformatio super vicedominatu ecclesia Magdeburgensis 5 aprilis 1428 S 224 277v.,10408386-24
4,8386,25,,reformatio super restitutione ad gratia expectativae 27 ianuarius 1429 S 232 145.,10408386-25
4,8386,26,,"de parochialis ecclesia in Gaubatz alias Crut Pataviensis diocesis vacatio per assecutus canonicatus et sacerdotalis prebenda Coloniensis prebenda Hermannum Widelerse clericus, non obstante parochialis ecclesia in Lobda Nuemburgensis diocesis, lite super canonicatus et prebenda Magdeburgensis ac parochialis ecclesia in Gebeze Maguntinae diocesis, provisio de canonicatus et prebenda ecclesiae beatae Marie Hamburgensis et de dispensatio super retinendo 29 october 1429 S 246 52v, cassatio quia de anno XII S 254 98.",10408386-26
4,8386,27,,"canonicus Magdeburgensis: de confirmatio canonicatus et prebenda ac custodie Nuemburgensis vacante per obitum Thome Loem familiaris, non obstante ut prius 7 ianuarius 1430 S 251 128v.",10408386-27
4,8386,28,,de prorogatio super canonicatus et maior prebenda ac custodia Nuemburgensis 12 iulius 1430 S 259 90.,10408386-28
4,8386,29,,obligatio super annatam canonicatus et maior prebenda ac custodie Nuemburgensis 19 februarius 1431 A 5 81v.,10408386-29
4,10237,0,Lobda,,10410237-0
4,10237,1,,parochiali ecclesie Nuemburgensis diocesis: indulgentia 3 ianuarii 1427 L 269 306v.,10410237-1
4,10238,0,Lobenow,,10410238-0
4,10238,1,,"parochiali ecclesie beate Marie et sancti Nicolai Misnensis diocesis: de indulgentia 21 februarii 1429 S 237 118v, L 286 269v.",10410238-1
4,10240,0,Lockow <Luckow>,,10410240-0
4,10240,1,,"parochialis ecclesia sancti Nicolai et Paulini Misnensis diocesis: de indulgentia 21 februarius 1429 S 237 118, L 286 270.",10410240-1
4,10537,0,Mariendal,,10410537-0
4,10537,1,,monasterio Marie virginis et Birgitte Revaliensis diocesis ac monasterio in Mariewold Razeburgensis diocesis: de indulgentia 7 aprilis 1418 S 110 197v.,10410537-1
4,10537,2,,monasterio Marie virginis et Birgitte Revaliensis diocesis ac monasterio in Mariewold Razeburgensis diocesis: monasteria Razeburgensis diocesis ordo sancti Augustini: de conservatoria ad quinquennium 11 september 1419 S 130 293v.,10410537-2
4,10537,3,,monasterio Marie virginis et Birgitte Revaliensis diocesis ac monasterio in Mariewold Razeburgensis diocesis: monasteria Revaliensis diocesis ordo sancti Augustini: de conservatoria ad quinquennium 11 september 1419 S 130 293v.,10410537-3
4,10537,4,,monasterio Marie virginis et Birgitte Revaliensis diocesis ac monasterio in Mariewold Razeburgensis diocesis: et Ma- rienwalde ac Mariencrone monasteria ordo sancti Augustini sancti Salvatoris nuncupatus sub regula sanctae Brigitte Revaliensis Razeburgensis et Zwerinensis ac monasteria Lincopensis et Ottoniensis diocesis: revocatio de novo indulgentia 27 september 1425 V 358 148v.,10410537-4
4,11033,0,Mitteweydis,,10411033-0
4,11033,1,,parochialis ecclesia opidi Misnensis diocesis: indulgentia 3 december 1421 L 222 160v.,10411033-1
4,11069,0,Nemptzin,,10411069-0
4,11069,1,,"monasterium monialium throni sanctae Marie nuncupatum ordinis Cisterciensium Merseburgensis diocesis: de indulgentia 24 maii 1421 S 152 187v, L 212 260v.",10411069-1
4,11069,2,,monasterium monialium throni sanctae Marie nuncupatum ordinis Cisterciensium Merseburgensis diocesis: abbatissa et capitulum: de confirmatione incorporationis parochialis ecclesiae in Grymis facte per Ghebehardum episcopo Merseburgensis et in Hofiken facte per Johannem episcopo Misnensis 4 iunii 1421 S 153 255v.,10411069-2
4,11967,0,Norchow,,10411967-0
4,11967,1,,filialis ecclesia sancti Martini opidi N. capella beatae Katherine in Canewitz nuncupatae Misnensis diocesis: de indulgentia 24 maius 1421 S 152 187v.,10411967-1
4,12022,0,Ortrand,,10412022-0
4,12022,1,,capella beatae Marie e. opidi Misnensis diocesis: indulgentia 13 maius 1429 L 286 246.,10412022-1
4,13431,0,Stendal,,10413431-0
4,13431,1,,decanatus ecclesiae sancti Nicolai Halberstadensis diocesis: de indulgentia 2 augusti 1418 S 116 122.,10413431-1
4,13431,2,,decanatus ecclesiae sancti Nicolai Halberstadensis diocesis: de licentia corrigendi et puniendi personas ecclesiae 2 augusti 1418 S 116 122.,10413431-2
4,13431,3,,decanatus ecclesiae sancti Nicolai Halberstadensis diocesis: de indulgentia 29 novembris 1424 S 182 54.,10413431-3
4,13431,4,,"decanatus ecclesiae sancti Nicolai Halberstadensis diocesis: de licentia erigendi succentoriam ex una vicariae 14 decembris 1429 S 249 186v, L 295 232.",10413431-4
4,13431,5,,decanatus ecclesiae sancti Nicolai Halberstadensis diocesis: restitutio bulle supradictae 20 februarii 1430 A 4 274.,10413431-5
4,14862,0,Wilhelmus lantgravius Thuringie et marchio Misnensis,,10414862-0
4,14862,1,,"de confessione, interdicto, esu carnium, conservatoria pro preposito, decano et canonici ecclesiae in castro Aldenburg ordinis sancti Georgii Merseburgensis diocesis, indulgentia pro dictae ecclesiae 29 aprilis 1420 S 141 225v.",10414862-1
4,14862,2,,confessio 6 octobris 1421 L 237 230.,10414862-2
4,14862,3,,"de non evocando pro se, pro consiliarios et familiares, pro monasterio et locis regularibus; confirmatio incorporationis pro monasterii; de non promotione ad ordine pro familiares; remissio plenaria; licentia eligendi confessionalis, altare portatile, interdictum, remissio plenaria pro familiares; licentia ingredi in monasterium cum matronis pro se et uxore sua 16 iunii 1423 S 168 234v.",10414862-3
4,14862,4,,"de indulgentia pro collegiatae ecclesiae sancti Georgii in castro Aldenburg Nuemburgensis diocesis, facultas absolutionis in casibus reservationis pro preposito, esu carnium pro abbati et conventui ordinis sancti Benedicti et C. in hospitio dicti marchionis, conservatoria pro supradictae ecclesiae, iure conferendi canonicatus et prebenda in ecclesia Nuemburgensis et in collegiatae ecclesiae Citzenau dictae diocesis, quod prepositura collegiatae ecclesiae in Aldenburg sit dignitas electiva 8 iulii 1423 S 169 97v.",10414862-4
4,14862,5,,interdictum 19 augusti 1423 L 236 297v.,10414862-5
4,14862,6,,remissio plenaria 19 augusti 1423 L 236 304v.,10414862-6
4,14862,7,,de reformatione monasterii in Gosk ordinis sancti Benedicti Halberstadensis diocesis cuius abbas Fridericus Ebirsperg bona dilapidavit 5 septembris 1423 S 170 62v.,10414862-7
4,14862,8,,de licentia facere celebrare in locis interdictis; de esu carnium pro monachis ordinis Cisterciensium ad mensam suam venientibus; de indulgentia pro ecclesiae collegiatae in Aldenburg Merseburgensis ! diocesis; de confirmatio indulgentia et cetera concessarum per Bonifatium IX pro ecclesiae collegiatae beatae Marie in castro Aldenburg Nuemburgensis ! diocesis 30 decembris 1424 S 182 191.,10414862-8
4,14862,9,,de esu carnium pro monachis ordinis Cisterciensium ad mensam dicti marchionis venientibus 5 februarii 1425 S 191 279v.,10414862-9
4,14862,10,,de indulgentia pro parochiali ecclesiae beatae Marie virginis in Ebirstorff Misnensis diocesis 4 maii 1425 S 185 206.,10414862-10
4,14897,0,Wilsnalk,,10414897-0
4,14897,1,,hospitali sancti Spiritus ac capella dictae hospitalis Havelbergensis diocesis: de indulgentia 14 augusti 1426 S 201 248.,10414897-1
4,14897,2,,hospitali sancti Spiritus ac capella dictae hospitalis Havelbergensis diocesis: rector hospitalis sancti Spiritus ac capelle dictae hospitalis extra septa opidi: de indulgentia occursus et confluxus ad dictum hospitale ob gratiam quam dominus noster Jesus Christus per sanguinem sacrosanctum miraculose in dicto opido mirabiliter operatur 3 septembris 1426 S 201 78v.,10414897-2
4,15028,0,Czegenhayn,,10415028-0
4,15028,1,,"capella beatae Marie Nuemburgensis diocesis: de indulgentia 25 iulii 1425 S 189 59v, L 250 263v.",10415028-1
5,678,0,Beygendorpe Razeburgensis diocesis,,10500678-0
5,678,1,,parochialis ecclesia in B.: de indulgentia 12. september 1437 S 340 149r.,10500678-1
5,885,0,Brunswic Brunswicensium Halberstadensium et Hildesemensium diocesium,,10500885-0
5,885,1,,abbas et monasterium sancti Egidii B. ordo sancti Benedicti Halberstadensis diocesis: de conservando 30. iunii 1435 S 307 228vs.,10500885-1
5,885,2,,parochialis ecclesia sancti Andree B. Hildesemensis diocesis Ludolpho Quirre archidiaconus in Stockem in ecclesia Hildesemensis et rector dictae parochialis ecclesiae supplicatio : de indulgentia 30. iunii 1435 S 309 203r.,10500885-2
5,885,3,,"decanus, capitulum et singuli canonici collegiatae ecclesiae sancti Blasii B. unius de notabilioribus collegiatarum ecclesiarum Saxonie Ottone, Wilhelmo et Hinrico Brunswicensium et Luneborgen. ducibus, patronatus etiam supplicatio : de incorporatione parochialis ecclesiae in Woden Weden Hildesemensis diocesis 4 marcarum argenti fabrice dictae ecclesiae sancti Blasii 2 marcarum argenti 13. octobris 1438 S 350 168vs.",10500885-3
5,885,4,,"proconsules, consules et universitas opidi B. Hildesemensis et Halberstadensis diocesium: de conservando privilegium de non evocando eis a Sigismundo Romanorum Imperatoris concessio et a Martino V. confirmatio 26. iunii 1436 S 323 235vs, executio: abbas monasterii sancti Petri et Pauli in Regaliluttere Halberstadensis diocesis et decanus ecclesie sancti Symonis et Jude Goslariensis Hildesemensis diocesis ac ecclesia sancti Alexandri Embecen. Maguntinae diocesis L 342 298vss.",10500885-4
5,981,0,Kentze Zwerinensis diocesis,,10500981-0
5,981,1,,"ecclesia sive capella beatae Marie in K. infra limina parochialis ecclesiae opidi Bardis dictae diocesis reparatione indigens, cui Martinus V. indulgere concessit: de uberiori indulgentia 24. octobris 1439 S 363 211rs.",10500981-1
5,1482,0,Delsch Magdeburgensis diocesis,,10501482-0
5,1482,1,,"parochialis ecclesia sancti Petri et Pauli opidi D., in qua incole dicto opido certa divina officia celebrandi facultas Frederico duce Saxonie supplicatio : indulgentia et facultas audiendi confessionum pro rectori dictae ecclesie 5. februarii 1447 V 365 477rs.",10501482-1
5,1601,0,Eberstorff Ebirstorf Misnensis diocesis,,10501601-0
5,1601,1,,"parochialis ecclesia beatae Marie in E., ad quam propter plurima miracula ibi operata multitudo confluit et que a principibus et nobiles et habitatoribus partium illarum manu forti ab hereticis regni Bohemie vicini defenditur Frederico duce Saxonie et marchione Misnensis ac electore Sacrum Romanum Imperii supplicatio : de indulgentia 23. martius 1435 S 303 189r.",10501601-1
5,1601,2,,"parochialis ecclesia beatae Marie in E., ad quam propter plurima miracula ibi operata multitudo confluit et que a principibus et nobiles et habitatoribus partium illarum manu forti ab hereticis regni Bohemie vicini defenditur Frederico duce Saxonie et marchione Misnensis ac electore Sacrum Romanum Imperii supplicatio : ad quam propter plurima miracula ingens multitudo etiam Bohemorum noviter ad fidem reductorum confluit F[rederico] duce Saxonie et marchione Misnensis ac C[atherina] eius matre ducissa Saxonie necnon rectore parochialis ecclesiae in E. supplicatio : de indulgentia et de licentia quod ipse rector secularis presbiterum pro audiendis confessionum delegare possit 21. februarius 1437 S 332 114rs, L 347 29v.",10501601-2
5,1954,0,"Fredericus dux Saxonie et marchio Misnensis, lantgravius Thuringie et Sigismundus dux Saxonie et marchio modernus Misnensis ac capitulum collegiatae ecclesiae sancti Georgii in castro Aldenburg Nuemburgensis diocesis, cuius mense capitulo 200 marcarum argenti puri olim quondam Wilhelmus marchio Misnensis predium nonnullorum mansorum in Aldenburg ac allodia cum pertinentiis et parochiales ecclesias in Elsterberg, Kale, Ffroberg, Koryn, Gotznitz, Borgwerbin, Lugkaw, Hinna, Czeegerucke et Luben Maguntinensis, Halberstadensis et Nuemburgensis diocesis insimul 60 marcarum argenti puri , quarum ius patronatus ad dicto marchionem pertinebat, donavit, incorporatio a Johanne XXIII. et Nicolao [de Lubich] episcopo Merseburgensis approbata",,10501954-0
5,1954,1,,de confirmatione data incorporationis 26. aprilis 1432 S 276 153rs.,10501954-1
5,1954,2,,"et Sigismundus, duces Saxonie: de licentia eligendi confessorem, altare portatile, ante diem, de locis interdictum etiam pro uxorem et familiares 26. aprilis 32 S 276 153vs, de remissio plenaria etiam pro uxorem 26. aprilis 1432 S 276 154r.",10501954-2
5,1954,3,,"dux Saxonie et elector Sacrum Romanum Imperii, qui nuper oratores ad papam destinavit: breve quo mittit copiam revocationis translationis concilii Basileensis ad civitatem Bononiensium et ei commendat sicut et aliis electoribus protectionem concilii Basilee continuandi hortaturque quod eo quantocitius iret; monet eum ne ante adventum legatorum pape ibi nihil nisi de reductione Bohemorum tractaretur; operetur ipse dux apud alios electores ut Rabanus [de Helmstadt] archiepiscopatum Treverensem assequeretur similia brevia ad Conradum [de Daun] archiepiscopo Maguntinensi, Theodericum [de Moers] archiepiscopo Coloniensi, Fredericum [I.] marchionem Brandenburgensem, Ludovicum comitem Palatinum Reni electores Sacrum Romanum Imperii [= RTA X per 666s non 391] 21. februarius 1433 V 370 127vs.",10501954-3
5,1954,4,,"et Margareta uxor: altare portatile 21. iunii 33 L 321 281v, licentia eligendi confessorem 24. iunii 33 L 321 287v, locis interdictum 24. iunii 33 L 321 284v, ante diem 24. iunii 1433 L 321 277r.",10501954-4
5,1954,5,,"et Sigismundus ac Otto fratres germani Saxonie duces et marchiones Misnenses omnes lantgravii Thuringie, qui occasione heresis Bohemorum gravia dampna sustulerunt: de indulgentia pro ecclesie Misnensis ab eorum progenitoribus fundatione concessione de 7 annis in 2 festivitatibus perpetuo 20. december 1435 S 316 262v.",10501954-5
5,1954,6,,"iidem: de licentia divina officia celebrare in ecclesie Misnensis tempore interdicti pro ipsis et familiares 20. december 1435 S 316 262vs, fragmentum, cassatio sine data S 311 298v.",10501954-6
5,2286,0,Gerlitz Gorlicz Misnensis diocesis,,10502286-0
5,2286,1,,"incole opidi G., in cuius suburbio et aliis edificiis notabilibus prope muros s.d. 25. septembris 30 heretici ignem imposuerunt, ex quo miraculose liberati sunt: de indulgentia pro parochiali ecclesie sancti Petri domini opidi in festo commemorationis huius liberationis 19. octobris 1433 S 289 254rs.",10502286-1
5,2286,2,,"magistercivium, consules iurati et scabini domini opidi: de mortis articulo 19. octobris 1433 S 289 254v.",10502286-2
5,2286,3,,"magistercivium, consules iurati et scabini domini opidi: magistercivium, consules iurati, scabini et communitas domini opidi quod de regno Bohemie existit, qui propter incursiones Hussitarum qui etiam suburbia concremaverunt tanta onera supportare habent, quod census hactenus creditoribus debiti solvi nequeant: de cassatione litium dominorum creditorum et de absolutione a non soluto debito et de remissione a solutione durante persecutione hereticorum committitur [Nicolao de Albergatis] cardinali s. Crucis qui faciat prout sibi videbitur 4. februarii 1434 S 293 39rss.",10502286-3
5,2286,4,,parochialis ecclesia sancti Nicolai et Katherine et b. Marie necnon capella in hospitali s. Spiritus et s. Jacobi extra muros d. opidi: de indulgentia 19. octobris 1433 S 289 254v.,10502286-4
5,2472,0,Guwin Misnensis diocesis,,10502472-0
5,2472,1,,"ecclesie monasterium monialium sancti Mauritii prope muros opidi G. ordo Cisterciensium et parochialis ecclesia beatae Marie dictae opidi, per Hussitas concremate: de indulgentia 7. novembris 1435 S 315 15v.",10502472-1
5,3472,0,Hestede Halberstadensis diocesis,,10503472-0
5,3472,1,,"parochialis ecclesia sancti Jacobi opidi H. ob vetustatem ruinosa: de indulgentia 23. maius 1444 S 397 23r, de uberiori indulgentia sineperdatum S 397 51r.",10503472-1
5,6313,0,Liptzen. Merseburgensis diocesis,,10506313-0
5,6313,1,,"rectores et universitas studii L. in Alamania: mittitur eis decretum translationis concilii ecumenici de civitate Basileensis ad civitatem Ferrariensem mandaturque eis, ut quantocius poterint aliquos insignes doctores eo mittant 23. september 1437 V 367 107r.",10506313-1
5,6313,2,,ecclesie domus opidi L. ordo frater minorum Catharina ex ducibus Brunswicenzi genita ducissa Saxsonie marchionissa Misne et lantgravia Thuringie vidua supplicatio : de indulgentia ad 7 annis pro omnibus ante crucifixum ibi orantibus concessio de 5 annis 2. iulius 1438 S 349 95r.,10506313-2
5,6319,0,"Livinus Notze clericus Misnensis diocesis, familiaris Francisci [Condulmari] tituli sancti Clementis presbiter cardinalis, vicecancellarii, perpetuus altarista ad altare Corporis Christi in parochiali ecclesia opidi Osschacz Misnensis diocesis",,10506319-0
5,6319,1,,de indulgentia pro dictae ecclesie 30. ianuarius 1443 S 388 93r.,10506319-1
5,6319,2,,"familiaris dicti vicecancellarii ac apostolicae sedis legati [.]: de licentia eligere confessorem 6. iulius 1443 S 391 221r, L 402 277r.",10506319-2
5,6338,0,Luben Misnensis diocesis,,10506338-0
5,6338,1,,"parochialis ecclesia in L. per Bohemos hereticos igni destructa: de indulgentia 20. iulius 1434 S 297 55v, L 325 114r.",10506338-1
5,6853,0,Misnensis,,10506853-0
5,6853,1,,"vicarii et beneficiati ecclesie M. quibus quondam Nicolaus [Ziegenbock] episcopus Misnensis concesse ut sicut canonicis prebendatis dictis ecclesie mediam partem reddituum in testamento delegare valere: de confirmatione 19. septembris 1431 S 271 31vs, executione: abbati monasterii Veteriscelle ac monasterii in Dobirlog ordine Cisterciensium Misnensis diocesis L 304 270rs.",10506853-1
5,6853,2,,"vicarii et beneficiati ecclesie M. quibus quondam Nicolaus [Ziegenbock] episcopus Misnensis concesse ut sicut canonicis prebendatis dictis ecclesie mediam partem reddituum in testamento delegare valere: Johannes [Hofemann] episcopus, prepositus, decanus et canonici ecclesie M., cuius mensa episcopalis ut arma moverent contra Hussitas magna debita contrahebat inter alia pro redempcione castri Liebendael Liebentael mutuum 2000 florenos ab abbati et conventu monasterii Celle sanctae Marie ordine Cisterciensium dicti diocesis : de mandato ad prelatum ut venditionem pro 4200 florenos castri Nossinn prope dicti monasterii 100 florenos dicti monasterii approbatione concessione si in evidentem [usum], prestita caucione sive securitate sufficienti de precio in utilitatem mense convertendo 9. ianuarii 1432 S 273 241rs.",10506853-2
5,6853,3,,"vicarii et beneficiati ecclesie M. quibus quondam Nicolaus [Ziegenbock] episcopus Misnensis concesse ut sicut canonicis prebendatis dictis ecclesie mediam partem reddituum in testamento delegare valere: ecclesia Misnensis <reparatione indigens>, ab hereticis Bohemie oppressa Frederico, Sigismundo et Otthone germanis Saxonie ducibus ac marchionibus Misnensis et cetera supplicatio : de indulgentia ad 7 annis 1. iunii 35 S 311 298vs, de reformatione 31. decembris 1435 S 316 276vs.",10506853-3
5,6853,4,,"vicarii et beneficiati ecclesie M. quibus quondam Nicolaus [Ziegenbock] episcopus Misnensis concesse ut sicut canonicis prebendatis dictis ecclesie mediam partem reddituum in testamento delegare valere: que in guerris contra hereticos Bohemos gravia damna perpessa est Frederico, Sigismundo et Ottone fratribus germanis ducibus Saxonie marchionibus Misnensis supplicatio, quorum progenitores dicti ecclesiam fundaverunt et dotaverunt: de indulgentia plenaria ad 5 annis quocumque tempore concessio de 7 annis in 2 festivitatibus 15. maii 36 S 322 70v, de reformatione concessio de 100 diebus in octavis 15. maii 36 S 322 70vs, de reformatione concessio de alia festivitate 15. maii 1436 S 322 71r.",10506853-4
5,6853,5,,vicarii et beneficiati ecclesie M. quibus quondam Nicolaus [Ziegenbock] episcopus Misnensis concesse ut sicut canonicis prebendatis dictis ecclesie mediam partem reddituum in testamento delegare valere: de tempore interdicti 15. maii 1436 S 322 70v.,10506853-5
5,6853,6,,capella beatae Marie in Rosis noviter erecta in Antiqua Civitate M.: de indulgentia 26. augusti 1441 S 376 3vs.,10506853-6
5,7372,0,Nuemburgensis Nuemburgensis,,10507372-0
5,7372,1,,"decanus, capitulum et singuli canonici ecclesie N., cuius ecclesie scolastrie ex eo quod onera eidem scolastriae incumbentia ex eius fructuum supportari nequirent, post resignatione Johannis Stoube Stoybe papa univit canonicatus et maiorem prebendam dicte ecclesie 12 marcarum argenti puri et de eis provisionem Henrico Stoube Stoybe de Goch, rector parochialis ecclesie in Gorsim Gersun Leodiensis diocesis; executor autem dictae littere unionis Johannes Radulphi Rudolphi de Clivis prepositus ecclesie sancti Justi et Clementis Bebracensis Maguntinae diocesis minus legitime processit, a quo processu ipsi decanus, capitulum et singuli canonici appellaverunt: de revocatione dicte unionis ex eo quod dicte scolastriae nulla onera incumberent et quia ex antiquis statutis dicte ecclesie non canonicus et prebenda prebenda scolastici sed scolastria per canonicis prebendatis regi consueverint et quia iam 3 prebende dicte ecclesie incorporate essent 2 doctoribus in studio Lipczen. Merseburgensis diocesis legentibus et 1 fabrice dicte ecclesie concessio si ex falsis causis 4. octobris 1435 S 312 223vs.",10507372-1
5,7372,2,,"decanus, capitulum et singuli canonici ecclesie N., cuius ecclesie scolastrie ex eo quod onera eidem scolastriae incumbentia ex eius fructuum supportari nequirent, post resignatione Johannis Stoube Stoybe papa univit canonicatus et maiorem prebendam dicte ecclesie 12 marcarum argenti puri et de eis provisionem Henrico Stoube Stoybe de Goch, rector parochialis ecclesie in Gorsim Gersun Leodiensis diocesis; executor autem dictae littere unionis Johannes Radulphi Rudolphi de Clivis prepositus ecclesie sancti Justi et Clementis Bebracensis Maguntinae diocesis minus legitime processit, a quo processu ipsi decanus, capitulum et singuli canonici appellaverunt: decanus, capitulum et singuli canonici ecclesie N., cui papa concessio revocationis cuiusdam unionis canonicatus et maioris prebende dicte ecclesie scolastriae dicte ecclesie insimul 12 marcarum argenti puri <per litteris Johannis Radulphi de Clivis prepositi ecclesie sancti Justi et Clementis Bebracensis Maguntinae diocesis> ad petitionem Henrici Stoube de Goch <rector parochialis ecclesie in Gorsim Leodiensis diocesis, cui post resignatione Johannis Stoube de dicte scolastriae ecclesie Nuemburgensis provisio fuit>: de reformatione dicte revocationis cum extensio signature 'concessio si ex falsis causis' in 'concessio si et inquantum ex falsis vel minus iustis causis processerit et in preiudicium ecclesie et alienationem collationis decanorum, capituli et singulorum canonici predictorum' 25. octobris 1435 S 314 241vs, executor: abbas monasterii sancti Georgii extra muros Nuemburgensis L 329 21vss.",10507372-2
5,7372,3,,"magistricivium, consules et cives civitatis N., qui ex devotione quandam capellam beatae Marie in parochiali ecclesia sancti Venzeslai Nuemburgensis in qua duobus diebus septimane in magno numero ad audiendum missam conveniunt ex licentia ordinaria erigerunt et dotaverunt copiose: de locis interdictum concessio de omnibus in forma 26. octobris 1432 S 280 236r.",10507372-3
5,7372,4,,"magistricivium, consules et cives civitatis N., qui ex devotione quandam capellam beatae Marie in parochiali ecclesia sancti Venzeslai Nuemburgensis in qua duobus diebus septimane in magno numero ad audiendum missam conveniunt ex licentia ordinaria erigerunt et dotaverunt copiose: parochialis ecclesia sancti Wentzeslai N. que plus quam 4000 communicantium habet: de indulgentia 10. septembris 1440 S 367 130v.",10507372-4
5,7397,0,Osnaburgensis,,10507397-0
5,7397,1,,"decanus, capitulum et singuli canonici ecclesie O., quibus olim unio utriusque vicariatus ad altare sanctae Crucis sub organis <videlicet vicaria ad altare sanctae Crucis sub organis veteribus dictae ecclesie 4 marcae argenti et officium ministerii organorum 4 marcae argenti > ad usum officio organorum in dictae ecclesie <de consensu Johannis [de Diepholz] episcopi Osnaburgensis et Henrici Droghe I decani ecclesie sancti Johannis O. de manu Juliani [de Cesarinis] sancti Angeli diaconi cardinalis legati> concessio erat: de confirmatione 10. novembris 32 S 281 233r, de confirmatione et de collatione ad dicto novum beneficium pro ipsis decano, capitulo et singulis canonici ut persone habili in arte musicali ac ministerio ludi organici conferatur 1. maius 33 S 291 294r–295v, de eodem et de confirmatione Alberti Suho presbiter Osnaburgensis rector officii organorum in possessione etiam dicti altaris 4 marcae argenti puri vacante per obitum Hermanni Wictekrevet Wittekienet et de licentia dicti officii in posterum alicui in arte musicali ac ministerio ludi organici experto conferre 21. maius 1434 S 297 74vs.",10507397-1
5,7397,2,,"decanus, capitulum et singuli canonici ecclesie O., quibus olim unio utriusque vicariatus ad altare sanctae Crucis sub organis <videlicet vicaria ad altare sanctae Crucis sub organis veteribus dictae ecclesie 4 marcae argenti et officium ministerii organorum 4 marcae argenti > ad usum officio organorum in dictae ecclesie <de consensu Johannis [de Diepholz] episcopi Osnaburgensis et Henrici Droghe I decani ecclesie sancti Johannis O. de manu Juliani [de Cesarinis] sancti Angeli diaconi cardinalis legati> concessio erat: qui univerant altare sanctae Crucis sub organis veteribus dictae ecclesie et officium ministerii organorum ut in dictae ecclesie organista in arte organi pulsandi peritiam habens perpetuo sit, que unio a Johanne [de Diepholz] episcopi Osnaburgensis et papa confirmata est: de declaratione quod provisio de dicti altaris et officii ipsis decano, capitulo et singulis canonici reservatio sit concessio quod non cadat sub expectativa 31. martius 1435 S 303 299rs.",10507397-2
5,7397,3,,"decanus, capitulum et singuli canonici ecclesie O., quibus olim unio utriusque vicariatus ad altare sanctae Crucis sub organis <videlicet vicaria ad altare sanctae Crucis sub organis veteribus dictae ecclesie 4 marcae argenti et officium ministerii organorum 4 marcae argenti > ad usum officio organorum in dictae ecclesie <de consensu Johannis [de Diepholz] episcopi Osnaburgensis et Henrici Droghe I decani ecclesie sancti Johannis O. de manu Juliani [de Cesarinis] sancti Angeli diaconi cardinalis legati> concessio erat: qui univerant altare beatae Marie ac sancti Ursule et Marie Magdalene et officium succentorie in dictae ecclesie O., ut in dictae ecclesie succentor in arte cantandi peritiam habens sit perpetuo, que unio a Johanne [de Diepholz] episcopi Osnaburgensis et papa confirmata est: de declaratione quod provisio de dicti altaris et succentoria ipsis decano, capitulo et singulis canonici reservatio sit concessio quod non cadat sub expectativa 31. martius 1435 S 303 299vs.",10507397-3
5,7397,4,,"decanus, capitulum et singuli canonici ecclesie O., quibus olim unio utriusque vicariatus ad altare sanctae Crucis sub organis <videlicet vicaria ad altare sanctae Crucis sub organis veteribus dictae ecclesie 4 marcae argenti et officium ministerii organorum 4 marcae argenti > ad usum officio organorum in dictae ecclesie <de consensu Johannis [de Diepholz] episcopi Osnaburgensis et Henrici Droghe I decani ecclesie sancti Johannis O. de manu Juliani [de Cesarinis] sancti Angeli diaconi cardinalis legati> concessio erat: decanus Osnaburgensis: lectio bulle maius 1435 T 4 98r.",10507397-4
5,7397,5,,"decanus, capitulum et singuli canonici ecclesie O., quibus olim unio utriusque vicariatus ad altare sanctae Crucis sub organis <videlicet vicaria ad altare sanctae Crucis sub organis veteribus dictae ecclesie 4 marcae argenti et officium ministerii organorum 4 marcae argenti > ad usum officio organorum in dictae ecclesie <de consensu Johannis [de Diepholz] episcopi Osnaburgensis et Henrici Droghe I decani ecclesie sancti Johannis O. de manu Juliani [de Cesarinis] sancti Angeli diaconi cardinalis legati> concessio erat: qui considerantes quod fructus primi altaris dictae ecclesie 4 marcae a. puri, qui in oblationibus fidelium consistunt et ex quibus olim rector dicti altaris et 2 capellani sustentari valebant et etiam pensio annua tam in pecunia quam in luminaribus ipsis decano, capitulo et singulis canonici soluta erat nimium diminuti sint propter levitatem monete partium illarum et alias causas dictae altaris 2 beneficia sine cura ad eorum collationi spectantia proximo vacaturus incorporaverunt, que incorporatio auctoritate ordinaria confirmatio est: de confirmatione et de declaratione quod nullus beneficium in dictae ecclesie accipere valere quousque dicta unio perficeretur concessio de confirmatione 8. decembris 1435 S 316 212rs.",10507397-5
5,7397,6,,"Gerlacus prior et frater domus ordinis predicatorum in O., cuius ecclesia <sancti Dominici pluries> igne dampnificata est: de indulgentia ad instar ecclesie sancti Marci de Venetiis <et capella beatae Marie Heremitarum in Eynsideln Constantiensis diocesis ac capella sanctae Crucis in Wilsnako Havelbergensis diocesis in Alamania> 6. iulius 32 S 278 112vs, 12. iulius 1432 S 278 191rs, L 317 190r.",10507397-6
5,8363,0,Syon Zwerinensis diocesis,,10508363-0
5,8363,1,,"monasterium ad Coronam Marie, sanctae Brigitte sancti Salvatoris nuncupatum de S. ordinis sancti Augustini solempniter constructum: de indulgentia 6. iunii 1442 S 385 92v.",10508363-1
5,8363,2,,"monasterium ad Coronam Marie, sanctae Brigitte sancti Salvatoris nuncupatum de S. ordinis sancti Augustini solempniter constructum: de uberioribus indulgentia 11. iulii 1442 S 384 47vs, L 387 246vs.",10508363-2
5,8486,0,Sunden. Zwerinensis diocesis,,10508486-0
5,8486,1,,"ecclesia beatae Marie in opido S., ad quam multitudo christianorum confluit et que propter solemnitatem constructionis non modicum indebitata est, campanili nondum completo: de indulgentia 28. aprilis 42 S 382 51v, de uberioribus indulgentia quia pauper est et magna indiget reformatione 11. iulius 1442 S 384 47v, L 387 246rs.",10508486-1
5,8486,2,,parochialis ecclesia sancti Nicolai in opido S.: de indulgentia 26. maius 1445 S 405 283v.,10508486-2
5,8513,0,Tanghermundis Halberstadensis diocesis,,10508513-0
5,8513,1,,"Friderico [II.] iuveni marchione Brandenburgensis et burggravio Norenbergensis <Friderici [I.] marchionis Brandenburgensis filio> supplicatio : de licentia erigendi monasterii ordinis predicatorum <ad laudem beatae Marie> in Civitate Nova extra muros opidi Tangermundensis <in loco a dicto Friderico iuniore donato> cum consensu provincialis et fratrum provinciae Saxonie dicti ordinarii et proconsulum et cetera 18. novembris 1438 S 352 89rs, L 359 71rs.",10508513-1
5,8513,2,,Friderico [II.] iuveni marchione Brandenburgensis et burggravio Norenbergensis <Friderici [I.] marchionis Brandenburgensis filio> supplicatio : prior et conventus domus ordinis predicatorum in loco qui dicebatur Rosengarde nunc Nova Civitas extra muros opidi T. noviter erecte: de indulgentia pro ecclesie dictae domus ad 7 annos et de locis interdictorum concessio de 4 annos 2. iulii 1440 S 366 273r.,10508513-2
5,8895,0,"Torm Torme, Torine Nuemburgensis diocesis",,10508895-0
5,8895,1,,"parochialis ecclesia beatae Marie ville dicte T. a Hussitis graviter dampnificata: de indulgentia 19. iulii 32 S 285 237vs, 25. iulii 32 S 278 257r, 26. augusti 32 S 279 161r, de reformatione 13. septembris 1432 S 279 291v, L 317 307rs.",10508895-1
5,9465,0,Wilsnacensis Wilczenach Havelbergensis diocesis,,10509465-0
5,9465,1,,"locus W. sub dominio Frederici II. marchionis Brandenburgensis supplicatio , in cuius parochialis ecclesia ante 60 annos totaliter combusta 3 hostie consecrate reperte sunt transformate sanguine resperso, ad quas hostias magnus numerus peregrinorum inter quos Carolus IV. Romanorum Imperator, reges Francie, Anglie et Bohemie et alii principes confluxit sicut et confluit, quod miraculum et archiepiscopus Magdeburgensis metropolitanus et episcopus Havelbergensis cum multis aliis episcopi approbaverunt et indulgentia diversas concessiones, ex quo dicta ecclesia solemniter reedificata et cultus inibi sumptuose restauratus est: indulgentia et facultas audiendi confessionum pro rectorem dictae parochialis ecclesiae et 2 capellani 2. ianuarii 1447 V 365 475rss.",10509465-1
5,9465,2,,"locus W. sub dominio Frederici II. marchionis Brandenburgensis supplicatio , in cuius parochialis ecclesia ante 60 annos totaliter combusta 3 hostie consecrate reperte sunt transformate sanguine resperso, ad quas hostias magnus numerus peregrinorum inter quos Carolus IV. Romanorum Imperator, reges Francie, Anglie et Bohemie et alii principes confluxit sicut et confluit, quod miraculum et archiepiscopus Magdeburgensis metropolitanus et episcopus Havelbergensis cum multis aliis episcopi approbaverunt et indulgentia diversas concessiones, ex quo dicta ecclesia solemniter reedificata et cultus inibi sumptuose restauratus est: supradictus marchione supplicatio : mandatum episcopus Havelbergensis et episcopus Lubucensis quatinus rector supradictae parochialis ecclesiae concedere quod unam hostiam consecratam apud supradictis hostias transformatas ponere quia per frequentem ostensionem hostie in earum qualitatibus alterari possint et fidelibus diebus singulis ostendere valere 5. februarii 1447 V 365 474vs.",10509465-2
5,9494,0,Wismar Wysmariensis Razeburgensis diocesis,,10509494-0
5,9494,1,,parochialis ecclesia sancti Georgii in opido W. de novo edificanda: de indulgentia 18. december 1437 S 342 278r.,10509494-1
5,9494,2,,parochialis ecclesia sancti Nicolai in opido W. rectori et provisoribus supplicatio : de indulgentia 19. october 1437 S 341 37r.,10509494-2
5,9557,0,Czeginhain Tzegenhom Nuemburgensis diocesis,,10509557-0
5,9557,1,,"capella beatae Marie in villa Cz. sumptuose in suis edificiis incepta ac propter ipsius operis sumptuositatem nondum completa: de indulgentia 20. iulii 1434 S 297 55rs, L 325 114v.",10509557-1
6,126,0,Aldenburg,,10600126-0
6,126,1,,"ecclesia sancti Georgii martir in opidi Nuemburgensis diocesis : supplicatio Frederico duce Saxonie de relaxationis 7 annis 21. novembris 47 S 421 85vs, Fiat de 3 annis 3. maii 1448 V 387 331rs.",10600126-1
6,126,2,,"ecclesia sancti Georgii martir in opidi Nuemburgensis diocesis supplicatio idem de incorporationis capellae sine cura corporis Cristi prope Garsitz Nuemburgensis diocesis 4 marcarum argenti dictae ecclesiae 60 21. novembris 47 S 421 174v, 3. maii 1448 V 407 57vss.",10600126-2
6,427,0,Beyngendorp,,10600427-0
6,427,1,,parochiali ecclesie Razeburgensis diocesis : supplicatio Hinrico duce Magnopolen . de relaxatione 5 annis 2. martius 1451 S 449 126rs.,10600427-1
6,554,0,Blanckenborgh,,10600554-0
6,554,1,,capella beatae Marie virginis ante opido Halberstadensi diocesis ad monasterium monialium dictae oppidi spectans : supplicatio Ulrico et Bernardo comitis de Reynstein de relaxationis 7 annis 19. iulii 1453 S 468 66r.,10600554-1
6,568,0,Brandenburgensis,,10600568-0
6,568,1,,"et Havelberg . ecclesiae : supplicatio Frederico marchione Brandenburg . suppressio ordinis Premonstratensium in dicte ecclesiae, cuius persone transferantur ad monasterium beatae Marie virginis in monte prope antiquam civitatis Brandenburgensis et ad monasterium fundationis per dicti marchionem loco Wilchenack Havelbergensis diocesis, ac institutio capituli cum canonicorum 5. februarius 1448 V 388 29r-30v.",10600568-1
6,568,2,,monasterium beatae Marie virginis in monte extra muros ordinis Premonstratensium : supplicatio Frederico marchione Brandenburg . approbatio unionis certarum parochialium ecclesiarum sancti domini [ februarius 1448?] V 388 97vs.,10600568-2
6,568,3,,parochialis ecclesia sancti Mathie apostolicus et Godehardi civitatis : supplicatio proconsulibus et communitate civitatis Brandenburgensis de relaxatione 7 annorum Fiat de 5 annorum 13. iunius 1450 S 445 60r.,10600568-3
6,921,0,Corsitz Garsitz,,10600921-0
6,921,1,,"capella corporis Cristi prope villam Nuemburgensis diocesis : supplicatio Frederico duce Saxonie de relaxatione 7 annis Fiat de 3 annis 21. novembris 1447 S 421 86r, V 387 330rs.",10600921-1
6,922,0,Cosbude,,10600922-0
6,922,1,,capella sanctae Dorothee virginis et martir Misnensis diocesis : supplicatio Frederico duce Saxonie de relaxatione 5 annis Fiat de 3 annis 21. novembris 1447 S 421 171v.,10600922-1
6,1073,0,Ebirsdorf,,10601073-0
6,1073,1,,parochialis ecclesia beatae Marie virginis Misnensis diocesis : supplicatio Frederico duce Saxonie et Margareta uxori ac rectori dicti parochialis ecclesiae de relaxationis 7 anni 19. iulius 1453 S 467 294rs.,10601073-1
6,3976,0,Lipczia,,10603976-0
6,3976,1,,capella hospitalis sancti Georgii extra muros opidi Merseburgensis diocesis : supplicatio Frederico duce Saxonie relaxatio 3 annis 3. maius 1448 V 387 330vs.,10603976-1
6,4628,0,Nova Cella,,10604628-0
6,4628,1,,monasterio beatae Marie ordinis Cisterciensium Misnensis diocesis : relaxatio 1 annus 15. martius 1453 L 482 101r.,10604628-1
6,5229,0,Soraw,,10605229-0
6,5229,1,,parochiali ecclesie opidi Misnensis diocesis : supplicatio Frederico marchione Brandenburgensis necnon Heinrico et Waldislao ducibus Silesie de relaxatione 7 annis 25. aprilis 1450 S 443 108vs.,10605229-1
6,5255,0,Stendalia,,10605255-0
6,5255,1,,"habitatores opidi Halberstadensis diocesis : supplicatio Frederico marchione Brandenburgensi concessio, quod stare velint iuri coram commissario episcopi Halberstadensis in dicto opido sine data [48?] V 388 98vss.",10605255-1
6,5255,2,,parochialis ecclesia sancti Nicolai Halberstadensis diocesis : supplicatio Friderico marchione Brandenburgensi de relaxatione Fiat de 5 annis 8. martius 1449 S 434 97r.,10605255-2
6,5255,3,,"decanus, capitulum et singuli canonici ecclesiae sancti Nicolai Halberstadensis diocesis : supplicatio Frederico marchione Brandenburgensi de unione parochialis ecclesiae in Puwelinghe Halberstadensis diocesis 4 marcae argenti vacatura per resignatione Henrici Waltershusen ad succentoriam dictae ecclesiae 4. Non est honesta Turonensis "" 8. martius 1449 S 434 97rs. """,10605255-3
6,5255,4,,"decanus, capitulum et singuli canonici ecclesiae sancti Nicolai Halberstadensis diocesis supplicatio eodem de littere conservandae 8. martius 1449 S 434 97v.",10605255-4
6,5255,5,,"decanus, capitulum et singuli canonici ecclesiae sancti Nicolai Halberstadensis diocesis assignatio 100 florenos auri de camerae ex pecunia collectis pro reductione Grecorum fabrice dictae ecclesiae 1. iunii 1451 DC 26 193vs.",10605255-5
6,5255,6,,"decanus, capitulum et singuli canonici ecclesiae sancti Nicolai Halberstadensis diocesis de incorporatione parochialis ecclesiae in Piweling extra muros dicti opidi 2 marcae argenti succentorie dictae ecclesiae 4, que erecta fuit ex vicaria sancti Michaelis dictae ecclesiae 13. iulii 1452 S 461 105rs, L 481 187rss.",10605255-6
6,5322,0,Tangermunda,,10605322-0
6,5322,1,,ecclesie sancti Petri et Pauli apostolorum domus ordinis frater predicatorum extra muros opidi Halberstadensis diocesis : supplicatio Frederico marchione Brandenburgensis de relaxationis 5 annorum 9. september 1452 S 462 88vs.,10605322-1
6,5322,2,,ecclesie sancti Petri et Pauli apostolorum domus ordinis frater predicatorum extra muros opidi Halberstadensis diocesis supplicatio eodem de extensio dies relaxationis de uno festo ad festum sancti Thome de Aquino 5. iulius 1453 S 467 201rs.,10605322-2
6,5322,3,,capella in castro Halberstadensis diocesis : supplicatio Frederico marchione Brandenburgensis exemptionis iudiciariae ab episcopo Halberstadensis sine data [48?] V 388 167rs.,10605322-3
6,5915,0,Wilsenack,,10605915-0
6,5915,1,,parochiali ecclesie Havelbergensis diocesis : relaxatio 7 annis sub data [48?] V 388 91rs.,10605915-1
6,6002,0,Wulfenbuterl,,10606002-0
6,6002,1,,capella prope castrum Halberstadensis diocesis : insinuante Henrico duce Brunswicensis relaxatio 7 annis 15. december 1450 L 466 240vs.,10606002-1
6,6006,0,Czegenhayn,,10606006-0
6,6006,1,,"capella beatae Marie virginis Nuemburgensis diocesis : de relaxatione 7 anno 21. iulii 1453 S 468 52r, L 487 113v.",10606006-1
7,432,0,Choryn,,10700432-0
7,432,1,,"Abbas et capitulum monasterii ordinis Cisterciensium Brandenburgensis diocesis : de transferendi capellae beatae Marie virginis ac sancti Marie Magdalene et Brigitte in loco de Zohnsteberg Hohnsteberg dictae diocesis guerris devastatam cum suis indulgentia ad capellae in Serwicz Serwortz dictae diocesis et de relaxatione unum anni 9 aprilis 1457 S 498 112rs., V 460 8vss.",10700432-1
7,1083,0,"Hermannus Piwerling clericus Halberstadensis diocesis ex utrius parochiali de militari generali, litigans contra Henninghum Storbeken clerico nuper defunctum",,10701083-0
7,1083,1,,"de surrogatione et provisione de archidiaconatus in Derdessen in ecclesia Halberstadensis 6 marca argenti vacatio prebende assecutio prepositurae ecclesiae collegiatae sancti Bonifacii Halberstadensis Werneri de Clode clericus dictae diocesis ex utrius parochiali de militari generali, non obstantibus celleraria ecclesiae Halberstadensis 20 aprilis 1455 S 479 63rs.",10701083-1
7,1083,2,,"Frederici marchionis Brandenburgensis Sacrum Romanum Imperii electoris secretarius et sub palatii apostolici causarum notarius, litigans contra Johannem Gelen canonicum ecclesiae Halberstadensis: de provisione si neutri de celleraria ecclesiae Halberstadensis 20 marca argenti vacante per obitum Gerardi Koneken senioris 26 iulius 1455 S 483 154v.",10701083-2
7,1083,3,,"subdiaconus: de non promotione ad 10 annos, fiat ad 2 annos 25 october 1455 S 485 238r.",10701083-3
7,1083,4,,"litigans contra quondam Johannem Ghelen acolitho apostolico: de surrogatione et nova provisione de celeraria ecclesiae Halberstadensis 20 marca argenti , non obstantibus Halberstadensium et Magdeburgensium ecclesiae canonicorum et prebendarum 6 et 6 marca argenti necnon in sancti Stephani Tangermunden. et in sancti Ciriaci in Rekstede et in opidi Arneborgh parochiali ecclesia Halberstadensis diocesis perpetuus sine cura vicaria simul 12 marca argenti ac canonicus et prebenda litigiosa in ecclesiae sancti Nicolai opidi Stendali dictae diocesis 6 marca argenti 1 november 1455 S 486 83vs.",10701083-4
7,1083,5,,"de non residentia 27 ianuarius 57 S 496 27r, reformatio 30 aprilis 1457 S 499 27v.",10701083-5
7,1083,6,,de horis secundum morem Romanum dicendis 30 aprilis 1457 S 499 27vs.,10701083-6
7,1083,7,,unus ex patronis parochialis ecclesiae in Kakelitz Halberstadensis diocesis: supplicatio Frederico seniori marchione Brandenburgensis de extensio relaxatione ad aliud festum 7 maius 1457 S 499 183rs.,10701083-7
7,2477,0,Quedelingborch,,10702477-0
7,2477,1,,"Abbatissa et capitulum monasterii monialium in Muntzinseberge prope opidum ordinis sancti Benedicti Halberstadensis diocesis : supplicatio Frederico marchione Brandenburgensis, Frederico duce Saxonie Sacrum Romanum Imperii electore et Wilhelmo duce Brunswicensis et Luneborg. de constitutione die ostendendis reliquiis scrinei eburnei et relaxatione 10 annis 12 maius 1457 S 499 213vs., V 462 308vss.",10702477-1
7,2487,0,Regalis Lutter,,10702487-0
7,2487,1,,Abbas et capitulum monasterii sancti Petri et Pauli ordinis sancti Benedicti Halberstadensis diocesis : de relaxatione 7 annis et licentia audiendi confessiones 5 iulii 1457 S 502 53rs.,10702487-1
7,2487,2,,"Abbas et capitulum monasterii sancti Petri et Pauli ordinis sancti Benedicti Halberstadensis diocesis : dantur iudices qui cum olim nobilis Wernerus de Aluensleue dominus castri Gardelege extra muros opidi Gardelege piscinam in villa Boiczendorp desolata Halberstadensis diocesis de consensu Frederici senior et iunior marchionum Brandenburgensis necnon consulatus dicti opidi instauraret et terras monasterii monialium in Niendorpe ordinaria et diocesis predictarum inundasset et postea ius suum sibi donaret, causam inter se et consulatum dicti opidi ratione agrorum hospitalis sancti Spiritus inundatorum decidant 11 iulii 1458 L 531 49r-50v.",10702487-2
7,2510,0,Rokelitze,,10702510-0
7,2510,1,,Parochialis ecclesia sancti Laurencii Halberstadensis diocesis : supplicatio Friderico marchione Brandenburgensis relaxatio 7 anno 7 maio 1457 V 460 73vss.,10702510-1
8,324,0,Aschersleven Asscherleven.,,10800324-0
8,324,1,,"Prepositus et capitulum monasterii monialium beatae Marie ordinis sancti Benedicti prope et extra muros opidi A. Halberstadensis diocesis cui parochialis ecclesia sancti Stephani intra dicti muros cuius ecclesiae rector et pastor idem prepositus existit est annexa : de confirmatione fraternitatem Corporis Cristi per capitulo, vicariis, altaristas et terminarios ipsius ecclesiae cum nonnullis utrius sexus oppidanis dicti opidi institutione cum indulgentia 3 annis et licentia celebrare etiam tempore interdicti 4. novembris 1458 S 514 164rs., V 498 128vs.",10800324-1
8,547,0,"Brunswick Brunßwic., Brunswicen.",,10800547-0
8,547,1,,"Prepositi et capitulum ecclesie sancti Ciriaci extra muros B. Hildesemensis diocesis : de conservatoria 23. iunii 60 S 531 248r, 20. novembris 60 L 548A 24r. Abbas et capitulum monasterii sancti Egidii Romanae Ecclesiae immediati subiecti B. Halberstadensis diocesis : de indulgentia et confirmatione quod scolasticus secularis processiones ac stationes in monasterio et extra legere et cantare valere quibus usi sunt ultra 200 annis 23. augusti 59 S 522 107vs., sine data I 328 91v. Proconsules, consules et universitas opidi B. Halberstadensis et Hildesemensis diocesis quibus Bonifacius IX. , Sigismundus Romanorum Imperator tunc Romanorum Rex et Martinus V. concedere ut extra dicti opidi ad aliqua iudicia trahi non possint : conservatoria 26. ianuarii 1464 V 512 41v-43r.",10800547-1
8,1132,0,Veesaer,,10801132-0
8,1132,1,,Capella sanctae Crucis in opido V. Misnensis diocesis : supplicatio duce Saxonie de indulgentia 20. december 1463 S 570 246vs.,10801132-1
8,2974,0,Johannesabbatis et capitulo monasterii <sancti Nicolai > in Grunenhain Grunenhayn ordinis Cisterciensium Nuemburgensis diocesis,,10802974-0
8,2974,1,,"de confirmatione et extensio indulgentia a Bonifatio [.] parochiali ecclesiae sancti Nicolai prope dicto monasterio concessio ad 20 annis, fiat de nova indulgentia 7 annis 30. iunii 1460 S 531 251vs., V 504 58vss.",10802974-1
8,4104,0,Manszfelt,,10804104-0
8,4104,1,,Parochialis ecclesia capella sive plebanatus nuncupatus beatae Marie virginis et sancti Georgii martir castri M. Halberstadensis diocesis : supplicatio Gunthero comitis in Manszfelt presentis in Romanae curiae de indulgentia 28. maius 1464 S 574 94rs.,10804104-1
8,4669,0,Nuemburgensis,,10804669-0
8,4669,1,,"Prepositus et capitulum ecclesiae N. : de conservandi perpetui, fiat ad 20 annis 24. martius 1461 S 537 226r.",10804669-1
8,4669,2,,"Prepositus et capitulum ecclesiae N. de statuendo quod in dicta ecclesia nullus ad canonicatus et prebenda ac dignitas recipere possit nisi de legitimo matrimonio 24. martius 61 S 537 226rs. Abbas et capitulum monasterii sancti Thome martir N. [diocesis?] : confirmatio sententiae laudi, sub data I 329 149v. Fraternitas presbiter et clerici clementissimi nuncupatus qui in choro ecclesiae N. missas et horas solent decantare : de indulgentia 7 annis, fiat de 3 annis 4. december 59 S 525 267r. Magistri cives, proconsules, consules et habitatores civitatis N. necnon opidani opidi Ciczensi Nuemburgensis diocesis et subditi episcopatus Nuemburgensis : de confirmatione articulos de iudicio vetito inhibendo quos Fridericus Romanorum Imperator dum in Romanorum Rex electus esset in oppidum Franckforden. Maguntinae diocesis necnon aliis terris dum in Romanorum Imperator creatus foret edidit 26. februarius 1463 S 561 236rs., V 512 208rss.",10804669-2
8,4732,0,"Paulus Buse decretorum doctor , prepositus ecclesie sancti Mauricii in Hallis canonicus regularis ordinis sancti Augustini Magdeburgensis diocesis",,10804732-0
8,4732,1,,de incorporatione mense prepositurae 40 marcarum argenti parochialis ecclesia in Salgast dictae diocesis de iuris patronatus domini de Anhalt 4 marcarum argenti 24. iulii 1459 S 520 91vs.,10804732-1
8,4732,2,,de indulgentia 7 annis cum licentia deputati confessoris 17. decembris 1461 S 548 54rss.,10804732-2
8,5423,0,Tangermunde,,10805423-0
8,5423,1,,Capella beatae Marie extra oppidum T. Halberstadensis diocesis de iure patronatus marchionis Brandenburgensis ad quam Fredericus iunior marchio Brandenburgensis singularem gerit devotionis affectum : indulgentia 7 annis 3. novembris 1459 L 560 203vs.,10805423-1
8,5719,0,Uszleuben,,10805719-0
8,5719,1,,Hospitali opidi U. Halberstadensis diocesis sub vocabulo beatae Katherine virginis per Margaretam comitissam in Manszfelt constructum in dominio temporali dicti comitis situm : supplicatio Gunthero comitis in Manszfelt presentis in Romanae curiae de indulgentia nominatio et confirmatio statutorum 28. maius 1464 S 574 49vss.,10805719-1
8,5760,0,Weymelburg,,10805760-0
8,5760,1,,"Abbas et capitulum monasterii sancti Ciriaci in W. ordinis sancti Benedicti Halberstadensis diocesis in quo olim 24 monachi cum abbate, nunc vix 4 se substentare possunt : de indulgentia in diversis festis ad 7 annis, fiat in 2 festis ad 20 annis 24. octobris 1458 S 513 284vs.",10805760-1
9,419,0,Barbi,,10900419-0
9,419,1,,Ecclesie domus beatae Marie et sancti Francisci ordinis frater minorum B. Magdeburgensis diocesis : indulgentia 7 annis 3. ianuarius 1469 L 671 291r.,10900419-1
9,528,0,Berokow,,10900528-0
9,528,1,,Capellae beatae Marie loci de B. Zwerinensis diocesis supplicatio Wernero episcopo Zwerinensis et Jaspero de Verdis rectori parochialis ecclesiae dicti loci: de indulgentia 7 annis 14. december 1468 S 634 211vs.,10900528-1
9,589,0,Borsendorff,,10900589-0
9,589,1,,"Capella beatae Marie virginis in villa B. Misnensis diocesis : de indulgentia 3 annis 21. maius 1467 S 611 172vs, L 654 51rs.",10900589-1
9,597,0,Broda,,10900597-0
9,597,1,,"Capella sanctae Crucis in monasterio B. ordinis Premonstratensium Havelbergensis diocesis quod ab Ulrico duce Magnopolensis pro sua et progenitorum salute de novo fundatio fuit: supplicatio dicto duce de indulgentia 10 annis, Fiat de 5 annis, item monasterium B. ut supra per guerras ducum Stetinensis restaurandum: supplicatio dicto duce de indulgentia 10 annis, Fiat de 7 annis 27. aprilis 1470 S 655 229r-230v.",10900597-1
9,730,0,Colditz Colnitz,,10900730-0
9,730,1,,"Parochialis ecclesia in C. Misnensis diocesis in qua Petrus Swabe monetarius < Margerite> ducisse Saxonie laicus dictus diocesis quandam crucem cum imagine Jesu Cristi crucifixi ad altare sancti Egidii donavit: de indulgentia 5 annis 15. maius 1467 S 609 233rs, L 654 137rs.",10900730-1
9,1004,0,Deben,,10901004-0
9,1004,1,,"Parchim ecclesie beati Petri et Pauli apostoli in D. Misnensis diocesis : de indulgentia 5 annis 8. september 1467 S 614 66v, L 655 313rs.",10901004-1
9,1057,0,Dragenicz,,10901057-0
9,1057,1,,"Ecclesie sancti Pangratii et sanctae Crucis in D. que filialis parochiali ecclesiae sancti Nicolai in Lisnigk Misnensis diocesis existit: de indulgentia 5 annis 7. octobris 1466 S 601 230rs, L 646 108v.",10901057-1
9,1746,0,Halla Alle,,10901746-0
9,1746,1,,Prepositi et conventus monasterii sancti Mauricii opidi Halle ordinis sancti Augustini Magdeburgensis diocesis : de indulgentia 5 annis  3. novembris 1466  S 602 199r.,10901746-1
9,1746,2,,Prepositi et conventus monasterii sancti Mauricii opidi Halle ordinis sancti Augustini Magdeburgensis diocesis .,10901746-2
9,1746,3,,"Proconsules, consules et universitas opidi H. Magdeburgensis diocesis inter alias referentes quod iuxta statuta municipalia dicti opidi stant iuri coram preposito monasterii Novi operis extra muros dicti opidi ordinis sancti Augustini archidiaconatus tamquam iudice competenti, quod compelluntur sepenumero a frigraviis et scabinis ac delegatis iudicii vetiti sive secreti in Westfalia : de confirmatione privilegiorum capitulorum super iurisdictione  25. martius 1469  S 640 62vss, mandatum V 534 240r-242v .",10901746-3
9,1746,4,,"Proconsules, consules et universitas opidi H. Magdeburgensis diocesis portata fuit ad componendum ad [Petrum] episcopo Tirasonen. bulla super indulto quod non teneantur trahi ad vetita iudicia  7. maii 1470  T 11 177v .",10901746-4
9,1746,5,,"Proconsules, consules et universitas opidi H. Magdeburgensis diocesis restitutio bulle ut supra cum confirmatione privilegiorum pontificum et imperiali  8. maii 1470  A 18 231r.",10901746-5
9,1835,0,Henricus Bentzin Bontzin rector parochialis ecclesie sancti Jacobi Rostockcen. Zwerinensis diocesis cui ad petitionem Henrici senior ducis Magnopolensis collatoris pro dicte ecclesie indulgentia 7 annis concessio fuit,,10901835-0
9,1835,1,,"de conficere littere cum clausula quod dictus H. 2 vel 3 personas secularis vel religiosus iniungere possit, Concilio cum consensu ordinaria  18. aprilis 1465  S 580 77vs .",10901835-1
9,1835,2,,clericus Caminensis diocesis: de nova provisione de perpetuo sine cura beneficio in parochiali ecclesia opidi Wysbu Lincopensis diocesis de iuris patronatus laici 4 marcarum argenti vacante per resignationem Heinrici Talnen clericus Lubicensis 16. maius 1465  S 580 220rs .,10901835-2
9,1835,3,,presbiter Caminensis diocesis perpetuus vicarius in parochiali ecclesia beatae Marie opidi Rostoccen. Zwerinensis diocesis: de perpetuo sine cura vicaria in dicte ecclesie de iuris patronatus laici 3 marcarum vacaturus per resignatione Hermanni Bruekman et de dispensatione ut unacum dictam vicariam predictam sine cura vicaria 4 marcarum argenti quam obtinet retinere valeat 4. iunius 1465  S 581 249vs .,10901835-3
9,1835,4,,remissio plenarius  26. iunius 1465  L 613 286v .,10901835-4
9,1835,5,,"Henrici ducis Magnopolensis secretarius : de dispensatione ad 2 incompatibilia beneficia, Et de parochiali ecclesia ad 3 annis  4. februarius 1467  S 614 347rs .",10901835-5
9,1835,6,,de nova provisione de canonicatus et prebenda ecclesie Lubicensis 4 marcarum argenti vacatio per dimissione Henrici Bullen succollectoris camerae apostolicus 11. december 1470  S 662 222rs.,10901835-6
9,2155,0,"Henricus comes in Stolberg et dominus temporalis loci in Werningerode Maguntinensis [!] diocesis qui pro divinis cultibus 150 sexagenas grossorum monete Thuringie quas proconsules opidi Stolberg Maguntinae diocesis dicto comiti annis singulis persolvere tenebantur rectori parochiali ecclesiae sancti Martini dicti opidi et 20 perpetuis vicariis in eadem et in capellis hospitalis sancti Georgii et sanctae Juliane castri necnon sanctae Crucis extra muros ac beatae Marie in nova civitate dictae opidi et 6 choralibus in dictae ecclesiae 3 partes rectori et 27 suo capitulo, vicariis et choralibus donavit",,10902155-0
9,2155,1,,"de confirmatione et approbatione littere desuper confectas 12. september 1465 S 585 224vss, mandatum L 614 78vss.",10902155-1
9,2155,2,,"de indulgentia 10 annos pro capellae sanctae Juliane in castro opidi Stolberg, Conceptionis 3 annos 12. september 1465 S 585 224vss.",10902155-2
9,2155,3,,"de licentia erigere domum ordinis frater minorum sub regulari observantia provincie Saxonie in aliquo loco congruenti et honesto intra vel extra opidum de Stolbergh Maguntinae diocesis, de Wernigerode Halberstadensis diocesis , etiam iuxta aliquam ecclesia vel sine cura capellam 5. aprilis 1469 S 641 275rs.",10902155-3
9,2155,4,,facultas erigendi domus pro usu et habitatione fratrum ordinis minorum in opido Stalerberg Maguntinensis [diocesis] I 331 161v.,10902155-4
9,2155,5,,"de indulgentia 10 annos pro parochiali ecclesiae opidi Stalberge Maguntinae diocesis, Fiat 7 annos, item qui et sui progenitores quandam capellam in parochiali ecclesia in Stalberge in honorem sancti Dionisii et Georgii, sanctae Catherine et aliae sancti de novo erexerunt: de indulgentia 10 annos, Fiat 7 annos, item de indulgentia 10 annos pro parochiali ecclesiae opidi Stalberge, Heringen et Kelebra Maguntinae diocesis et pro collegiatae ecclesiae in Wernigerode Halberstadensis diocesis, Fiat 7 annos, item qui quandam capellam in opidi Staleberge in honorem beatae Marie virginis gloriose de novo erexit et fundationem: de indulgentia 10 annos, Fiat 7 annos, item de indulgentia 10 annos in festo 10000 martius pro parochiali ecclesiae in Staleberge et collegiatae ecclesiae in Wernigerode ut supra, Fiat 7 annos 5. aprilis 1469 S 642 113v-115r.",10902155-5
9,3474,0,Johannes comes in Mulinghen et Quinterus comes in Mulinghen et dominus in Berbey genitor,,10903474-0
9,3474,1,,"de confessione et de remissione plenaria , item de altare portatile , item de lacticiniis, item de indulgentia 7 annis pro ecclesiae domus beatae Marie et sancti Francisci in Barbee ordinis frater minorum Magdeburgensis diocesis in qua dicti comites sepulture existunt 9. ianuarius 1469 S 635 169v-171v.",10903474-1
9,4226,0,Lisnigk,,10904226-0
9,4226,1,,"Parochialis ecclesia sancti Nicolai in L. Misnensis diocesis : de indulgentia 5 annis 7. octobris 1466 S 602 4vs, L 636 213vs.",10904226-1
9,5330,0,Pritzwalk,,10905330-0
9,5330,1,,"Parochialis ecclesia opidi P. Havelbergensis diocesis : supplicat Friderico marchione Brandenburgensis necnon burgemagistro, consulibus et universitate d. opidi in dominio d. marchionis qui in d. opido de consensu ordinarii loci de bonis suis novam parochialem ecclesiam construi fecerunt de indulgentia 10 annis 5. maii 1468 S 624 198vs.",10905330-1
9,5330,2,,"Oppidum P. Havelbergensis diocesis in temporali dominio Friderici marchionis Brandenburgensis consistens sepissime ex minimis et parvis causis ecclesiastico interdicto auctoritate ordinarii suppositum: supplicat d. marchione de concessione ut in d. causis divina exerceri possint acsi sententiae et censure minime emanavissent 9. aprilis 1465 S 580 70vss, L 614 263rss.",10905330-2
9,5381,0,Riddermanshanghem,,10905381-0
9,5381,1,,"Parochialis ecclesia beatae Marie virginis et aliorum sanctorum in R. Zwerinensis diocesis : supplicatio Ulrico duce Magnopolensis de indulgentia 10 annis, Fiat de 5 annis 27. aprilis 1470 S 655 229r-230v.",10905381-1
9,5679,0,Strelicze,,10905679-0
9,5679,1,,"Parochiana ecclesia in S. Havelbergensis diocesis : supplicatio Ulrico duce Magnopolensis de indulgentia 10 annis, Fiat 7 anno 27. aprilis 1470 S 655 229r-230v.",10905679-1
9,5684,0,Sunnenwald,,10905684-0
9,5684,1,,Parchim ecclesie in S. Misnensis diocesis : supplicatio barone ac capitaneis marchionatus Lusacie de indulgentia 7 anno 29. aprilis 1469 S 641 294v.,10905684-1
9,5702,0,Temptzyn,,10905702-0
9,5702,1,,Preceptores et fratres domus sancti Antonii in Turonensis ordinis sancti Augustini Zwerinensis diocesis : de indulto ut horas canonicus iuxta morem Romanae Ecclesiae dicere valeant 15. maius 1470 S 656 149r.,10905702-1
9,5702,2,,"Preceptores et fratres domus sancti Antonii in Turonensis ordinis sancti Augustini Zwerinensis diocesis domus sancti Antonii in Turonensis ordinis sancti Augustini Zwerinensis diocesis : de indulgentia 7 annis, Conc. de 5 annis 18. maius 1470 S 657 106rs.",10905702-2
9,6104,0,Wernigerad ac Stalberg,,10906104-0
9,6104,1,,Collegiata ecclesia in opidi W. Halberstadensis diocesis ac parochialis ecclesia sancti Martini in opidi S. Maguntinae diocesis in quibus Henricus comes de Stalberg festum in honorem sancti 10000 martir instituit: indulgentia 7 annis 5. aprilis 1469 L 703 177r.,10906104-1
9,6302,0,Czegenhain,,10906302-0
9,6302,1,,"Capella beatae Marie virginis in villa C. Nuemburgensis diocesis : supplicatio abbatis et conventus monasterii sancti Georgii in Bergellen ordinis sancti Benedicti Nuemburgensis diocesis cui dictae capellae incorporata exstitit de indulgentia 10 annis, Conc. 3 annis 4. februarius 1467 S 607 83vs, L 652 37rss.",10906302-1
