volume,nr_RG,nr_suffix,header_no_tags,regest_no_tags,id_RG_all
2,370,0,Albertus archiepiscopus etc. Magdeburg et cives civis Magdeburgensis,,10200370-0
2,370,1,,"concessio indulgentia iubilei visitantibus ecclesia maior, domum frater herem. sanctus Aug. Magdeburgensis, ecclesia sancti Johannis in Monte extra muros Magdeburgensis, ecclesia sancti Petri et Pauli in antiqua civitas Magdeburgensis, oblationum abbati monasterium sanctus Petri de Percipiano ordo sancti Benedicti Terdon. diocesis nuntio et Bartholomeo de Turchiis civi Lucan. assignatarum medietas in fabricam basilicarum urbis convertatur, altera medietas in fabricam dictus ecclesia Magdeburgensis 26 aprilis 1394 L 1 103v et V 314 236v.",10200370-1
2,370,2,,"et Benedictus abbas sanctus Petri de Percipiano ordo sancti Benedicti Terdon. diocesis: concedere licentia, quod alter ipsorum altero absente litteras de indulgentia iubil. in provincia Magdeburgensis possit executioni mandare 26 aprilis 1396 V 315 189.",10200370-2
2,370,3,,conservator 17 december 1396 L 45 122v.,10200370-3
2,370,4,,"mandatum evocare canonicus Magdeburgensis qui ratione indulgentia iubilei contra ordinationem pape confessoribus constitutis quattuor cistas in ecclesia maior, domus frater herem. sanctus Aug., ecclesia sancti Johannis in Monte extra muros, ecclesia sancti Petri et Pauli in antiqua civitas Magdeburgensis deposuerunt et Johannem de Embeke, Gebehardum de Glina, Lippoldum de Stembeke et Beltramum de Velthem receptores pecuniarum deputaverunt Ipsi et Heydo de Byeren scolasticus, Walterus de Kokeritz cellerar., Meynhardus de Weringerade inter se divisionem fecerunt.",10200370-4
2,370,5,,deinde post obitus Benedicti abbas monasterium sanctus Petri de Percipiano ordo sancti Benedicti Terdon. diocesis ad ipsius hospitium accedentes aurum et argentum etc. rapuerunt et Michaelem de Paganis depositarium ad se vocatum incarceraverunt 21 december 1396 V 315 164.,10200370-5
2,370,6,,mandatum assignare pecunias a capitulo exactas Michaeli de Paganis de Luca seu Ludovico de Ballionibus de Perusia 10 februarius 1397 V 315 187.,10200370-6
2,370,7,,"revocatio mandatum de Johanne de Embeke, Ghebehardo de Glina, Lippoldo de Stembeke, Beltramo de Velthem, Meynardo de Wernigerode, Heydone de Byeren scolasticus, Waltero de Kokeritz cellerar. canonicus Magdeburgensis evocandis, quia ob utilitatem basilicarum urbis se egisse proposuerunt 22 iuri. 97 V 315 248.",10200370-7
2,370,8,,"confirmare instrumentum de confirmatio oppignorationis medietatis castri de Saltza a quondam Ludovico Magdeburgensis tunc Maguntinensis archiepiscopus Balthasari. Thuringiae landgravio, Wilhelmo et quondam Frederico Misniae marchionibus fratribus suis facte Albertus testimonium de guerra inter Ludovicum et Adolfum archiepiscopus Maguntinensis facta a Cristiano episcopus Nuemburgensis, Henrico episcopus Merseburg, Johanne in Swartzpurg comes,",10200370-8
2,645,0,Aschersleve,,10200645-0
2,645,1,,ecclesia domus frater minor opidum Halberstadensis diocesis: indulgentia ad instar ecclesia sancti Marie in Portiuncula 5 iulius 1401 L 94 199.,10200645-1
2,878,0,Boldensberg,,10200878-0
2,878,1,,capella beatus Marie Brandenburgensis diocesis: indulgentia 5 december 1400 L 90 106v.,10200878-1
2,913,0,Brunswic,,10200913-0
2,913,1,,procons. etc. opidum Halberstadensis diocesis: privilegium de non evocando 19 maius 1390 R 103.,10200913-1
2,913,2,,procons. etc. opidum Halberstadensis diocesis: revocatio privilegium de non evocando 27 december 1390 L 12 139.,10200913-2
2,913,3,,"procons. etc. opidum Halberstadensis diocesis: mandatum, ut archidiaconi et officiales vicarios in dictus opido instituant 8 augustus 1391 L 10 231.",10200913-3
2,913,4,,"procons. etc. opidum Halberstadensis diocesis: mandatum ut iam antea Rolando decanus ecclesia sancti Blasii in dictus opidum publicare constitutio Provide attendentes "" a Bonifatio VIII papa factus 7 maius 1400 L 79 224. """,10200913-4
2,913,5,,mensa decanus etc. ecclesia sancti Blasii Halberstadensis diocesis: incorporatio parochialis ecclesia sancti Odalrici Brunswic. 22 aprilis 1399 L 69 185v.,10200913-5
2,913,6,,parochialis ecclesia sancti Catherine Halberstadensis diocesis: indulgentia ad instar ecclesia sancti Marci de Venetiis 12 december 1399 L 82 175.,10200913-6
2,916,0,Budissin,,10200916-0
2,916,1,,ecclesia sancti Petri opidum Misnensis diocesis: de interdictum locus 7 maius 1402 R 331v.,10200916-1
2,916,2,,ecclesia beatus Marie domus frater minor Misnensis diocesis: indulgentia 29 december 1401 L 100 153v.,10200916-2
2,916,3,,ecclesia beatus Marie domus frater minor Misnensis diocesis: indulgentia 13 ianuarius 1402 L 100 158v.,10200916-3
2,919,0,Bukow,,10200919-0
2,919,1,,villa prope Gazelitz Brandenburgensis diocesis parochialis ecclesia: indulgentia 17 december 1401 L 100 110v.,10200919-1
2,1462,0,Dresden,,10201462-0
2,1462,1,,capella sanctus Crucis in opido Misnensis diocesis: indulgentia 28 augustus 1393 L 30 252.,10201462-1
2,1462,2,,capella sanctus Crucis in opido Misnensis diocesis: indulgentia 30 aprilis 1399 L 69 136.,10201462-2
2,1596,0,Elizabeth quondam marchionissa Misnensis,,10201596-0
2,1596,1,,indulgentia pro eis qui intersunt officiis et missis ab ea in ecclesia Misnensis fundatis 24 iulius 1402 L 104 234.,10201596-1
2,1682,0,Ernfridestorff,,10201682-0
2,1682,1,,parochialis ecclesia sancti Nicolai Erasmi et Catherine Misnensis diocesis: indulgentia 12 aprilis 1400 L 72 98.,10201682-1
2,2229,0,Gorlicz,,10202229-0
2,2229,1,,ecclesia beatus Marie domus frater minor Misnensis diocesis: indulgentia 29 december 1401 L 100 114v.,10202229-1
2,2322,0,Grevenhayn,,10202322-0
2,2322,1,,parochialis ecclesia sancti Nicolai prope monasterium Cist. ordo Nuemburgensis diocesis: indulgentia ad instar ecclesia beatus Marie Hamburg. Bremensis diocesis 15 september 1395 L 36 198.,10202322-1
2,2411,0,Wilhelmus marchio Misnensis,,10202411-0
2,2411,1,,licentia visitare omnia monasterium monialis in dominio eius et in ecclesia curie Retznitz ordo sancte Clare Bambergensis diocesis 28 augustus 1393 L 30 327v.,10202411-1
2,2411,2,,concessio ius patronatus 4 canonicatus et prebenda maior in ecclesia Misnensis in castro Misnensis 12 december 1399 L 82 176.,10202411-2
2,2411,3,,dispensatio super carnis esu pro abbatibus monasterium Antiquecelle et monasterium Buech Cist. ordo Misnensis diocesis 26 februarius 1400 L 80 88v.,10202411-3
2,2411,4,,licentia fundandi collegium cum decan. et canonicatus apud capellam sanctus Crucis in loco de Dresden Misnensis diocesis et concedere dictus collegio parochialis ecclesia beatus Marie dictus loci ad ecclesia Misnensis pertinere marchio donavit ecclesia Misnensis ius patronatus parochialis ecclesia in Ebirspach et sanctus Nicolai in Friberg dictus diocesis 1 december 1400 L 90 100.,10202411-4
2,2411,5,,mandatum confirmatio permutatio factus inter ipsum et Mechtildem abbam monasterium Throni sanctus Marie in Nymptzschin Merseburgensis diocesis de iure patronatus parochialis ecclesia in Turgaw dictus diocesis et de parochialis ecclesia in Novacuria dictus diocesis 1 december 1400 L 90 101.,10202411-5
2,2411,6,,licentia eligere confessor 31 martius 1401 L 91 211.,10202411-6
2,2411,7,,et Elisabeth eius uxor: indulgentia pro eis qui reliquia in ecclesia Misnensis ab ipsis collocata visitant 22 november 1401 L 100 57v.,10202411-7
2,2411,8,,indulgentia pro omnibus qui missis ad altare in choro ecclesia Misnensis a marchione fundatum celebrandis intersunt 7 februarius 1403 L 108 205.,10202411-8
2,2477,0,Hadmersleve,,10202477-0
2,2477,1,,ecclesia sancti Petri et Pauli monasterium monialis ordo sancti Benedicti Halberstadensis diocesis: indulgentia ad instar ecclesia sancti Marci Venet. 10 ianuarius 1399 L 71 123.,10202477-1
2,2495,0,Hamburg,,10202495-0
2,2495,1,,opidum Bremensis diocesis procons. etc.: de altare portatile pro turri Nigeo alias Nigewerk iuxta portum fluminis Alba et prope mare Oceanum situato 10 november 1390 L 10 191.,10202495-1
2,2495,2,,opidum Bremensis diocesis procons. etc.: de altare portatile in castro Rizebutel dictus diocesis 29 martius 1395 R 163v.,10202495-2
2,2495,3,,ecclesia conventus ordo predicatorum: indulgentia ad instar ecclesia dictus ordo opidum Wismer. Razeburgensis diocesis 1 iulius 1401 L 89 142v.,10202495-3
2,3398,0,Hesewik,,10203398-0
2,3398,1,,ecclesia beatus Marie Halberstadensis diocesis: indulgentia 20 martius 1403 L 113 151v.,10203398-1
2,3412,0,Hildesleve,,10203412-0
2,3412,1,,ecclesia monasterium ordo sancti Benedicti Halberstadensis diocesis: indulgentia ad instar ecclesia sancti Marci de Venetiis 18 martius 1401 L 90 79v.,10203412-1
2,3604,0,Idelenstede,,10203604-0
2,3604,1,,capella beatus Marie Halberstadensis diocesis: indulgentia 17 aprilis 1401 L 88 157.,10203604-1
2,5209,0,Issleve,,10205209-0
2,5209,1,,opidum Halberstadensis diocesis altare sanctus Trinitatis beatus Marie et trium regum necnon beati XII apostolicus ac X milia martirum et sancti Sebastiani et Crispini in parochialis ecclesia sancti Andree: indulgentia 21 december 1400 L 90 273.,10205209-1
2,5209,2,,confraternitas frater kalend.: confirmatio 1 augustus 1401 R 307v.,10205209-2
2,5321,0,Lynpuhel,,10205321-0
2,5321,1,,capella beatus Marie Nuemburgensis diocesis: indulgentia 28 februarius 1402 L 100 202.,10205321-1
2,5329,0,Lovenborch,,10205329-0
2,5329,1,,parochialis ecclesia opidum Razeburgensis diocesis: indulgentia 20 februarius 1391 L 17 144.,10205329-1
2,5332,0,Luban,,10205332-0
2,5332,1,,opidum Misnensis diocesis parochialis ecclesia sancti Marie: indulgentia 1 martius 1402 L 100 266.,10205332-1
2,5332,2,,ecclesia monasterium monialis sanctus Marie Magd. ordo sancti Augustini: indulgentia 31 iulius 1402 L 104 223v.,10205332-2
2,5439,0,Madela,,10205439-0
2,5439,1,,parochialis ecclesia sancti Martini Misnensis diocesis: indulgentia 17 maius 1401 L 89 127v.,10205439-1
2,5443,0,Magnasalme,,10205443-0
2,5443,1,,opidum Magdeburgensis diocesis ecclesia sancti Johannis baptista que est subiecta parochialis ecclesia in Esterhusin: indulgentia 28 december 1401 L 100 115.,10205443-1
2,5697,0,Muchele,,10205697-0
2,5697,1,,parochialis ecclesia sancti Michaelis Halberstadensis diocesis: indulgentia 10 december 1391 L 24 242v.,10205697-1
2,5711,0,Netekendorp,,10205711-0
2,5711,1,,villa Brandenburgensis diocesis capella sancti Jacobi et Dorothee ac Brigide de Suecia: indulgentia 25 augustus 1401 L 94 167.,10205711-1
2,6133,0,Novacella,,10206133-0
2,6133,1,,abbas etc. monasterium ordo Cisterciensium Misnensis diocesis: mandatum committendi marchioni Moravie et duci Sagan. discussionem super concordia inter dictus monasterium et monasterium Luben. dictus ordo Wratislaviensis diocesis de possessionibus in finibus marchionatus et ducatus factus 14 october 1401 L 91 95.,10206133-1
2,6133,2,,abbas etc. monasterium ordo Cisterciensium Misnensis diocesis: indulgentia 17 ianuarius 1402 L 100 260.,10206133-2
2,6133,3,,abbas etc. monasterium ordo Cisterciensium Misnensis diocesis: incorporatio parochialis ecclesia in Fortinberg et in Besecow et in Funfechin et in Welmenitz dictus diocesis 18 ianuarius 1402 L 104 91v.,10206133-3
2,6177,0,Osterborkch,,10206177-0
2,6177,1,,opidum Halberstadensis diocesis capella sanctus Georgii fundare a Giselberto Dobberkow decretum doctor: indulgentia 28 october 1393 L 27 178.,10206177-1
2,6177,2,,opidum Halberstadensis diocesis capella sanctus Georgii fundare a Giselberto Dobberkow decretum doctor: indulgentia 7 maius 1400 L 79 33.,10206177-2
2,6177,3,,"altare sanctus Johannis baptista in ecclesia sancti Nicolai: mandatum, quod Johannes Schymming rector dictus altare eiusque successores solvant annuatim 2 marchas argenti ad sustentationem monasterium in Crevese ordo sancti Benedicti Verdensis diocesis altare ab Henrico de Soltwedel alias dictus Schymming prepositus de bonis dictus monasterium est fundare 22 martius 1403 L 109 97.",10206177-3
2,6248,0,Parchem,,10206248-0
2,6248,1,,parochialis ecclesia Zwerinensis diocesis: indulgentia ad instar ecclesia sancti Marie in Portiuncula 8 iunius 1401 L 88 132.,10206248-1
2,6985,0,Temptzin,,10206985-0
2,6985,1,,capella domus sanctus Antonii ordo sancti Augustini Zwerinensis diocesis: indulgentia 19 ianuarius 1399 L 71 57.,10206985-1
2,6985,2,,capella domus sanctus Antonii ordo sancti Augustini Zwerinensis diocesis: indulgentia ad instar ecclesia sancti Marci de Venetiis 13 aprilis 1400 L 80 147.,10206985-2
2,7272,0,Treptowe,,10207272-0
2,7272,1,,antiquum opidum Brandenburgensis diocesis capella Closterberche extra muros: indulgentia ad instar ecclesia sancti Marie de Portiuncula 9 aprilis 1400 L 79 1.,10207272-1
2,7276,0,Tribuzes,,10207276-0
2,7276,1,,capella sanctus Georgii Zwerinensis diocesis: indulgentia ad instar ecclesia sancti Marie Magdalene in Dusseldorpe et ecclesia Aquilegensis 24 maius 1401 L 94 223.,10207276-1
2,7448,0,Welpesholt,,10207448-0
2,7448,1,,capella beatus Marie Halberstadensis diocesis: indulgentia ad instar ecclesia sancti Marie in Portiuncula 7 iulius 1401 L 94 199.,10207448-1
2,7530,0,Veteriscelle,,10207530-0
2,7530,1,,monasterium sanctus Marie Cist. ordo Misnensis diocesis: indulgentia 3 februarius 1392 L 25 202v.,10207530-1
2,7567,0,Villabuken,,10207567-0
2,7567,1,,parochialis ecclesia beatus Marie Razeburgensis diocesis: indulgentia 20 februarius 1391 L 12 212v.,10207567-1
2,7568,0,Wilsnack,,10207568-0
2,7568,1,,parochialis ecclesia Corp. Christi Havelbergensis diocesis: indulgentia 25 iulius 1393 L 28 97.,10207568-1
2,7601,0,Wittenberg,,10207601-0
2,7601,1,,opidum Brandenburgensis diocesis ecclesia capella omnes SS. nuncupatus: indulgentia 19 iulius 1398 L 52 35.,10207601-1
2,7645,0,Czedink,,10207645-0
2,7645,1,,capella Corp. Christi Brandenburgensis diocesis: indulgentia ad instar ecclesia monasterium in Regali Lutter Halberstadensis diocesis 8 aprilis 1401 L 87 126.,10207645-1
2,7645,2,,capella Corp. Christi Brandenburgensis diocesis: indulgentia ad instar ecclesia sancti Marci de Venetiis 17 aprilis 1401 L 89 59.,10207645-2
2,7829,0,Dresden,,10207829-0
2,7829,1,,opidum Misnensis diocesis: indulgentia pro ecclesia in area a Wilhelmo march. Misnensis donata per priorem provincialem etc. ordo herem. sanctus Aug. construenda 24 october 1405 L 123 272.,10207829-1
3,171,0,Czwickow,,10300171-0
3,171,1,,capella hospitalis sanctus Georgii extra muros opidum Nuemburgensis diocesis: de indulgentia 17 september 1409 L 136 103v.,10300171-1
3,228,0,Aldenburg,,10300228-0
3,228,1,,ecclesia beatus Marie castri Romanus ecclesia immediatus subiectus: de indulgentia 14 februarius 1414 L 185 278v. .,10300228-1
3,228,2,,capella sanctus Georgii in castro Nuemburgensis diocesis: de indulgentia 22 october 1411 L 158 142v.,10300228-2
3,535,0,Kothebus,,10300535-0
3,535,1,,parochialis ecclesia sancti Nicolai Misnensis diocesis: de indulgentia 24 iunius 1410 L 147 162v.,10300535-1
3,556,0,Dobelin,,10300556-0
3,556,1,,parochialis ecclesia sancti Nicolai Misnensis diocesis: de indulgentia 7 iulius 1413 L 173 205v.,10300556-1
3,1008,0,Hertzeberg,,10301008-0
3,1008,1,,capella Corporis Jesu Christi Misnensis diocesis: de indulgentia 12 ianuarius 1415 L 185 52v.,10301008-1
3,1629,0,Monsboldensberg,,10301629-0
3,1629,1,,capella beatus Marie Virg. Brandenburgensis diocesis: de indulgentia 17 october 1411 L 153 29v.,10301629-1
3,1969,0,Stendal ecclesia sancti Nicolai Halberstadensis diocesis,,10301969-0
3,1969,1,,de indulgentia 10 september 1411 L 158 106v.,10301969-1
3,1990,0,Tangermunde,,10301990-0
3,1990,1,,ecclesia sancti Johannis baptista et Johannis ev. in castro Halberstadensis diocesis: conservatoria 29 maius 1411 L 159 118.,10301990-1
3,1990,2,,ecclesia sancti Johannis baptista et Johannis ev. in castro Halberstadensis diocesis: de dispensatio a statuta super residentia 8 november 1414 L 175 171v.,10301990-2
3,1990,3,,"ecclesia sancti Johannis baptista et Johannis ev. in castro Halberstadensis diocesis: que Carolus Romanus et Bohemie rex in collegiata ecclesia fecerat constitutio, cum parochialis ecclesia sancti Stephani in suburbiis dicti castri in ipsa incorporatio ac parochialis ecclesia in Bretzen Brandenburgensis diocesis ad ipsam spectans: de exemtione a iurisdict. ordinaria cum reservatio iuris patronatus super prepositura pro marchione Brandenburgensis ac iuris institutio prepositus et canonicus ac Visitationis pro decanus ecclesia sancti Nicolai in Stendal Halberstadensis diocesis 5 ianuarius 1415 L 175 45v.",10301990-3
3,1990,4,,"ecclesia sancti Johannis baptista et Johannis ev. in castro Halberstadensis diocesis: mandatum supplicatio Sigismundo Romanus et Vng. rege incorporatio maioris prebenda ecclesia sancti Nicolai in Stendal Halberstadensis diocesis, non obstantibus statuta ecclesia dictus 5 ianuarius 1415 L 175 44v.",10301990-4
3,1990,5,,ecclesia sancti Johannis baptista et Johannis ev. in castro Halberstadensis diocesis: de indulgentia 5 ianuarius 1415 L 185 260.,10301990-5
3,2188,0,Wittenberg,,10302188-0
3,2188,1,,"ecclesia Omniumsanctorum Brandenburgensis diocesis: de indulgentia 17 october 11 L 153 30, 12 ianuarius 1415 L 185 53.",10302188-1
3,2195,0,Wlfelbuttel,,10302195-0
3,2195,1,,capella sanctus Longini prope castrum Halberstadensis diocesis: de indulgentia 25 iulius 1414 L 185 105.,10302195-1
4,277,0,Aldenburg,,10400277-0
4,277,1,,ecclesia sancti Georgii in castro A. Nuemburgensis diocesis in collegiata erecta: indulgentia 8 iulius 1423 I 112 308v.,10400277-1
4,277,2,,capitulum ecclesia sancti Georgii Nuemburgensis diocesis: conservatoria 17 iulius 1423 V 358 83r.,10400277-2
4,277,3,,capitulum ecclesia sancti Georgii Nuemburgensis diocesis: reformatio 17 iulius 1423 S 169 264v.,10400277-3
4,277,4,,magistra etc. monasterium in A. ordo Premonstratensium Treverensis diocesis: reformatio super parochialis ecclesia in Biele Treverensis diocesis 24 februarius 1424 S 174 260r.,10400277-4
4,1168,0,Besekow,,10401168-0
4,1168,1,,"parochialis ecclesia beatus Marie opidum B. Misnensis diocesis: de indulgentia 20 ianuarius 1429 S 235 78r, L 286 140r.",10401168-1
4,1253,0,Burghartzwalde,,10401253-0
4,1253,1,,parochialis ecclesia Misnensis diocesis : de indulgentia 15 december 1429 S 249 246v.,10401253-1
4,1307,0,Busso de Vicedominis miles ambassiator Wilhelmi lantgravii Thuringie ac marchionis Misnensis,,10401307-0
4,1307,1,,de indulgentia pro parochialis ecclesia in Rosla Maguntinae diocesis; de canonicatus sub expectatio prebenda Nuemburgensis necnon sanctus Severi Erforden. pro Henrico Vitztumi clericus Maguntinae diocesis ex utroque de militaris genus; de beneficium sub expectatione prebende pro Frederico Clepe presbiter plebano in Rosla Maguntinae diocesis; de beneficium sub expectatione prebende pro Thoma de Tzwickow clericus Merseburgensis diocesis 30 ianuarius 1418 S 115 170r.,10401307-1
4,1309,0,Caldenborne,,10401309-0
4,1309,1,,monasterium sanctus Johannis evangelista canonicus regularis Halberstadensis diocesis : de indulgentia 24 maius 1421 S 152 187v.,10401309-1
4,1318,0,Canewitz,,10401318-0
4,1318,1,,capella beatus Catherine Misnensis diocesis : indulgentia 24 maius 1421 L 212 260v.,10401318-1
4,1399,0,Catherina marchionissa Misnensis,,10401399-0
4,1399,1,,"de indulgentia pro altare beatus Marie, conceptionis Anne, Andree apostolicus ac omnes SS. in capella castri Culditz Misnensis diocesis ab ipsa fundato 11 december 1421 S 158 182r.",10401399-1
4,1415,0,Keentze,,10401415-0
4,1415,1,,capella beatus Marie virgo infra limites parochialis ecclesia in Baard Zwerinensis diocesis : indulgentia 31 maius 1418 L 195 112r.,10401415-1
4,1421,0,Kempnic,,10401421-0
4,1421,1,,parochialis ecclesia sancti Jacobi Misnensis diocesis : indulgentia 3 december 1421 L 222 217v.,10401421-1
4,2363,0,Dobelin,,10402363-0
4,2363,1,,parochialis ecclesia sancti Nicolai Misnensis diocesis : de indulgentia 29 november 1424 S 182 54v.,10402363-1
4,2521,0,Ebrstorff,,10402521-0
4,2521,1,,parochialis ecclesia beatus Marie virgo Misnensis diocesis : indulgentia 4 maius 1426 L 263 320r.,10402521-1
4,2962,0,Vredeland,,10402962-0
4,2962,1,,capella beatus Marie virgo in cimiterio parochialis ecclesia opidum Havelbergensis diocesis: de indulgentia 8 november 1419 S 134 43.,10402962-1
4,2962,2,,"capella beatus Marie virgo in cimiterio parochialis ecclesia opidum Havelbergensis diocesis: de indulgentia 6 iunius 20 S 145 25v, 8 iulius 1420 L 208 222v.",10402962-2
4,2962,3,,fraternitas sacerdotum et scolarium sanctus Gregorii : de indulgentia 8 november 1419 S 134 43.,10402962-3
4,2980,0,Fridericus marchio Brandenburgensis elector ac burggravius Nuremberg.,,10402980-0
4,2980,1,,de insigniis pontificalis pro abbas monasterium Fontissalutis ordo Cisterciensium Eistetensis diocesis; de insigniis pontificalis pro abbas monasterium in Wallerbach ordo Cisterciensium Ratisbonensis diocesis; de licentia benedicendi res sacras pro abbas monasterium in Wiltzburg ordo sancti Benedicti Eistetensis diocesis; de remissio plenarius pro abbas et monachis supradd. monasterium 20 december 1417 S 108 47.,10402980-1
4,2980,2,,de licentia divina resumendi post expulsionem excommunicatio pro consul etc. Noveciv. Brandenburgensis; de indulgentia pro parochialis ecclesia sancti Katherine et Amalberge Noveciv. predicte; de indulgentia pro altare corpus Christi in parochialis ecclesia predicta; de indulgentia pro capella sanctus Urbani et sanctus Spiritus penes portam Noveciv. predicte 21 aprilis 1418 S 110 285.,10402980-2
4,2980,3,,de indulgentia pro parochialis ecclesia in Schwobuch Eistetensis diocesis; de indulgentia pro hospitale pauperum dictus opidum; de indulgentia pro parochialis ecclesia sancti Ulrici in villa Blauelden Herbipolensis diocesis; de indulgentia pro parochialis ecclesia in Kreulssheim Herbipolensis diocesis 21 aprilis 1418 S 110 287v.,10402980-3
4,2980,4,,de indulgentia pro parochialis ecclesia in Langentzem Herbipolensis diocesis 21 aprilis 1418 S 112 8v.,10402980-4
4,2980,5,,de confirmatio privil.; de esu carnium pro Agneta sorore sua abbatissa etc. monasterium curie Regnitz ordo sancte Clare Bambergensis diocesis 21 aprilis 1418 S 112 20.,10402980-5
4,2980,6,,de confessio; interdictum; licentia sacram. eucharistie ministrandi pro quolibet sacerdote ab ipso electo 27 maius 1418 S 112 118.,10402980-6
4,2980,7,,de indulgentia pro monasterium in Langentzeim Herbipolensis diocesis 29 maius 1418 S 118 253v.,10402980-7
4,2980,8,,de licentia intrandi in monasterium monialis curie Regnitz ordo sancte Clare Bambergensis diocesis cuius abbatissa soror existit; de remissio plenarius pro Agnete abbatissa; de licentia commutandi ieiunium pro Elizabeth uxore sua; de mortis articulus pro Adelheid abbatissa monasterium Coroneceli ordo Cisterciensium Bambergensis diocesis 20 december 1421 S 159 7v.,10402980-8
4,2980,9,,reformatio concessio ingressus monasterium monialis curie Regnitz ordo sancte Clare Bambergensis diocesis 20 december 1421 S 160 61v.,10402980-9
4,2980,10,,PK non 112/114.,10402980-10
4,2980,11,,de erectione capelle in villa Werd prope opidum Nuremburg Bambergensis diocesis et sub parochialis ecclesia sancti Sebaldi dictus opidum in parochialis ecclesia 25 november 1423 S 172 62v.,10402980-11
4,2980,12,,de licentia eligere confirmare pro se et familia; altare portatile; interdictum; ante diem; licentia requirendi rectores ecclesia sui patronatus ad residentiam; de confirmatio emptionis feudorum in partibus Franconie Bavarie et Suevie ab Oswaldo comes de Truhending cum iuribus presens; de confirmatio privil. concedere ab Augustino priori generali ordo frater herem. sanctus A. conventui in Kulmach dictus ordo Bambergensis diocesis 25 ianuarius 1424 S 174 37.,10402980-12
4,2980,13,,de fructus in absentia pro 4 familiaris 25 iulius 1425 S 188 253v.,10402980-13
4,2980,14,,de commissione materie dissensionis inter rector parochialis ecclesia sancti Sebaldi Nurenburg. Bambergensis diocesis et communitatem ville Werd novo episcopus Bambergensis 25 iulius 1425 S 188 253v.,10402980-14
4,2980,15,,et proconsules etc. opidum Nouwen. ? Brandenburgensis diocesis: confirmatio remissionem debitorum et exemtionem ab omnibus contributionibus ad decennium per dominus F. concessam 23 iunius 1426 L 263 88.,10402980-15
4,2980,16,,et Elizabeth uxor: remissio plenarius 17 martius 1428 L 280 258.,10402980-16
4,2980,17,,de confirmatio indulti concedere per H. cardinalis sanctus Eusebii legatum domo ordo f. mandatum Brandenburgensis super electione vicarii etc. 30 aprilis 1428 S 225 262v.,10402980-17
4,2980,18,,"et Johannes eius natus: de altare portatile, ante diem et interdictum pro J.; de lacticiniis pro J. et familia; de confessio pro J. et conthorali; de licentia celebrandi statim post recessum excommunicatio pro Vetericiv. Brandenburgensis 30 december 1429 S 258 217.",10402980-18
4,2980,19,,de dispensatio super ieiunio et abstinentia; de lacticiniis; de licentia eligere confessor 16 martius 1430 S 254 211.,10402980-19
4,3100,0,Fridericus senior marchio Misnensis,,10403100-0
4,3100,1,,de confirmatio privil. de non evocando 7 maius 1418 S 112 162.,10403100-1
4,3100,2,,lantgravius Thuringie et marchio Misnensis etc. et Katherina uxor: de remissio plenarius; altare portatile; interdictum; ante diem; confessio; lacticiniis etiam pro subditis; esu carnium pro monachis ordo Cisterciensium ipsos visitantibus 7 maius 1418 S 112 162.,10403100-2
4,3100,3,,licentia celebrandi post ingressum suum ad loca interdicta 22 december 1420 L 212 137v.,10403100-3
4,3100,4,,"de confirmatio statutorum super canonicatus et prebenda Nuemburgensis, Misnensis, ecclesia sancti Petri et Pauli Cytzen. Nuemburgensis diocesis obtinendis a personis universitatis studii Liptzen. Merseburgensis diocesis; de concessio iuris patronatus omnes canonicatus et prebenda ad partem iam tenet ecclesia Misnensis; interdictum 22 december 1420 S 150 101.",10403100-4
4,3100,5,,de non evocando pro subditis 6 ianuarius 1421 S 150 120.,10403100-5
4,3100,6,,statuitur ut duo canonicatus et maior prebenda Merseburgensis presentatis per rector etc. studii Liptzen. conferantur 20 ianuarius 1421 L 212 135v.,10403100-6
4,3100,7,,de concessio iuris patronatus etiam ad alios 8 canonicatus et prebenda Misnensis; licentia ut capellanus suus coram se missam celebrare possit ubicumque sine licentia alicuius 9 martius 1421 S 151 21v.,10403100-7
4,3100,8,,de indulgentia pro parochialis ecclesia in opidum Mitteweydis Misnensis diocesis; pro parochialis ecclesia sancti Jacobi in opidum Kempnicen. dictus diocesis; pro ecclesia beatus Marie virgo e. opidum Githan Merseburgensis diocesis; mortis articulus pro Henrico Lukaw vicarius in castro Aldenburg Nuemburgensis diocesis 3 december 1421 S 158 73.,10403100-8
4,3100,9,,"reformatio supplicatio de non evocando 11 december 1421 S 158 80v, L 222 194.",10403100-9
4,3100,10,,"reformatio supplicatio 23 december 1421 S 158 197v, super collatione beneficium ecclesia Misnensis L 222 198.",10403100-10
4,3100,11,,concessio facultas presentandi ad canonicatum et prebenda primo vacaturos in ecclesia opidum Gothen. Maguntinae diocesis 10 augustus 1423 L 233 200.,10403100-11
4,3100,12,,dus Saxonie archimarscallus et elector imperii: de licentia super esu carnium pro religiosis in sua mensa 10 september 1423 S 170 95.,10403100-12
4,3100,13,,de non promotio ad ordo pro medico suo Johanne Ade de Mobertingen rector parochialis ecclesia in Herbesleben Maguntinae diocesis magister in artes et medicina 4 aprilis 1424 S 177 38v.,10403100-13
4,3100,14,,de indulgentia pro parochialis ecclesia beatus Marie virgo in Ebirstorff Misnensis diocesis 18 maius 1425 S 192 207.,10403100-14
4,3683,0,Githan,,10403683-0
4,3683,1,,parochialis ecclesia beatus Marie extra muros opidum Merseburgensis diocesis: indulgentia 3 december 1421 L 222 153.,10403683-1
4,3705,0,Godebusse,,10403705-0
4,3705,1,,hospitale sanctus Spiritus opidum Razeburgensis diocesis: de indulgentia 3 ianuarius 1420 S 136 194.,10403705-1
4,3705,2,,hospitale sanctus Spiritus opidum Razeburgensis diocesis: hospitale sanctus Spiritus et sanctus Nicolai ac sanctus Margarethe: de indulgentia 29 ianuarius 1420 S 138 153v.,10403705-2
4,3706,0,Golme,,10403706-0
4,3706,1,,capella beatus Marie virgo in heremo Golme Brandenburgensis diocesis: indulgentia 12 december 1428 L 286 7v.,10403706-1
4,3877,0,Gronhagen,,10403877-0
4,3877,1,,abbas etc. monasterium sanctus Nicolai ordo Cisterciensium Nuemburgensis diocesis: de indulgentia 8 iulius 1426 S 199 256v.,10403877-1
4,5597,0,Hermannus abbas monasterium beatus Marie Pozauien. Nuemburgensis diocesis,,10405597-0
4,5597,1,,de indulgentia 15 maius 1419 S 125 79v.,10405597-1
4,5759,0,Hoddendorpe,,10405759-0
4,5759,1,,capella beatus Marie ville H. Halberstadensis diocesis que est unita monasterium monialis in Niendorpe ordo Cisterciensium : indulgentia 18 october 1429 L 285 296v.,10405759-1
4,5813,0,Hugoldus de Slinitz Slynitz miles Misnensis,,10405813-0
4,5813,1,,de indulgentia pro parochialis ecclesia in Luben in suo dominio Misnensis diocesis 15 maius 1419 S 125 80.,10405813-1
4,5813,2,,ante diem 23 iulius 1422 L 237 156v.,10405813-2
4,6189,0,Joachim Moltzan Molsan canonicus Zwerinensis,,10406189-0
4,6189,1,,constitutus nuntius et collector generalis in provincia Bremensis et Rigensis et in diocesis ac civitas Caminensis Verdensis et Sleswicensis et abbas monasterium in Dargun ordo Cisterciensium Caminensis diocesis debet recipere iuramentum 7 december 1417 V 348 5.,10406189-1
4,6189,2,,mandatum abbas monasterium in Dargun ordo Cisterciensium Caminensis diocesis recipere iuramentum 10 december 1417 DC 4 16v.,10406189-2
4,6189,3,,"presbiter de miles genitus canonicus et minor prebenda Zwerinensis: de canonicatus et maior prebenda Zwerinensis vacante per obitum Lamberti Rogentin, non obstante canonicatus et minor prebenda Caminensis et Gustrowen. Caminensis diocesis ac parochialis ecclesia in Baard Zwerinensis diocesis 11 december 1417 S 109 161.",10406189-3
4,6189,4,,dat mutuum 200 florenus camera apostolicus per Cristianum Coband canonicus Razeburgensis frater ordo Premonstratensium 13 december 1417 DC 4 11.,10406189-4
4,6189,5,,mandatum citandi magister Johannem Molner olim collectorem 20 december 1417 DC 4 18.,10406189-5
4,6189,6,,"de canonicatus et maior prebenda Zwerinensis vacante per obitum Lamberti Roggentin <Roggetin>, non obstante canonicatus et minor prebenda Caminensis et Gustrowen. Caminensis diocesis ac parochialis ecclesia in Baard <Bard> 22 ianuarius 1418 S 108 288v, L 188 141v.",10406189-6
4,6189,7,,"ex utroque de nobilis genus: provisio de canonicatus cum reservatione prebende Lubicensis et Caminensis, non obstante canonicatus et minor prebenda Zwerinensis, Caminensis et Gustrowen. Caminensis diocesis, parochialis ecclesia in Bard Zwerinensis diocesis 26 ianuarius 1418 L 199 291.",10406189-7
4,6189,8,,"de dispensatio super incompatibilitas cum parochialis ecclesia in Bard Zwerinensis diocesis et de indulgentia pro capella in Keentze sub dictus ecclesia parochialis in Bard situata cuius rector ipse existit 31 maius 1418 S 112 195v, canonicus Lubicensis: dispensatio super incompatibilitas L 189 15v.",10406189-8
4,6189,9,,"reformatio dispensatio super incompatibilitas parochialis ecclesia in Bard Zwerinensis diocesis, canonicatus et minor prebenda Zwerinensis, Caminensis, Gustrowen. Caminensis diocesis obtinenti provisio erat de alio beneficium 18 S 116 50v.",10406189-9
4,6189,10,,mandatum informandi super processu Magni episcopus Caminensis contra Nicolaum Bowerstorp vicarius in ecclesia Gustrowen. Caminensis diocesis 6 augustus 1418 DC 4 187v.,10406189-10
4,6189,11,,mandatum de non molestando Johannem Reymoldi rector secundarie vicarie sanctus Habundi in cripta ecclesia beatus Marie Hamburgen. Bremensis diocesis super annata 8 iunius 1419 DC 5 96v.,10406189-11
4,6189,12,,mandatum informandi super gestis predecessoris sui Johannis Molner archidiaconus Parchimen. 21 augustus 1419 DC 5 161v.,10406189-12
4,6189,13,,mandatum de non molestando Nicolaum Vordis rector parochialis ecclesia in Richemberg Zwerinensis diocesis super annata 19 DC 5 67v.,10406189-13
4,6189,14,,"ipse deputat succollectores videlicet in diocesis Lubicensis Razeburgensis et Sleswicensis Johannem Weydeknepel canonicus Lubicensis et demum eo amoto Johannem Wunstorp presbiter Lubicensis, item in diocesis Caminensis Detlevum Suem canonicus Caminensis, in diocesis Bremensis Johannem Werneri cantor ecclesia collegiata beatus Marie Hamburgen. Bremensis diocesis post Johannem Rickersen revocatum, nomina misit ad curiam in computis suis per Jacobum Schonenberg 19 L0 2 18v.",10406189-14
4,6189,15,,"de confirmatio archidiaconus Stolpen. in ecclesia Caminensis vacante per obitum Nicolai Roden, non obstante parochialis ecclesia in Bardis cum capella in Kentze, canonicatus Caminensis et Gustrowen., canonicatus et maior prebenda ecclesia sancti Ottonis Stetinen., Caminensis, canonicatus et minor prebenda Zwerinensis 6 december 1420 S 149 243v.",10406189-15
4,6189,16,,"archidiaconus Stolpen. in ecclesia Caminensis: de licentia testandi 11 maius 1423 S 167 176, L 233 172v.",10406189-16
4,6189,17,,"de confirmatio parochialis ecclesia in Bardis Zwerinensis diocesis quam acceptare ad presentatio Wartislai ducis Stetin. vacante per obitum Radolphi Spitman, non obstante canonicatus et minor prebenda Caminensis, Zwerinensis, Gustrowen. Caminensis diocesis, lite super archidiaconus Stolpen. in ecclesia Caminensis 15 maius 1423 S 165 236v.",10406189-17
4,6189,18,,"de confirmatio gratia, non obstante canonicatus et prebenda ecclesia Gustrowen. Caminensis diocesis, parochialis ecclesia in Bard Zwerinensis diocesis, lite super archidiaconus Stolpen. in ecclesia Caminensis 18 maius 1423 S 167 291, L 233 40.",10406189-18
4,6189,19,,"de canonicatus sine e. prebenda Zwerinensis et Caminensis pro Bernardo Moltzan clericus consanguineo, non obstante quod dictus B. vicaria in parochialis ecclesia in Grubenhaghen Caminensis diocesis obtinet sub data III kal. februarius a. I [23] S 167 292.",10406189-19
4,6189,20,,"mandatum procedendi unacum Johanne Molner archidiaconus Parchimen. in ecclesia Zwerinensis contra Wedeghen et Degenhardum dicti Buggenhagen frater nobilis Caminensis diocesis necnon Bulderbere Hennikinum Basseuitze, Bedeke van den Borne, Everhardum Molteke, Swarte Wedeghe Buggenhaghen, Bernardum Buggenhaghen, Arnoldum filius Renwardi, Drake filius Hennyngi Draken, Conradum Wynterueld, Wedeghe Vos, Nicolaum van der Berghe filius Deghenardi, Spegelstorp Sabel Parzisow, Hermannum Bluter iunior, Georgium Grewekow et Nicolaum Wernshaghen laicos Caminensis Zwerinensis et Razeburgensis diocesis qui Conradum Bonow presbiter prothonotarius ad concilium Constantiensis euntem interfecerunt causa prius Johanni Meynesti archidiaconus Rosticen. in ecclesia Zwerinensis commissa 2 october 1423 DC 7 108v.",10406189-20
4,6189,21,,mandatum quod satisfaciat Conrado Ryke presbiter Roskildensis diocesis cuius bona arrestaverat in favorem Detlevi Suem succollector instrumentum insertum est 8 februarius 1424 DC 8 93.,10406189-21
4,6189,22,,mandatum quod requirat suos succollector ad respondendum de cessionibus bonorum nomine camere factis 14 februarius 1424 DC 8 97v.,10406189-22
4,6189,23,,"de confirmatio canonicatus et maior prebenda Caminensis ac archidiaconus Dyminen. in dictus ecclesia vacante per obitum Johannis Lowentkoper vel per resignatio Alberti Kregenberg, non obstante canonicatus et prebenda Caminensis, Zwerinensis, parochialis ecclesia in Bard Zwerinensis diocesis, archidiaconus Stolpen. in ecclesia Caminensis dimissio 21 september 1424 S 178 198.",10406189-23
4,6189,24,,"de uberiori dispensatio super incompatibilitas, non obstante parochialis ecclesia in Bard Zwerinensis diocesis, archidiaconus Dyminen. in ecclesia Caminensis, canonicatus et maior prebenda Caminensis ac Gostrowen. Caminensis diocesis necnon Zwerinensis minor prebenda 7 augustus 1425 S 189 96.",10406189-24
4,6189,25,,collector in provincia Bremensis: solvere 170 florenus de pecuniis per eum exactis 3 november 1425 IE 383 28v.,10406189-25
4,6189,26,,"rector parochialis ecclesia in Bard Zwerinensis diocesis: de confirmatio canonicatus et prebenda Caminensis ac archidiaconus Dyminen. in ecclesia Caminensis vacante per obitum Johannis Lowentkoper et Alberti Kregenberch scriptor, non obstante minor prebenda in ecclesia Gustrowen. Caminensis diocesis ac Zwerinensis 7 october 1426 S 202 89v.",10406189-26
4,6189,27,,"de provisio si neutri de archidiaconus Dyminen. ac canonicatus et prebenda Caminensis vacante per obitum Alberti Krekenborch <Creyemberg> scriptor et litterarum apostolicarum abbreviator <ac per obitum Johannis Lowentkoper> super quibus litigare contra Henricum Berwisch clericus Halberstadensis, non obstante parochialis ecclesia opidum in Bard Zwerinensis diocesis et minor prebenda Zwerinensis ac Gustrowen. Caminensis diocesis 19 februarius 1427 S 208 90, L 268 67v.",10406189-27
4,6189,28,,"de prorogatio licentia retinendi ad aliud decennium parochialis ecclesia in Bard Zwerinensis diocesis cum canonicatus et prebenda ac archidiaconus Dyminen. ecclesia Caminensis vacante per obitum Johannis Lowentkoper super quibus litigare contra Henricum Beruorsch, non obstante canonicatus et prebenda Zwerinensis ac in ecclesia Gustrowen. Caminensis diocesis et Caminensis 13 aprilis 1427 S 218 190v.",10406189-28
4,6189,29,,"de prorogatio licentia retinendi ad aliud decennium parochialis ecclesia in Bard Zwerinensis diocesis cum canonicatus et prebenda ac archidiaconus Dyminen. in ecclesia Caminensis vacante per obitum Johannis Lowentkoper super quibus litigare contra Henricum Berwisch clericus, non obstante canonicatus et prebenda Zwerinensis et in ecclesia Gustrowen. Caminensis diocesis 9 maius 1427 S 212 151.",10406189-29
4,6189,30,,obligatio super annat. per Hermannum Robiin procurator in curia canonicatus et prebenda ac archidiaconus Diminen. in ecclesia Caminensis 8 ianuarius 29 dictus H. produxit mandatum ratificationis 17 november 1427 A 3 89.,10406189-30
4,6193,0,Jockrim,,10406193-0
4,6193,1,,"capella sanctus Katherine filialis parochialis ecclesia opidum J. Misnensis diocesis: de indulgentia 9 martius 1427 S 208 215v, L 276 155.",10406193-1
4,6709,0,Johannes Kale opidanus opidum Holmestede Halberstadensis diocesis,,10406709-0
4,6709,1,,de indulgentia pro altare beatus Marie virgo ab ipso dotato in parochialis ecclesia sancti Stephani 20 december 1419 S 138 223.,10406709-1
4,8386,0,Johannes Mentz Menss scobator palatii apostolicus,,10408386-0
4,8386,1,,"assig. pecunia 1 aprilis 20 M 1 104v, 19 iulius 1420 M 1 122v.",10408386-1
4,8386,2,,"presbiter Magdeburgensis servitor forrarie: de canonicatus et maior prebenda ecclesia sancti Nicolai Stendalien. Halberstadensis diocesis vacante per obitum Johannis de Redekin collector, non obstante vicaria in ecclesia Magdeburgensis 10 ianuarius 1421 S 150 191.",10408386-2
4,8386,3,,"provisio de parochialis ecclesia in Welsleue Magdeburgensis diocesis ac vicaria ad altare sanctus Georgii in ecclesia beatus Marie Halberstadensis vacante per obitum Henningi Knust apud curiam, non obstante vicaria in ecclesia Magdeburgensis, lite super canonicatus et prebenda in ecclesia sancti Nicolai Stendalien. Halberstadensis diocesis 31 iulius 1421 L 210 3, cassatio L 216 265v.",10408386-3
4,8386,4,,obligatio super annat. parochialis ecclesia in Welsleue Magdeburgensis diocesis necnon vicaria ad altare sanctus Georgii in ecclesia beatus Marie Halberstadensis vacante per obitum Henninghi Knust 20 october 1421 A 2 54.,10408386-4
4,8386,5,,"de confirmatio vicaria ad altare sanctus Catherine in ecclesia beatus Marie Erford. Maguntinae diocesis vacante per obitum Johannis Wegerdantz, non obstante vicaria in ecclesia Magdeburgensis, in ecclesia beatus Marie virgo Halberstadensis 22 october 1422 S 164 97v.",10408386-5
4,8386,6,,"de surrogatio ad iura quondam Werneri Ingeleue qui litigare contra Ernestum Aurifabri clericus super canonicatus et prebenda ecclesia sancti Pauli Halberstadensis vacante per obitum Angeli Sceper <vacante per obitum Ludolphi Knust>, non obstante vicaria [.] <ecclesia Magdeburgensis et in ecclesia beatus Marie Halberstadensis> 27 october 1422 S 164 185v, L 225 77v.",10408386-6
4,8386,7,,obligatio super annat. canonicatus et maior prebenda ecclesia sancti Pauli Halberstadensis vacante per obitum Werneri Ingeleue 17 december 1422 A 2 202.,10408386-7
4,8386,8,,"provisio de canonicatus cum reservatione prebende Lubicensis et ecclesia beatus Marie Hamburg. Bremensis diocesis, non obstante parochialis ecclesia in Welsleue Magdeburgensis diocesis, vicaria in ecclesia beatus Marie Halberstadensis et in ecclesia Magdeburgensis 25 aprilis 1424 L 249 88.",10408386-8
4,8386,9,,"de parochialis ecclesia in Gebese Maguntinae diocesis vacante per resignationem Johannis Wykeman clericus, non obstante parochialis ecclesia in Welsleue dictus diocesis, vicaria in ecclesia Maguntina, lite super vicaria in ecclesia beatus Marie Erford. dictus diocesis, certis protestationibus super canonicatus et maior prebenda ecclesia sancti Nicolai Magdeburgensis 2 november 1424 S 180 140.",10408386-9
4,8386,10,,de perinde valere dispensatio super incompatibilitas parochialis ecclesia in Welsleue Magdeburgensis diocesis ac parochialis ecclesia in Gebese Maguntinae diocesis 8 november 1424 S 180 55.,10408386-10
4,8386,11,,"reformatio super revalidatione gratia expectativa 28 december 1424 S 182 113, L 250 42.",10408386-11
4,8386,12,,"de confirmatio canonicatus et prebenda Magdeburgensis vacante per obitum Hinrici de Slywen, non obstante vicaria in dictus ecclesia, in ecclesia beatus Marie Halberstadensis, parochialis ecclesia in Welsleue dictus diocesis, lite super vicar in ecclesia beatus Marie Erford. 19 ianuarius 1425 S 181 230v.",10408386-12
4,8386,13,,reformatio surrogatio ad ius Arnoldi Sartoris presbiter Nuemburgensis ad parochialis ecclesia in Lobda Nuemburgensis diocesis super qua litigare contra Henricum Czusk et Albertum Stoghusen presbiter 24 aprilis 1425 S 183 37.,10408386-13
4,8386,14,,obligatio super annat. parochialis ecclesia in Lobda Nuemburgensis diocesis vacante per resignationem Arnoldi Sartoris 13 augustus 1425 A 2 87.,10408386-14
4,8386,15,,concessio privil. familiaris 2 october 1425 L 251 111.,10408386-15
4,8386,16,,obligatio super annat. parochialis ecclesia in Gebese Maguntinae diocesis vacante per obitum Henrici Hoppensack 19 februarius 1426 A 2 130v.,10408386-16
4,8386,17,,mandatum induci in canonicatus et maior prebenda Magdeburgensis vacante per obitum Hinrici de Slewen super quibus litigare contra Borchardum de Steynbeke presbiter Maguntinensis et Johannem Ritter 5 iulius 1426 L 264 152v.,10408386-17
4,8386,18,,mandatum induci in canonicatus et maior prebenda Magdeburgensis vacante per obitum Henrici de Sliwen super quibus litigare contra Burchardum de Steymbeke clericus 5 iulius 1426 L 264 153v.,10408386-18
4,8386,19,,"rector parochialis ecclesia beatus Marie virgo in Lobda Nuemburgensis diocesis: de indulgentia 20 augustus 26 S 201 216v, 3 september 1426 S 201 78v.",10408386-19
4,8386,20,,tabellionatus 5 februarius 1427 L 272 331.,10408386-20
4,8386,21,,"de declaratione quod privilegiis familiaris fruatur ab initio assumptionis pape 17 martius 1427 S 208 297, L 276 176v.",10408386-21
4,8386,22,,rector parochialis ecclesia in Welsleue et in Gebeze Magdeburgensis et Maguntinae diocesis: prorogatio annata 6 maius 1427 DC 11 87.,10408386-22
4,8386,23,,"de perinde valere gratia cuius vigore vicedominatum ecclesia Magdeburgensis assecutus est, non obstante quod parochialis ecclesia in Welsleue assecutus est, provisio de canonicatus et maior prebenda Magdeburgensis ac parochialis ecclesia in Lobda et in Gebeze Nuemburgensis et Maguntinae diocesis ac canonicatus et maior prebenda ecclesia beatus Marie Hamborg. Bremensis diocesis 16 october 1427 S 217 34.",10408386-23
4,8386,24,,reformatio super vicedominatu ecclesia Magdeburgensis 5 aprilis 1428 S 224 277v.,10408386-24
4,8386,25,,reformatio super restitutione ad gratia expectativa 27 ianuarius 1429 S 232 145.,10408386-25
4,8386,26,,"de parochialis ecclesia in Gaubatz alias Crut Pataviensis diocesis vacare per assecutio canonicatus et sacerdotalis prebenda Coloniensis per Hermannum Widelerse clericus, non obstante parochialis ecclesia in Lobda Nuemburgensis diocesis, lite super canonicatus et prebenda Magdeburgensis ac parochialis ecclesia in Gebeze Maguntinae diocesis, provisio de canonicatus et prebenda ecclesia beatus Marie Hamburg. et de dispensatio super retinendo 29 october 1429 S 246 52v, cassatio quia de anno XII S 254 98.",10408386-26
4,8386,27,,"canonicus Magdeburgensis: de confirmatio canonicatus et prebenda ac custodie Nuemburgensis vacante per obitum Thome Loem familiaris, non obstante ut prius 7 ianuarius 1430 S 251 128v.",10408386-27
4,8386,28,,de prorogatio super canonicatus et maior prebenda ac custodia Nuemburgensis 12 iulius 1430 S 259 90.,10408386-28
4,8386,29,,obligatio super annat. canonicatus et maior prebenda ac custodie Nuemburgensis 19 februarius 1431 A 5 81v.,10408386-29
4,10237,0,Lobda,,10410237-0
4,10237,1,,parochialis ecclesia Nuemburgensis diocesis: indulgentia 3 ianuarius 1427 L 269 306v.,10410237-1
4,10238,0,Lobenow,,10410238-0
4,10238,1,,"parochialis ecclesia beatus Marie et sanctus Nicolai Misnensis diocesis: de indulgentia 21 februarius 1429 S 237 118v, L 286 269v.",10410238-1
4,10240,0,Lockow <Luckow>,,10410240-0
4,10240,1,,"parochialis ecclesia sancti Nicolai et Paulini Misnensis diocesis: de indulgentia 21 februarius 1429 S 237 118, L 286 270.",10410240-1
4,10537,0,Mariendal,,10410537-0
4,10537,1,,monasterium Marie virgo et Birgitte Revaliensis diocesis ac monasterium in Mariewold Razeburgensis diocesis: de indulgentia 7 aprilis 1418 S 110 197v.,10410537-1
4,10537,2,,monasterium Marie virgo et Birgitte Revaliensis diocesis ac monasterium in Mariewold Razeburgensis diocesis: monasteria Razeburgensis diocesis ordo sancti Augustini: de conservatoria ad quinquennium 11 september 1419 S 130 293v.,10410537-2
4,10537,3,,monasterium Marie virgo et Birgitte Revaliensis diocesis ac monasterium in Mariewold Razeburgensis diocesis: monasteria Revaliensis diocesis ordo sancti Augustini: de conservatoria ad quinquennium 11 september 1419 S 130 293v.,10410537-3
4,10537,4,,monasterium Marie virgo et Birgitte Revaliensis diocesis ac monasterium in Mariewold Razeburgensis diocesis: et Ma- rienwalde ac Mariencrone monasterium ordo sancti Augustini sanctus Salvatoris nuncupatus sub regula sanctus Brigitte Revaliensis Razeburgensis et Zwerinensis ac monasterium Lincopen. et Ottonien. diocesis: revocatio de novo indulgentia 27 september 1425 V 358 148v.,10410537-4
4,11033,0,Mitteweydis,,10411033-0
4,11033,1,,parochialis ecclesia opidum Misnensis diocesis: indulgentia 3 december 1421 L 222 160v.,10411033-1
4,11069,0,Nemptzin,,10411069-0
4,11069,1,,"monasterium monialis throni sanctus Marie nuncupatus ordo Cisterciensium Merseburgensis diocesis: de indulgentia 24 maius 1421 S 152 187v, L 212 260v.",10411069-1
4,11069,2,,monasterium monialis throni sanctus Marie nuncupatus ordo Cisterciensium Merseburgensis diocesis: abbatissa etc.: de confirmatio incorporatio parochialis ecclesia in Grymis facte per Ghebehardum episcopus Merseburgensis et in Hofiken facte per Johannem episcopus Misnensis 4 iunius 1421 S 153 255v.,10411069-2
4,11967,0,Norchow,,10411967-0
4,11967,1,,filialis ecclesia sancti Martini opidum N. capella beatus Katherine in Canewitz nuncupatus Misnensis diocesis: de indulgentia 24 maius 1421 S 152 187v.,10411967-1
4,12022,0,Ortrand,,10412022-0
4,12022,1,,capella beatus Marie e. opidum Misnensis diocesis: indulgentia 13 maius 1429 L 286 246.,10412022-1
4,13431,0,Stendal,,10413431-0
4,13431,1,,decanus ecclesia sancti Nicolai Halberstadensis diocesis: de indulgentia 2 augustus 1418 S 116 122.,10413431-1
4,13431,2,,decanus ecclesia sancti Nicolai Halberstadensis diocesis: de licentia corrigendi et puniendi personas ecclesia 2 augustus 1418 S 116 122.,10413431-2
4,13431,3,,decanus ecclesia sancti Nicolai Halberstadensis diocesis: de indulgentia 29 november 1424 S 182 54.,10413431-3
4,13431,4,,"decanus ecclesia sancti Nicolai Halberstadensis diocesis: de licentia erigendi succentoriam ex una vicaria 14 december 1429 S 249 186v, L 295 232.",10413431-4
4,13431,5,,decanus ecclesia sancti Nicolai Halberstadensis diocesis: restitutio bulle supradictus 20 februarius 1430 A 4 274.,10413431-5
4,14862,0,Wilhelmus lantgravius Thuringie et marchio Misnensis,,10414862-0
4,14862,1,,"de confessio, interdictum, esu carnium, conservatoria pro prepositus etc. ecclesia in castro Aldenburg ordo sanctus Georgii Merseburgensis diocesis, indulgentia pro dictus ecclesia 29 aprilis 1420 S 141 225v.",10414862-1
4,14862,2,,confessio 6 october 1421 L 237 230.,10414862-2
4,14862,3,,"de non evocando pro se, pro consil. et familiaris, pro monasterium et locis regularibus; confirmatio incorporatio pro monasterium; de non promovere ad ordo pro familiaris; remissio plenarius; licentia eligere confessor, altare portatile, interdictum, remissio plenarius pro familiaris; licentia ingredi in monasterium cum matronis pro se et uxore sua 16 iunius 1423 S 168 234v.",10414862-3
4,14862,4,,"de indulgentia pro collegiata ecclesia sancti Georgii in castro Aldenburg Nuemburgensis diocesis, facultas absolvere in casibus reservare pro prepositus, esu carnium pro abbas etc. ordo sancti Benedicti et C. in hospitio dominus marchionis, conservatoria pro supradictus ecclesia, iure conferendi canonicatus et prebenda in ecclesia Nuemburgensis et in collegiata ecclesia Citzen. dictus diocesis, quod prepositura collegiata ecclesia in Aldenburg sit dignitas electiva 8 iulius 1423 S 169 97v.",10414862-4
4,14862,5,,interdictum 19 augustus 1423 L 236 297v.,10414862-5
4,14862,6,,remissio plenarius 19 augustus 1423 L 236 304v.,10414862-6
4,14862,7,,de reformatione monasterium in Gosk ordo sancti Benedicti Halberstadensis diocesis cuius abbas Fridericus Ebirsperg bona dilapidavit 5 september 1423 S 170 62v.,10414862-7
4,14862,8,,de licentia facere celebrare in locis interdicere; de esu carnium pro monachis ordo Cisterciensium ad mensam suam venientibus; de indulgentia pro ecclesia collegiata in Aldenburg Merseburgensis ! diocesis; de confirmatio indulgentia etc. concessarum per Bonifatium IX pro ecclesia collegiata beatus Marie in castro Aldenburg Nuemburgensis ! diocesis 30 december 1424 S 182 191.,10414862-8
4,14862,9,,de esu carnium pro monachis ordo Cisterciensium ad mensam dominus marchionis venientibus 5 februarius 1425 S 191 279v.,10414862-9
4,14862,10,,de indulgentia pro parochialis ecclesia beatus Marie virgo in Ebirstorff Misnensis diocesis 4 maius 1425 S 185 206.,10414862-10
4,14897,0,Wilsnalk,,10414897-0
4,14897,1,,hospitale sanctus Spiritus ac capella dictus hospitalis Havelbergensis diocesis: de indulgentia 14 augustus 1426 S 201 248.,10414897-1
4,14897,2,,hospitale sanctus Spiritus ac capella dictus hospitalis Havelbergensis diocesis: rector hospitalis sanctus Spiritus ac capelle dictus hospitalis extra septa opidum: de indulgentia occursus et confluxus ad dictus hospitale ob gratiam quam dominus noster Jesus Christus per sanguinem sacrosanctum miraculose in dictus opido mirabiliter operatur 3 september 1426 S 201 78v.,10414897-2
4,15028,0,Czegenhayn,,10415028-0
4,15028,1,,"capella beatus Marie Nuemburgensis diocesis: de indulgentia 25 iulius 1425 S 189 59v, L 250 263v.",10415028-1
5,678,0,Beygendorpe Razeburgensis diocesis,,10500678-0
5,678,1,,parochialis ecclesia in B.: de indulgentia 12. september 1437 S 340 149r.,10500678-1
5,885,0,Brunswic Brunswicen. Halberstadensis et Hildesemensis diocc.,,10500885-0
5,885,1,,abbas et monasterium sanctus Egidii B. ordo sancti Benedicti Halberstadensis diocesis: de conservatoria 30. iunius 1435 S 307 228vs.,10500885-1
5,885,2,,parochialis ecclesia sancti Andree B. Hildesemensis diocesis Ludolpho Quirre archidiaconus in Stockem in eccl. Hildesemensis et rector dictus parochialis ecclesia supplicare : de indulgentia 30. iunius 1435 S 309 203r.,10500885-2
5,885,3,,"decanus et capitulum collegiata ecclesia sancti Blasii B. unius de notabilioribus collegiata eccl. Saxonie Ottone, Wilhelmo et Hinrico Brunswicen. et Luneborgen. ducibus, patronus etiam supplicare : de incorporatio parochialis ecclesia in Woden Weden Hildesemensis diocesis 4 marca argenti fabrice dictus ecclesia sancti Blasii 2 marca argenti 13. october 1438 S 350 168vs.",10500885-3
5,885,4,,"proconsules, consules et universitas opidum B. Hildesemensis et Halberstadensis diocc.: de conservatoria privilegium de non evocando eis a Sigismundo Romanorum Imperator concedere et a Martino V. confirmare 26. iunius 1436 S 323 235vs, executor: abbas monasterium sancti Petri et Pauli in Regaliluttere Halberstadensis diocesis et decc. eccl. sancti Symonis et Jude Goslarien. Hildesemensis diocesis ac ecclesia sancti Alexandri Embecen. Maguntinae diocesis L 342 298vss.",10500885-4
5,981,0,Kentze Zwerinensis diocesis,,10500981-0
5,981,1,,"eccl. sive capella beatus Marie in K. infra limina parochialis ecclesia opidum Bardis dictus diocesis reparatione indigens, cui Martinus V. indulgentia concedere: de uberiori indulgentia 24. october 1439 S 363 211rs.",10500981-1
5,1482,0,Delsch Magdeburgensis diocesis,,10501482-0
5,1482,1,,"parochialis ecclesia sancti Petri et Pauli opidum D., in qua incole dictus opidum certa divina officia celebrare facultas Frederico duce Saxonie supplicatio : indulgentia et facultas audiendi confessio pro rector dictus eccl. 5. februarius 1447 V 365 477rs.",10501482-1
5,1601,0,Eberstorff Ebirstorf Misnensis diocesis,,10501601-0
5,1601,1,,"parochialis ecclesia beatus Marie in E., ad quam propter plurima miracula ibi operata multitudo confluit et que a principibus et nobilis et habitatoribus partium illarum manu forti ab hereticis regni Bohemie vicini defenditur Frederico duce Saxonie et marchione Misnensis ac electore Sacrum Romanum Imperium supplicare : de indulgentia 23. martius 1435 S 303 189r.",10501601-1
5,1601,2,,"parochialis ecclesia beatus Marie in E., ad quam propter plurima miracula ibi operata multitudo confluit et que a principibus et nobilis et habitatoribus partium illarum manu forti ab hereticis regni Bohemie vicini defenditur Frederico duce Saxonie et marchione Misnensis ac electore Sacrum Romanum Imperium supplicare : ad quam propter plurima miracula ingens multitudo etiam Bohemorum noviter ad fidem reductorum confluit F[rederico] duce Saxonie et marchione Misnensis ac C[atherina] eius matre ducissa Saxonie necnon rectore parochialis ecclesia in E. supplicare : de indulgentia et de licentia quod ipse rector secularis presbb. pro audiendis confessio delegare possit 21. februarius 1437 S 332 114rs, L 347 29v.",10501601-2
5,1954,0,"Fredericus dux Saxonie et marchio Misnensis, lantgravius Thuringie et Sigismundus dux Saxonie et marchio modernus Misnensis ac capitulum collegiata ecclesia sancti Georgii in castro Aldenburg Nuemburgensis diocesis, cuius mense capitul. 200 marca argenti puri olim quondam Wilhelmus marchio Misnensis predium nonnullorum mansorum in Aldenburg ac allodia cum pertinentiis et parochialis eccll. in Elsterberg, Kale, Ffroberg, Koryn, Gotznitz, Borgwerbin, Lugkaw, Hinna, Czeegerucke et Luben Maguntinensis, Halberstadensis et Nuemburgensis diocesis insimul 60 marca argenti puri , quarum ius patronatus ad dictus marchionem pertinebat, donavit, incorporatio a Johanne XXIII. et Nicolao [de Lubich] episcopus Merseburgensis approbata",,10501954-0
5,1954,1,,de confirmatio dictus incorporatio 26. aprilis 1432 S 276 153rs.,10501954-1
5,1954,2,,"et Sigismundus, duces Saxonie: de licentia eligere confessor, altare portatile, ante diem, de locis interdictum etiam pro uxor et familiaris 26. aprilis 32 S 276 153vs, de remissio plenarius etiam pro uxor 26. aprilis 1432 S 276 154r.",10501954-2
5,1954,3,,"dux Saxonie et elector Sacrum Romanum Imperium, qui nuper oratores ad papam destinavit: breve quo mittit copiam revocationis translatio concilium Basileensis ad civitas Bononien. et ei commendat sicut et aliis electoribus protectionem concilium Basilee continuandi hortaturque quod eo quantocitius iret; monet eum ne ante adventum legatorum pape ibi nihil nisi de reductione Bohemorum tractaretur; operetur ipse dux apud alios electores ut Rabanus [de Helmstadt] archiepiscopatum Treverensis assequeretur similia brevia ad Conradum [de Daun] archiepiscopus Maguntinensis, Theodericum [de Moers] archiepiscopus Coloniensis, Fredericum [I.] marchionem Brandenburgensis, Ludovicum comes Palatinum Reni electores Sacrum Romanum Imperium [= RTA X per 666s non 391] 21. februarius 1433 V 370 127vs.",10501954-3
5,1954,4,,"et Margareta uxor: altare portatile 21. iunius 33 L 321 281v, licentia eligere confessor 24. iunius 33 L 321 287v, locis interdictum 24. iunius 33 L 321 284v, ante diem 24. iunius 1433 L 321 277r.",10501954-4
5,1954,5,,"et Sigismundus ac Otto fratres germani Saxonie duces et marchiones Misnensis omnes lantgravii Thuringie, qui occasione heresis Bohemorum gravia dampna sustulerunt: de indulgentia pro eccl. Misnensis ab eorum progenitoribus fundare concedere de 7 annus in 2 festivitatibus perpetuo 20. december 1435 S 316 262v.",10501954-5
5,1954,6,,"iidem: de licentia divina officia celebrare in eccl. Misnensis tempus interdictum pro ipsis et familiaris 20. december 1435 S 316 262vs, fragmentum, cassare sine data S 311 298v.",10501954-6
5,2286,0,Gerlitz Gorlicz Misnensis diocesis,,10502286-0
5,2286,1,,"incole opidum G., in cuius suburbio et aliis edificiis notabilibus prope muros sub die 25. september 30 heretici ignem imposuerunt, ex quo miraculose liberati sunt: de indulgentia pro parochialis ecclesia sancti Petri dictus opidum in festo commemorationis huius liberationis 19. october 1433 S 289 254rs.",10502286-1
5,2286,2,,"magistercivium, consules iurati et scabini dictus opidum: de mortis articulus 19. october 1433 S 289 254v.",10502286-2
5,2286,3,,"magistercivium, consules iurati et scabini dictus opidum: magistercivium, consules iurati, scabini et communitas dictus opidum quod de regno Bohemie existit, qui propter incursiones Hussitarum qui etiam suburbia concremaverunt tanta onera supportare habent, quod census hactenus creditoribus debiti solvi nequeant: de cassatio litium dictus creditorum et de absolutio a non soluto debito et de remissio a solutione durante persecutione hereticorum alicui committere [Nicolao de Albergatis] cardinalis sanctus Crucis qui faciat prout sibi videbitur 4. februarius 1434 S 293 39rss.",10502286-3
5,2286,4,,parochialis ecclesia sancti Nicolai et Katherine et beatus Marie necnon capella in hospitale sanctus Spiritus et sanctus Jacobi extra muros dictus opidum: de indulgentia 19. october 1433 S 289 254v.,10502286-4
5,2472,0,Guwin Misnensis diocesis,,10502472-0
5,2472,1,,"eccl. monasterium monialis sanctus Mauritii prope muros opidum G. ordo Cisterciensium et parochialis ecclesia beatus Marie dictus opidum, per Hussitas concremate: de indulgentia 7. november 1435 S 315 15v.",10502472-1
5,3472,0,Hestede Halberstadensis diocesis,,10503472-0
5,3472,1,,"parochialis ecclesia sancti Jacobi opidum H. ob vetustatem ruinosa: de indulgentia 23. maius 1444 S 397 23r, de uberiori indulgentia sineprebendadominus S 397 51r.",10503472-1
5,6313,0,Liptzen. Merseburgensis diocesis,,10506313-0
5,6313,1,,"rectores et universitas studium L. in Alamania: mittitur eis decretum translatio concilium ecumenici de civitas Basileensis ad civitas Ferrarien. mandaturque eis, ut quantocius poterint aliquos insignes doctores eo mittant 23. september 1437 V 367 107r.",10506313-1
5,6313,2,,eccl. domus opidum L. ordo frater minor Catharina ex ducibus Brunswicen. genita ducissa Saxsonie marchionissa Misne et lantgravia Thuringie vidua supplicare : de indulgentia ad 7 annus pro omnibus ante crucifixum ibi orantibus concedere de 5 annus 2. iulius 1438 S 349 95r.,10506313-2
5,6319,0,"Livinus Notze clericus Misnensis diocesis, familiaris Francisci [Condulmari] titulus sanctus Clementis presbiter cardinalis, vicecancellarii, perpetuus altarista ad altare Corporis Christi in parochialis ecclesia opidum Osschacz Misnensis diocesis",,10506319-0
5,6319,1,,de indulgentia pro dictus eccl. 30. ianuarius 1443 S 388 93r.,10506319-1
5,6319,2,,"familiaris dominus vicecancellarii ac apostolica sedes legati [.]: de licentia eligere confessor 6. iulius 1443 S 391 221r, L 402 277r.",10506319-2
5,6338,0,Luben Misnensis diocesis,,10506338-0
5,6338,1,,"parochialis ecclesia in L. per Bohemos hereticos igni destructa: de indulgentia 20. iulius 1434 S 297 55v, L 325 114r.",10506338-1
5,6853,0,Misnensis,,10506853-0
5,6853,1,,"vicarii et beneficiati eccl. M. quibus quondam Nicolaus [Ziegenbock] episcopus Misnensis concedere ut sicut cann. prebendatus dictus eccl. mediam partem red. in testamento delegare valere: de confirmatio 19. september 1431 S 271 31vs, executor: abbas monasterium Veteriscelle ac monasterium in Dobirlog ordo Cisterciensium Misnensis diocesis L 304 270rs.",10506853-1
5,6853,2,,"vicarii et beneficiati eccl. M. quibus quondam Nicolaus [Ziegenbock] episcopus Misnensis concedere ut sicut cann. prebendatus dictus eccl. mediam partem red. in testamento delegare valere: Johannes [Hofemann] episcopus etc. eccl. M., cuius mensa episcopalis ut arma moverent contra Hussitas magna debita contrahebat inter alia pro redempcione castri Liebendael Liebentael mutuum 2000 florenus ab abbas etc. monasterium Celle sanctus Marie ordo Cisterciensium dictus diocesis : de mandatum ad prelatum ut venditionem pro 4200 florenus castri Nossinn prope dictus monasterium 100 florenus dictus monasterium approbare concedere si in evidentem [usum], prestita caucione sive securitate sufficienti de precio in utilitatem mense convertendo 9. ianuarius 1432 S 273 241rs.",10506853-2
5,6853,3,,"vicarii et beneficiati eccl. M. quibus quondam Nicolaus [Ziegenbock] episcopus Misnensis concedere ut sicut cann. prebendatus dictus eccl. mediam partem red. in testamento delegare valere: eccl. Misnensis <reparatione indigens>, ab hereticis Bohemie oppressa Frederico, Sigismundo et Otthone germanis Saxonie ducibus ac marchionibus Misnensis etc. supplicare : de indulgentia ad 7 annus 1. iunius 35 S 311 298vs, de reformatio 31. december 1435 S 316 276vs.",10506853-3
5,6853,4,,"vicarii et beneficiati eccl. M. quibus quondam Nicolaus [Ziegenbock] episcopus Misnensis concedere ut sicut cann. prebendatus dictus eccl. mediam partem red. in testamento delegare valere: que in guerris contra hereticos Bohemos gravia damna perpessa est Frederico, Sigismundo et Ottone fratribus germanis ducibus Saxonie marchionibus Misnensis supplicare, quorum progenitores dictus eccl. fundaverunt et dotaverunt: de indulgentia plenaria ad 5 annus quocumque tempus concedere de 7 annus in 2 festivitatibus 15. maius 36 S 322 70v, de reformatio concedere de 100 diebus in octavis 15. maius 36 S 322 70vs, de reformatio concedere de alia festivitate 15. maius 1436 S 322 71r.",10506853-4
5,6853,5,,vicarii et beneficiati eccl. M. quibus quondam Nicolaus [Ziegenbock] episcopus Misnensis concedere ut sicut cann. prebendatus dictus eccl. mediam partem red. in testamento delegare valere: de tempus interdictum 15. maius 1436 S 322 70v.,10506853-5
5,6853,6,,capella beatus Marie in Rosis noviter erecta in Antiqua Civitate M.: de indulgentia 26. augustus 1441 S 376 3vs.,10506853-6
5,7372,0,Nuemburgensis Nuemburgensis,,10507372-0
5,7372,1,,"decanus et capitulum eccl. N., cuius eccl. scolastrie ex eo quod onera eidem scolastria incumbentia ex eius fructus supportari nequirent, post resignatio Johannis Stoube Stoybe papa univit canonicatus et maior prebenda dictus eccl. 12 marca argenti puri et de eis providere Henrico Stoube Stoybe de Goch, rector parochialis ecclesia in Gorsim Gersun Leodiensis diocesis; executor autem dictus littere unionis Johannes Radulphi Rudolphi de Clivis prepositus eccl. sancti Justi et Clementis Bebracen. Maguntinae diocesis minus legitime processit, a quo processu ipsi decanus etc. appellaverunt: de revocatio dictus unionis ex eo quod dictus scolastria nulla onera incumberent et quia ex antiquis statutis dictus eccl. non canonicatus et prebenda per scolasticus sed scolastria per canonicus prebendatus regi consueverint et quia iam 3 prebb. dictus eccl. incorporate essent 2 doctoribus in studio Lipczen. Merseburgensis diocesis legentibus et 1 fabrice dictus eccl. concedere si ex falsis causis 4. october 1435 S 312 223vs.",10507372-1
5,7372,2,,"decanus et capitulum eccl. N., cuius eccl. scolastrie ex eo quod onera eidem scolastria incumbentia ex eius fructus supportari nequirent, post resignatio Johannis Stoube Stoybe papa univit canonicatus et maior prebenda dictus eccl. 12 marca argenti puri et de eis providere Henrico Stoube Stoybe de Goch, rector parochialis ecclesia in Gorsim Gersun Leodiensis diocesis; executor autem dictus littere unionis Johannes Radulphi Rudolphi de Clivis prepositus eccl. sancti Justi et Clementis Bebracen. Maguntinae diocesis minus legitime processit, a quo processu ipsi decanus etc. appellaverunt: decanus et capitulum eccl. N., cui papa concedere revocatio cuiusdam unionis canonicatus et maioris prebenda dictus eccl. scolastria dictus eccl. insimul 12 marca argenti puri <per littere Johannis Radulphi de Clivis prepositus eccl. sancti Justi et Clementis Bebracen. Maguntinae diocesis> ad petitionem Henrici Stoube de Goch <rector parochialis ecclesia in Gorsim Leodiensis diocesis, cui post resignatio Johannis Stoube de dictus scolastria eccl. Nuemburgensis providere fuit>: de reformatio dictus revocatio cum extensio signature 'concedere si ex falsis causis' in 'concedere si et inquantum ex falsis vel minus iustis causis processerit et in preiudicium eccl. et alienationem collationis decanus et capitulum predictorum' 25. october 1435 S 314 241vs, executor: abbas monasterium sanctus Georgii extra muros Nuemburgensis L 329 21vss.",10507372-2
5,7372,3,,"magistricivium, consules et cives civitas N., qui ex devotione quandam capella beatus Marie in parochialis ecclesia sancti Venzeslai Nuemburgensis in qua duobus diebus septimane in magno numero ad audiendum missam conveniunt ex licentia ordinarius erigerunt et dotaverunt copiose: de locis interdicere concedere de omnes in forma 26. october 1432 S 280 236r.",10507372-3
5,7372,4,,"magistricivium, consules et cives civitas N., qui ex devotione quandam capella beatus Marie in parochialis ecclesia sancti Venzeslai Nuemburgensis in qua duobus diebus septimane in magno numero ad audiendum missam conveniunt ex licentia ordinarius erigerunt et dotaverunt copiose: parochialis ecclesia sancti Wentzeslai N. que plus quam 4000 communicantium habet: de indulgentia 10. september 1440 S 367 130v.",10507372-4
5,7397,0,Osnaburgensis,,10507397-0
5,7397,1,,"decanus et capitulum eccl. O., quibus olim unio utriusque vicarr. ad altare sanctus Crucis sub organis <videlicet vicaria ad altare sanctus Crucis sub organis veteribus dictus eccl. 4 marca argenti et officium ministerii organorum 4 marca argenti > ad usum officium organorum in dictus eccl. <de consensu Johannis [de Diepholz] episcopus Osnaburgensis et Henrici Droghe I decanus ecclesia sancti Johannis O. de mandatum Juliani [de Cesarinis] sanctus Angeli diaconus cardinalis legati> concessio erat: de confirmatio 10. november 32 S 281 233r, de confirmatio et de collatio ad dictus novum beneficium pro ipsis decanus et capitulum ut persone habili in arte musicali ac ministerio ludi organici conferatur 1. maius 33 S 291 294r–295v, de eodem et de confirmatio Alberti Suho presbiter Osnaburgensis rector officium organorum in possessione etiam dictus altare 4 marca argenti puri vacante per obitum Hermanni Wictekrevet Wittekienet et de licentia dictus officium in posterum alicui in arte musicali ac ministerio ludi organici experto conferre 21. maius 1434 S 297 74vs.",10507397-1
5,7397,2,,"decanus et capitulum eccl. O., quibus olim unio utriusque vicarr. ad altare sanctus Crucis sub organis <videlicet vicaria ad altare sanctus Crucis sub organis veteribus dictus eccl. 4 marca argenti et officium ministerii organorum 4 marca argenti > ad usum officium organorum in dictus eccl. <de consensu Johannis [de Diepholz] episcopus Osnaburgensis et Henrici Droghe I decanus ecclesia sancti Johannis O. de mandatum Juliani [de Cesarinis] sanctus Angeli diaconus cardinalis legati> concessio erat: qui univerant altare sanctus Crucis sub organis veteribus dictus eccl. et officium ministerii organorum ut in dictus eccl. organista in arte organi pulsandi peritiam habens perpetuo sit, que unio a Johanne [de Diepholz] episcopus Osnaburgensis et papa confirmare est: de declaratio quod provisio de dictus altare et officium ipsis decanus et capitulum reservare sit concessio quod non cadat sub expectatio 31. martius 1435 S 303 299rs.",10507397-2
5,7397,3,,"decanus et capitulum eccl. O., quibus olim unio utriusque vicarr. ad altare sanctus Crucis sub organis <videlicet vicaria ad altare sanctus Crucis sub organis veteribus dictus eccl. 4 marca argenti et officium ministerii organorum 4 marca argenti > ad usum officium organorum in dictus eccl. <de consensu Johannis [de Diepholz] episcopus Osnaburgensis et Henrici Droghe I decanus ecclesia sancti Johannis O. de mandatum Juliani [de Cesarinis] sanctus Angeli diaconus cardinalis legati> concessio erat: qui univerant altare beatus Marie ac sancti Ursule et Marie Magdalene et officium succentorie in dictus eccl. O., ut in dictus eccl. succentor in arte cantandi peritiam habens sit perpetuo, que unio a Johanne [de Diepholz] episcopus Osnaburgensis et papa confirmare est: de declaratio quod provisio de dictus altare et succentoria ipsis decanus et capitulum reservare sit concessio quod non cadat sub expectatio 31. martius 1435 S 303 299vs.",10507397-3
5,7397,4,,"decanus et capitulum eccl. O., quibus olim unio utriusque vicarr. ad altare sanctus Crucis sub organis <videlicet vicaria ad altare sanctus Crucis sub organis veteribus dictus eccl. 4 marca argenti et officium ministerii organorum 4 marca argenti > ad usum officium organorum in dictus eccl. <de consensu Johannis [de Diepholz] episcopus Osnaburgensis et Henrici Droghe I decanus ecclesia sancti Johannis O. de mandatum Juliani [de Cesarinis] sanctus Angeli diaconus cardinalis legati> concessio erat: decanus Osnaburgensis: lectio bulle maius 1435 T 4 98r.",10507397-4
5,7397,5,,"decanus et capitulum eccl. O., quibus olim unio utriusque vicarr. ad altare sanctus Crucis sub organis <videlicet vicaria ad altare sanctus Crucis sub organis veteribus dictus eccl. 4 marca argenti et officium ministerii organorum 4 marca argenti > ad usum officium organorum in dictus eccl. <de consensu Johannis [de Diepholz] episcopus Osnaburgensis et Henrici Droghe I decanus ecclesia sancti Johannis O. de mandatum Juliani [de Cesarinis] sanctus Angeli diaconus cardinalis legati> concessio erat: qui considerantes quod fructus primi altare dictus eccl. 4 marca a. purus, qui in oblationibus fidelium consistunt et ex quibus olim rector dictus altare et 2 capp. sustentari valere et etiam pensio annua tam in pecunia quam in luminaribus ipsis decanus et capitulum soluta erat nimium diminuti sint propter levitatem monete partium illarum et alias causas dictus altare 2 beneficia sine cura ad eorum collatio spectantia proximo vacaturus incorporaverunt, que incorporatio auctoritas ordinarius confirmare est: de confirmatio et de declaratio quod nullus beneficium in dictus eccl. accipere valere quousque dictus unio perficeretur concessio de confirmatio 8. december 1435 S 316 212rs.",10507397-5
5,7397,6,,"Gerlacus prior et frater domus ordo predicatorum in O., cuius eccl. <sanctus Dominici pluries> igne dampnificata est: de indulgentia ad instar ecclesia sancti Marci de Venetiis <et capella beatus Marie Heremitarum in Eynsideln Constantiensis diocesis ac capella sanctus Crucis in Wilsnako Havelbergensis diocesis in Alamania> 6. iulius 32 S 278 112vs, 12. iulius 1432 S 278 191rs, L 317 190r.",10507397-6
5,8363,0,Syon Zwerinensis diocesis,,10508363-0
5,8363,1,,"monasterium ad Coronam Marie, sanctus Brigitte sanctus Salvatoris nuncupatus de S. ordo sancti Augustini solempniter constructum: de indulgentia 6. iunius 1442 S 385 92v.",10508363-1
5,8363,2,,"monasterium ad Coronam Marie, sanctus Brigitte sanctus Salvatoris nuncupatus de S. ordo sancti Augustini solempniter constructum: de uberioribus indulgentia 11. iulius 1442 S 384 47vs, L 387 246vs.",10508363-2
5,8486,0,Sunden. Zwerinensis diocesis,,10508486-0
5,8486,1,,"eccl. beatus Marie in opidum S., ad quam multitudo christianorum confluit et que propter solemnitatem constructionis non modicum indebitata est, campanili nondum completo: de indulgentia 28. aprilis 42 S 382 51v, de uberioribus indulgentia quia pauper est et magna indiget reformatione 11. iulius 1442 S 384 47v, L 387 246rs.",10508486-1
5,8486,2,,parochialis ecclesia sancti Nicolai in opidum S.: de indulgentia 26. maius 1445 S 405 283v.,10508486-2
5,8513,0,Tanghermundis Halberstadensis diocesis,,10508513-0
5,8513,1,,"Friderico [II.] iuveni marchione Brandenburgensis et burggravio Norenbergen. <Friderici [I.] marchionis Brandenburgensis filio> supplicatio : de licentia erigere monasterium ordo predicatorum <ad laudem beatus Marie> in Civitate Nova extra muros opidum Tangermunden. <in loco a dominus Friderico iuniore donato> cum consensu provincialis et frr. provincia Saxonie dictus ordo et proconsulum etc. 18. november 1438 S 352 89rs, L 359 71rs.",10508513-1
5,8513,2,,Friderico [II.] iuveni marchione Brandenburgensis et burggravio Norenbergen. <Friderici [I.] marchionis Brandenburgensis filio> supplicatio : prior et conventus domus ordo predicatorum in loco qui dicebatur Rosengarde nunc Nova Civitas extra muros opidum T. noviter erecte: de indulgentia pro eccl. dictus domus ad 7 annus et de locis interdictum concedere de 4 annus 2. iulius 1440 S 366 273r.,10508513-2
5,8895,0,"Torm Torme, Torine Nuemburgensis diocesis",,10508895-0
5,8895,1,,"parochialis ecclesia beatus Marie ville dicte T. a Hussitis graviter dampnificata: de indulgentia 19. iulius 32 S 285 237vs, 25. iulius 32 S 278 257r, 26. augustus 32 S 279 161r, de reformatio 13. september 1432 S 279 291v, L 317 307rs.",10508895-1
5,9465,0,Wilsnacen. Wilczenach Havelbergensis diocesis,,10509465-0
5,9465,1,,"locus W. sub dominio Frederici II. marchionis Brandenburgensis supplicare , in cuius parochialis ecclesia ante 60 annus totaliter combusta 3 hostie consecrate reperte sunt transformate sanguine resperso, ad quas hostias magnus numerus peregrinorum inter quos Carolus IV. Romanorum Imperator, reges Francie, Anglie et Bohemie et alii principes confluxit sicut et confluit, quod miraculum et archiepiscopus Magdeburgensis metropolitanus et episcopus Havelbergensis cum multis aliis episcopi approbaverunt et indulgentia diversas concedere, ex quo dictus eccl. solemniter reedificata et cultus inibi sumptuose restauratus est: indulgentia et facultas audiendi confessio pro rector dictus parochialis ecclesia et 2 capp. 2. ianuarius 1447 V 365 475rss.",10509465-1
5,9465,2,,"locus W. sub dominio Frederici II. marchionis Brandenburgensis supplicare , in cuius parochialis ecclesia ante 60 annus totaliter combusta 3 hostie consecrate reperte sunt transformate sanguine resperso, ad quas hostias magnus numerus peregrinorum inter quos Carolus IV. Romanorum Imperator, reges Francie, Anglie et Bohemie et alii principes confluxit sicut et confluit, quod miraculum et archiepiscopus Magdeburgensis metropolitanus et episcopus Havelbergensis cum multis aliis episcopi approbaverunt et indulgentia diversas concedere, ex quo dictus eccl. solemniter reedificata et cultus inibi sumptuose restauratus est: supradictus marchione supplicare : mandare episcopus Havelbergensis et episcopus Lubucensis quatinus rector supradictus parochialis ecclesia concedere quod unam hostiam consecratam apud supradictus hostias transformatas ponere quia per frequentem ostensionem hostie in earum qualitatibus alterari possint et fidelibus diebus singulis ostendere valere 5. februarius 1447 V 365 474vs.",10509465-2
5,9494,0,Wismar Wysmarien. Razeburgensis diocesis,,10509494-0
5,9494,1,,parochialis ecclesia sancti Georgii in opidum W. de novo edificanda: de indulgentia 18. december 1437 S 342 278r.,10509494-1
5,9494,2,,parochialis ecclesia sancti Nicolai in opidum W. rector et provisoribus supplicatio : de indulgentia 19. october 1437 S 341 37r.,10509494-2
5,9557,0,Czeginhain Tzegenhom Nuemburgensis diocesis,,10509557-0
5,9557,1,,"capella beatus Marie in villa Cz. sumptuose in suis edificiis incepta ac propter ipsius operis sumptuositatem nondum completa: de indulgentia 20. iulius 1434 S 297 55rs, L 325 114v.",10509557-1
6,126,0,Aldenburg,,10600126-0
6,126,1,,"ecclesia sancti Georgii martir in opidum Nuemburgensis diocesis : supplicare Frederico duce Saxonie de relaxatio 7 annus 21. november 47 S 421 85vs, Fiat de 3 annus 3. maius 1448 V 387 331rs.",10600126-1
6,126,2,,"ecclesia sancti Georgii martir in opidum Nuemburgensis diocesis supplicare idem de incorporatio capella sine cura corpus Cristi prope Garsitz Nuemburgensis diocesis 4 marca argenti dictus ecclesia 60 21. november 47 S 421 174v, 3. maius 1448 V 407 57vss.",10600126-2
6,427,0,Beyngendorp,,10600427-0
6,427,1,,parochialis ecclesia Razeburgensis diocesis : supplicatio Hinrico duce Magnopolen . de relaxatio 5 annus 2. martius 1451 S 449 126rs.,10600427-1
6,554,0,Blanckenborgh,,10600554-0
6,554,1,,capella beatus Marie virgo ante opidum Halberstadensis diocesis ad monasterium monialis dictus opidum spectans : supplicatio Ulrico et Bernardo comes de Reynstein de relaxatio 7 annus 19. iulius 1453 S 468 66r.,10600554-1
6,568,0,Brandenburgensis,,10600568-0
6,568,1,,"et Havelberg . ecclesia : supplicare Frederico marchione Brandenburg . suppressio ordo Premonstratensium in dictus ecclesia, cuius persone transferantur ad monasterium beatus Marie virgo in monte prope antiquam civitas Brandenburgensis et ad monasterium fundare per dictus marchionem loco Wilchenack Havelbergensis diocesis, ac institutio capitulum cum canonicus 5. februarius 1448 V 388 29r-30v.",10600568-1
6,568,2,,monasterium beatus Marie virgo in monte extra muros ordo Premonstratensium : supplicare Frederico marchione Brandenburg . approbatio unionis certarum parochialis ecclesia sancti dominus [ februarius 1448?] V 388 97vs.,10600568-2
6,568,3,,parochialis ecclesia sancti Mathie apostolicus et Godehardi civitas : supplicare proconsulibus et communitate civitas Brandenburgensis de relaxatio 7 annus Fiat de 5 annus 13. iunius 1450 S 445 60r.,10600568-3
6,921,0,Corsitz Garsitz,,10600921-0
6,921,1,,"capella corpus Cristi prope villam Nuemburgensis diocesis : supplicatio Frederico duce Saxonie de relaxatio 7 annus Fiat de 3 annus 21. november 1447 S 421 86r, V 387 330rs.",10600921-1
6,922,0,Cosbude,,10600922-0
6,922,1,,capella sanctus Dorothee virgo et martir Misnensis diocesis : supplicatio Frederico duce Saxonie de relaxatio 5 annus Fiat de 3 annus 21. november 1447 S 421 171v.,10600922-1
6,1073,0,Ebirsdorf,,10601073-0
6,1073,1,,parochialis ecclesia beatus Marie virgo Misnensis diocesis : supplicatio Frederico duce Saxonie et Margareta uxor ac rector dictus parochialis ecclesia de relaxatio 7 annus 19. iulius 1453 S 467 294rs.,10601073-1
6,3976,0,Lipczia,,10603976-0
6,3976,1,,capella hospitalis sanctus Georgii extra muros opidum Merseburgensis diocesis : supplicatio Frederico duce Saxonie relaxatio 3 annus 3. maius 1448 V 387 330vs.,10603976-1
6,4628,0,Nova Cella,,10604628-0
6,4628,1,,monasterium beatus Marie ordo Cisterciensium Misnensis diocesis : relaxatio 1 annus 15. martius 1453 L 482 101r.,10604628-1
6,5229,0,Soraw,,10605229-0
6,5229,1,,parochialis ecclesia opidum Misnensis diocesis : supplicatio Frederico marchione Brandenburgensis necnon Heinrico et Waldislao ducibus Silesie de relaxatio 7 annus 25. aprilis 1450 S 443 108vs.,10605229-1
6,5255,0,Stendalia,,10605255-0
6,5255,1,,"habitatores opidum Halberstadensis diocesis : supplicatio Frederico marchione Brandenburgensis concessio, quod stare velint iuri coram commissario episcopus Halberstadensis in dictus opidum sine data [48?] V 388 98vss.",10605255-1
6,5255,2,,parochialis ecclesia sancti Nicolai Halberstadensis diocesis : supplicatio Friderico marchione Brandenburgensis de relaxatio Fiat de 5 annus 8. martius 1449 S 434 97r.,10605255-2
6,5255,3,,"decanus etc. ecclesia sancti Nicolai Halberstadensis diocesis : supplicatio Frederico marchione Brandenburgensis de unione parochialis ecclesia in Puwelinghe Halberstadensis diocesis 4 marca argenti vacaturus per resignatio Henrici Waltershusen ad succentoriam dictus ecclesia 4. Non est honesta Turonensis "" 8. martius 1449 S 434 97rs. """,10605255-3
6,5255,4,,decanus etc. ecclesia sancti Nicolai Halberstadensis diocesis supplicatio eodem de littere conservatoria 8. martius 1449 S 434 97v.,10605255-4
6,5255,5,,decanus etc. ecclesia sancti Nicolai Halberstadensis diocesis assignatio 100 florenus auri de camera ex pecunia collectis pro reductione Grecorum fabrice dictus ecclesia 1. iunius 1451 DC 26 193vs.,10605255-5
6,5255,6,,"decanus etc. ecclesia sancti Nicolai Halberstadensis diocesis de incorporatio parochialis ecclesia in Piweling extra muros dictus opidum 2 marca argenti succentorie dictus ecclesia 4, que erecta fuit ex vicaria sanctus Michaelis dictus ecclesia 13. iulius 1452 S 461 105rs, L 481 187rss.",10605255-6
6,5322,0,Tangermunda,,10605322-0
6,5322,1,,ecclesia sancti Petri et Pauli apostoli domus ordo frater predicatorum extra muros opidum Halberstadensis diocesis : supplicare Frederico marchione Brandenburgensis de relaxatio 5 annus 9. september 1452 S 462 88vs.,10605322-1
6,5322,2,,ecclesia sancti Petri et Pauli apostoli domus ordo frater predicatorum extra muros opidum Halberstadensis diocesis supplicare eodem de extensio dictus relaxatio de uno festo ad festum sanctus Thome de Aquino 5. iulius 1453 S 467 201rs.,10605322-2
6,5322,3,,capella in castro Halberstadensis diocesis : supplicare Frederico marchione Brandenburgensis exemptio iudicium ab episcopus Halberstadensis sine dato [48?] V 388 167rs.,10605322-3
6,5915,0,Wilsenack,,10605915-0
6,5915,1,,parochialis ecclesia Havelbergensis diocesis : relaxatio 7 annus sine data [48?] V 388 91rs.,10605915-1
6,6002,0,Wulfenbuterl,,10606002-0
6,6002,1,,capella prope castrum Halberstadensis diocesis : insinuante Henrico duce Brunswicen. relaxatio 7 annus 15. december 1450 L 466 240vs.,10606002-1
6,6006,0,Czegenhayn,,10606006-0
6,6006,1,,"capella beatus Marie virgo Nuemburgensis diocesis : de relaxatio 7 annus 21. iulius 1453 S 468 52r, L 487 113v.",10606006-1
7,432,0,Choryn,,10700432-0
7,432,1,,"Abb. etc. monasterium ordo Cisterciensium Brandenburgensis diocesis : de transf. capella beatus Marie virgo ac sancti Marie Magdalene et Brigitte in loco de Zohnsteberg Hohnsteberg dictus diocesis guerris devastatam cum suis indulgentia ad capella in Serwicz Serwortz dictus diocesis et de relaxatio unum annus 9 aprilis 1457 S 498 112rs., V 460 8vss.",10700432-1
7,1083,0,"Hermannus Piwerling clericus Halberstadensis diocesis ex utroque parens de militaris genus, litigare contra Henninghum Storbeken clericus nuper defunctum",,10701083-0
7,1083,1,,"de surrogatio et provisio de archidiaconatus in Derdessen in ecclesia Halberstadensis 6 marca argenti vacare per assecutio prepositura ecclesia collegiata sanctus Bonifacii Halberstadensis Werneri de Clode clericus dictus diocesis ex utroque parens de militaris genus, non obstante celleraria ecclesia Halberstadensis 20 aprilis 1455 S 479 63rs.",10701083-1
7,1083,2,,"Frederici marchionis Brandenburgensis Sacrum Romanum Imperium electoris secretarius et sanctus palatii apostolicus causarum notarius, litigare contra Johannem Gelen canonicus ecclesia Halberstadensis: de provisio si neutri de celleraria ecclesia Halberstadensis 20 marca argenti vacante per obitum Gerardi Koneken senior 26 iulius 1455 S 483 154v.",10701083-2
7,1083,3,,"subdiaconus: de non promotio ad 10 annus, fiat ad 2 annus 25 october 1455 S 485 238r.",10701083-3
7,1083,4,,"litigare contra quondam Johannem Ghelen acolitus apostolicus: de surrogatio et nova provisio de celeraria ecclesia Halberstadensis 20 marca argenti , non obstantibus Halberstadensis et Magdeburgensis ecclesia canonicatus et prebenda 6 et 6 marca argenti necnon in sanctus Stephani Tangermunden. et in sanctus Ciriaci in Rekstede et in opidum Arneborgh parochialis ecclesia Halberstadensis diocesis perpetuus sine cura vicaria simul 12 marca argenti ac canonicatus et prebenda litigiosus in ecclesia sancti Nicolai opidum Stendal. dictus diocesis 6 marca argenti 1 november 1455 S 486 83vs.",10701083-4
7,1083,5,,"de non residentia 27 ianuarius 57 S 496 27r, reformatio 30 aprilis 1457 S 499 27v.",10701083-5
7,1083,6,,de horis secundum morem Romanum dicendis 30 aprilis 1457 S 499 27vs.,10701083-6
7,1083,7,,unus ex patronis parochialis ecclesia in Kakelitz Halberstadensis diocesis: supplicatio Frederico senior marchione Brandenburgensis de extensio relaxatio ad aliud festum 7 maius 1457 S 499 183rs.,10701083-7
7,2477,0,Quedelingborch,,10702477-0
7,2477,1,,"Abba. etc. monasterium monialis in Muntzinseberge prope opidum ordo sancti Benedicti Halberstadensis diocesis : supplicatio Frederico marchione Brandenburgensis, Frederico duce Saxonie Sacrum Romanum Imperium electore et Wilhelmo duce Brunswic. et Luneborg. de constitutus die ostendendis reliquiis scrinei eburnei et relaxatio 10 annus 12 maius 1457 S 499 213vs., V 462 308vss.",10702477-1
7,2487,0,Regalis Lutter,,10702487-0
7,2487,1,,Abb. etc. monasterium sancti Petri et Pauli ordo sancti Benedicti Halberstadensis diocesis : de relaxatio 7 annus et licentia audiendi confessiones 5 iulius 1457 S 502 53rs.,10702487-1
7,2487,2,,"Abb. etc. monasterium sancti Petri et Pauli ordo sancti Benedicti Halberstadensis diocesis : dantur iudices qui cum olim nobilis Wernerus de Aluensleue dominus castri Gardelege extra muros opidum Gardelege piscinam in villa Boiczendorp desolata Halberstadensis diocesis de consensu Frederici senior et iunior marchionum Brandenburgensis necnon consulatus dictus opidum instauraret et terras monasterium monialis in Niendorpe ordo et diocesis predictarum inundasset et postea ius suum sibi donaret, causam inter se et consulatum dictus opidum ratione agrorum hospitale sanctus Spiritus inundatorum decidant 11 iulius 1458 L 531 49r-50v.",10702487-2
7,2510,0,Rokelitze,,10702510-0
7,2510,1,,Par. ecclesia sancti Laurencii Halberstadensis diocesis : supplicatio Friderico marchione Brandenburgensis relaxatio 7 annus 7 maius 1457 V 460 73vss.,10702510-1
8,324,0,Aschersleven Asscherleven.,,10800324-0
8,324,1,,"Prep. etc. monasterium monialis beatus Marie ordo sancti Benedicti prope et extra muros opidum A. Halberstadensis diocesis cui parochialis ecclesia sancti Stephani intra dictus muros cuius ecclesia rector et pastor idem prepositus existere est annexa : de confirmatio fraternitatem Corp. Cristi presbiter capellanus, vicarius, altaristas et terminarios ipsius ecclesia cum nonnullis utrius sexus opidanus dictus opidum institutio cum indulgentia 3 annus et licentia celebrare etiam tempus interdictum 4. november 1458 S 514 164rs., V 498 128vs.",10800324-1
8,547,0,"Brunswic. Brunßwic., Brunswicen.",,10800547-0
8,547,1,,"Prep. etc. ecclesia sancti Ciriaci extra muros B. Hildesemensis diocesis : de conservatoria 23. iunius 60 S 531 248r, 20. november 60 L 548A 24r. Abb. etc. monasterium sanctus Egidii Romana Ecclesia immediatus subiecti B. Halberstadensis diocesis : de indulgentia et confirmatio quod scolaris secularis processiones ac stationes in monasterium et extra legere et cantare valere quibus usi sunt ultra 200 annus 23. augustus 59 S 522 107vs., sine dato I 328 91v. Proconsules, consules et universitas opidum B. Halberstadensis et Hildesemensis diocesis quibus Bonifacius IX. , Sigismundus Romanorum Imperator tunc Romanorum Rex et Martinus V. concedere ut extra dictus opidum ad aliqua iudicia trahi non possint : conservatoria 26. ianuarius 1464 V 512 41v-43r.",10800547-1
8,1132,0,Veesaer,,10801132-0
8,1132,1,,Capel. sanctus Crucis in opidum V. Misnensis diocesis : supplicare duce Saxonie de indulgentia 20. december 1463 S 570 246vs.,10801132-1
8,2974,0,Johannesabb. etc. monasterium <sanctus Nicolai > in Grunenhain Grunenhayn ordo Cisterciensium Nuemburgensis diocesis,,10802974-0
8,2974,1,,"de confirmatio et extensio indulgentia a Bonifatio [.] parochialis ecclesia sancti Nicolai prope dictus monasterium concedere ad 20 annus, fiat de nova indulgentia 7 annus 30. iunius 1460 S 531 251vs., V 504 58vss.",10802974-1
8,4104,0,Manszfelt,,10804104-0
8,4104,1,,Par. ecclesia capella sive plebanus nuncupatus beatus Marie virgo et sanctus Georgii martir castri M. Halberstadensis diocesis : supplicatio Gunthero comes in Manszfelt presens in Romana curia de indulgentia 28. maius 1464 S 574 94rs.,10804104-1
8,4669,0,Nuemburgensis,,10804669-0
8,4669,1,,"Prep. etc. ecclesia N. : de conservator perpetuus, fiat ad 20 annus 24. martius 1461 S 537 226r.",10804669-1
8,4669,2,,"Prep. etc. ecclesia N. de statuendo quod in dictus ecclesia nullus ad canonicatus et prebenda ac dignitas recipere possit nisi de legitimus matrimonium 24. martius 61 S 537 226rs. Abb. etc. monasterium sanctus Thome martir N. [diocesis?] : confirmatio sententia laudi, sine dato I 329 149v. Fraternitas presbiter et clericus clementissimi nuncupatus qui in choro ecclesia N. missas et horas solent decantare : de indulgentia 7 annus, fiat de 3 annus 4. december 59 S 525 267r. Mag. civis, proconsules, consules et habitatores civitas N. necnon opidani opidum Ciczen. Nuemburgensis diocesis et subditi episcopatus Nuemburgensis : de confirmare articulos de iudicio vetito inhibendo quos Fridericus Romanorum Imperator dum in Romanorum Rex electus esset in opidum Franckforden. Maguntinae diocesis necnon alius terris dum in Romanorum Imperator creatus foret edidit 26. februarius 1463 S 561 236rs., V 512 208rss.",10804669-2
8,4732,0,"Paulus Buse decretum doctor , prepositus ecclesia sancti Mauricii in Hallis canonicus regularis ordo sancti Augustini Magdeburgensis diocesis",,10804732-0
8,4732,1,,de incorporatio mense prepositura 40 marca argenti parochialis ecclesia in Salgast dictus diocesis de iuris patronatus dominus de Anhalt 4 marca argenti 24. iulius 1459 S 520 91vs.,10804732-1
8,4732,2,,de indulgentia 7 annus cum licentia deputatus confessor 17. december 1461 S 548 54rss.,10804732-2
8,5423,0,Tangermunde,,10805423-0
8,5423,1,,Capel. beatus Marie extra opidum T. Halberstadensis diocesis de iuris patronatus marchionis Brandenburgensis ad quam Fredericus iunior marchio Brandenburgensis singularem gerit devotionis affectum : indulgentia 7 annus 3. november 1459 L 560 203vs.,10805423-1
8,5719,0,Uszleuben,,10805719-0
8,5719,1,,Hosp. opidum U. Halberstadensis diocesis sub vocabulo beatus Katherine virgo per Margaretam comitissam in Manszfelt constructum in dominio temporalis dicti comes situm : supplicare Gunthero comes in Manszfelt presens in Romana curia de indulgentia nominatio et confirmatio statutorum 28. maius 1464 S 574 49vss.,10805719-1
8,5760,0,Weymelburg,,10805760-0
8,5760,1,,"Abb. etc. monasterium sanctus Ciriaci in W. ordo sancti Benedicti Halberstadensis diocesis in quo olim 24 monachus cum abbas, nunc vix 4 se substentare possunt : de indulgentia in diversis festis ad 7 annus, fiat in 2 festis ad 20 annus 24. october 1458 S 513 284vs.",10805760-1
9,419,0,Barbi,,10900419-0
9,419,1,,Eccl. domus beatus Marie et sanctus Francisci ordo frater minor B. Magdeburgensis diocesis : indulgentia 7 annus 3. ianuarius 1469 L 671 291r.,10900419-1
9,528,0,Berokow,,10900528-0
9,528,1,,Capel. beatus Marie loci de B. Zwerinensis diocesis supplicatio Wernero episcopus Zwerinensis et Jaspero de Verdis rector parochialis ecclesia dictus loci: de indulgentia 7 annus 14. december 1468 S 634 211vs.,10900528-1
9,589,0,Borsendorff,,10900589-0
9,589,1,,"Capel. beatus Marie virgo in villa B. Misnensis diocesis : de indulgentia 3 annus 21. maius 1467 S 611 172vs, L 654 51rs.",10900589-1
9,597,0,Broda,,10900597-0
9,597,1,,"Capel. sanctus Crucis in monasterium B. ordo Premonstratensium Havelbergensis diocesis quod ab Ulrico duce Magnopolen. pro sua et progenitorum salute de novo fundare fuit: supplicare dictus duce de indulgentia 10 annus, Fiat de 5 annus, item monasterium B. ut supra per guerras ducum Stetinen. restaurandum: supplicare dictus duce de indulgentia 10 annus, Fiat de 7 annus 27. aprilis 1470 S 655 229r-230v.",10900597-1
9,730,0,Colditz Colnitz,,10900730-0
9,730,1,,"Par. ecclesia in C. Misnensis diocesis in qua Petrus Swabe monetarius < Margerite> ducisse Saxonie laicus dictus diocesis quandam crucem cum imagine Jesu Cristi crucifixi ad altare sanctus Egidii donavit: de indulgentia 5 annus 15. maius 1467 S 609 233rs, L 654 137rs.",10900730-1
9,1004,0,Deben,,10901004-0
9,1004,1,,"Par. ecclesia beati Petri et Pauli apostoli in D. Misnensis diocesis : de indulgentia 5 annus 8. september 1467 S 614 66v, L 655 313rs.",10901004-1
9,1057,0,Dragenicz,,10901057-0
9,1057,1,,"Eccl. sanctus Pangratii et sanctus Crucis in D. que filialis parochialis ecclesia sancti Nicolai in Lisnigk Misnensis diocesis existit: de indulgentia 5 annus 7. october 1466 S 601 230rs, L 646 108v.",10901057-1
9,1746,0,Halla Alle,,10901746-0
9,1746,1,,Prep. et conventus monasterium sanctus Mauricii opidum Halle ordo sancti Augustini Magdeburgensis diocesis : de indulgentia 5 annus  3. november 1466  S 602 199r.,10901746-1
9,1746,2,,Prep. et conventus monasterium sanctus Mauricii opidum Halle ordo sancti Augustini Magdeburgensis diocesis .,10901746-2
9,1746,3,,"Proconsules, consules et universitas opidum H. Magdeburgensis diocesis inter alias referentes quod iuxta statuta municipalia dictus opidum stant iuri coram prepositus monasterium Novi operis extra muros dictus opidum ordo sancti Augustini archidiaconatus tamquam iudice competenti, quod compelluntur sepenumero a frigraviis et scabinis ac delegatis iudicii vetiti sive secreti in Westfalia : de confirmatio privilegiorum capitulorum super iurisdictione  25. martius 1469  S 640 62vss, manus V 534 240r-242v .",10901746-3
9,1746,4,,"Proconsules, consules et universitas opidum H. Magdeburgensis diocesis portata fuit ad componendum ad [Petrum] episcopus Tirasonen. bulla super indulto quod non teneantur trahi ad vetita iudicia  7. maius 1470  T 11 177v .",10901746-4
9,1746,5,,"Proconsules, consules et universitas opidum H. Magdeburgensis diocesis restitutio bulle ut supra cum confirmatio privilegiorum pontificum et imperialis  8. maius 1470  A 18 231r.",10901746-5
9,1835,0,Henricus Bentzin Bontzin rector parochialis ecclesia sancti Jacobi Rostockcen. Zwerinensis diocesis cui ad petitionem Henrici senior ducis Magnopolen. collatoris pro dictus ecclesia indulgentia 7 annus concedere fuit,,10901835-0
9,1835,1,,"de conficiendus littere cum clausula quod dictus H. 2 vel 3 personas secularis vel religiosus iniungere possit, Conc. cum consensu ordinarius  18. aprilis 1465  S 580 77vs .",10901835-1
9,1835,2,,clericus Caminensis diocesis: de nova provisio de perpetuus sine cura beneficium in parochialis ecclesia opidum Wysbu Lincopen. diocesis de iuris patronatus laicalis 4 marca argenti vacante per resignationem Heinrici Talnen clericus Lubicensis 16. maius 1465  S 580 220rs .,10901835-2
9,1835,3,,presbiter Caminensis diocesis perpetuus vicarius in parochialis ecclesia beatus Marie opidum Rostoccen. Zwerinensis diocesis: de perpetuus sine cura vicaria in dictus ecclesia de iuris patronatus laicalis 3 marca vacaturus per resignatio Hermanni Bruekman et de dispensatio ut unacum dictus vicaria predictam sine cura vicaria 4 marca argenti quam obtinet retinere valeat 4. iunius 1465  S 581 249vs .,10901835-3
9,1835,4,,remissio plenarius  26. iunius 1465  L 613 286v .,10901835-4
9,1835,5,,"Henrici ducis Magnopolen. secretarius : de dispensatio ad 2 incompatibilis beneficium, Et de parochialis ecclesia ad 3 annus  4. februarius 1467  S 614 347rs .",10901835-5
9,1835,6,,de nova provisio de canonicatus et prebenda ecclesia Lubicensis 4 marca argenti vacare per dimissio Henrici Bullen succollect. camera apostolicus 11. december 1470  S 662 222rs.,10901835-6
9,2155,0,"Henricus comes in Stolberg et dominus temporalis loci in Werningerode Maguntinensis [!] diocesis qui pro divinis cultibus 150 sexagenas grossorum monete Thuringie quas proconsules opidum Stolberg Maguntinae diocesis dictus comiti annis singulis persolvere tenebantur rectori parochialis ecclesia sancti Martini dictus opidum et 20 perpetuus vicariis in eadem et in capellis hospitalis sanctus Georgii et sanctus Juliane castri necnon sanctus Crucis extra muros ac beatus Marie in nova civitas dictus opidum et 6 choralibus in dictus ecclesia 3 partes rectori et 27 suo capellanus, vicariis et choralibus donavit",,10902155-0
9,2155,1,,"de confirmatio et approbatio littere desuper confectas 12. september 1465 S 585 224vss, mandatum L 614 78vss.",10902155-1
9,2155,2,,"de indulgentia 10 annus pro capella sanctus Juliane in castro opidum Stolberg, Conc. 3 annus 12. september 1465 S 585 224vss.",10902155-2
9,2155,3,,"de licentia erigere domum ordo frater minor sub regulari observantia provincie Saxonie in aliquo loco congruenti et honesto intra vel extra opidum de Stolbergh Maguntinae diocesis, de Wernigerode Halberstadensis diocesis , etiam iuxta aliquam ecclesia vel sine cura capellam 5. aprilis 1469 S 641 275rs.",10902155-3
9,2155,4,,facultas erigendi domus pro usu et habitatione fratrum ordo minor in opidum Stalerberg Maguntinensis [diocesis] I 331 161v.,10902155-4
9,2155,5,,"de indulgentia 10 annus pro parochialis ecclesia opidum Stalberge Maguntinae diocesis, Fiat 7 annus, item qui et sui progenitores quandam capella in parochialis ecclesia in Stalberge in honorem sancti Dionisii et Georgii, sanctus Catherine et alius sancti de novo erexerunt: de indulgentia 10 annus, Fiat 7 annus, item de indulgentia 10 annus pro parochialis ecclesia opidum Stalberge, Heringen et Kelebra Maguntinae diocesis et pro collegiata ecclesia in Wernigerode Halberstadensis diocesis, Fiat 7 annus, item qui quandam capella in opidum Staleberge in honorem beatus Marie virgo gloriose de novo erexit et fundare: de indulgentia 10 annus, Fiat 7 annus, item de indulgentia 10 annus in festo 10000 martir pro parochialis ecclesia in Staleberge et collegiata ecclesia in Wernigerode ut supra, Fiat 7 annus 5. aprilis 1469 S 642 113v-115r.",10902155-5
9,3474,0,Johannes comes in Mulinghen et Quinterus comes in Mulinghen et dominus in Berbey genitor,,10903474-0
9,3474,1,,"de confessio et de remissio plenarius , item de altare portatile , item de lacticiniis, item de indulgentia 7 annus pro ecclesia domus beatus Marie et sanctus Francisci in Barbee ordo frater minor Magdeburgensis diocesis in qua dicti comes sepulture existunt 9. ianuarius 1469 S 635 169v-171v.",10903474-1
9,4226,0,Lisnigk,,10904226-0
9,4226,1,,"Par. ecclesia sancti Nicolai in L. Misnensis diocesis : de indulgentia 5 annus 7. october 1466 S 602 4vs, L 636 213vs.",10904226-1
9,5330,0,Pritzwalk,,10905330-0
9,5330,1,,"Par. ecclesia opidum P. Havelbergensis diocesis : supplicare Friderico marchione Brandenburgensis necnon burgemagistro, consulibus et universitate dictus opidum in dominio dictus marchionis qui in dictus opidum de consensu ordinarii loci de bonis suis novam parochialis ecclesia construi fecerunt de indulgentia 10 annus 5. maius 1468 S 624 198vs.",10905330-1
9,5330,2,,"Op. P. Havelbergensis diocesis in temporali dominio Friderici marchionis Brandenburgensis consistens sepissime ex minimis et parvis causis ecclesiasticus interdicto auctoritas ordinarius suppositum: supplicare dictus marchione de concessio ut in dictus causis divina exerceri possint acsi sententia et censure minime emanavissent 9. aprilis 1465 S 580 70vss, L 614 263rss.",10905330-2
9,5381,0,Riddermanshanghem,,10905381-0
9,5381,1,,"Par. ecclesia beatus Marie virgo et alius sancti in R. Zwerinensis diocesis : supplicatio Ulrico duce Magnopolen. de indulgentia 10 annus, Fiat de 5 annus 27. aprilis 1470 S 655 229r-230v.",10905381-1
9,5679,0,Strelicze,,10905679-0
9,5679,1,,"Par. ecclesia in S. Havelbergensis diocesis : supplicatio Ulrico duce Magnopolen. de indulgentia 10 annus, Fiat 7 annus 27. aprilis 1470 S 655 229r-230v.",10905679-1
9,5684,0,Sunnenwald,,10905684-0
9,5684,1,,Par. ecclesia in S. Misnensis diocesis : supplicatio barone ac capitaneis marchionatus Lusacie de indulgentia 7 annus 29. aprilis 1469 S 641 294v.,10905684-1
9,5702,0,Temptzyn,,10905702-0
9,5702,1,,Precept. et fratres domus sanctus Antonii in Turonensis ordo sancti Augustini Zwerinensis diocesis : de indulto ut horas canonicus iuxta morem Romana Ecclesia dicere valeant 15. maius 1470 S 656 149r.,10905702-1
9,5702,2,,"Precept. et fratres domus sanctus Antonii in Turonensis ordo sancti Augustini Zwerinensis diocesis domus sanctus Antonii in Turonensis ordo sancti Augustini Zwerinensis diocesis : de indulgentia 7 annus, Conc. de 5 annus 18. maius 1470 S 657 106rs.",10905702-2
9,6104,0,Wernigerad ac Stalberg,,10906104-0
9,6104,1,,Colleg. ecclesia in opidum W. Halberstadensis diocesis ac parochialis ecclesia sancti Martini in opidum S. Maguntinae diocesis in quibus Henricus comes de Stalberg festum in honorem sancti 10000 martir instituit: indulgentia 7 annus 5. aprilis 1469 L 703 177r.,10906104-1
9,6302,0,Czegenhain,,10906302-0
9,6302,1,,"Capel. beatus Marie virgo in villa C. Nuemburgensis diocesis : supplicatio abbas etc. monasterium sanctus Georgii in Bergellen ordo sancti Benedicti Nuemburgensis diocesis cui dictus capella incorporata exstitit de indulgentia 10 annus, Conc. 3 annus 4. februarius 1467 S 607 83vs, L 652 37rss.",10906302-1
