Abkürzung,Auflösung,Übersetzung,Anmerkungen,Wortstamm,Deklination,RG1,RG2,RG3,RG4,RG5,RG6,RG7,RG8,RG9,Bemerkungen_1,Bemerkungen_2,volumes
a.,?,,,,,,a.,,,,,,,,,(Bd. II 25),1|2|3|4|5|6|7|8|9|10
a.,annus,Jahr,"siehe Eintrag ""an.""",ann -i,o ,,,,,,,,,,,,1|2|3|4|5|6|7|8|9|10
a.,annus,Jahr,,ann -i,o,a.,,a.,,,,,,,,,1|2|3|4|5|6|7|8|9|10
a.,argentum,Silber,,argent -i,o (n.),,,,,,a.,a.,,a.,,meist in Verbindung m. a. p.; m. arg. p.,1|2|3|4|5|6|7|8|9|10
abb.,abbas,Abt,,abbat -is,konsonantisch (m.),abb.,abb.,abb.,abb.,abb.,abb.,abb.,abb.,abb.,,,1|2|3|4|5|6|7|8|9|10
abb.,abbatissam,Akk. Sg. von abbatissa: Äbtissin,,abbatiss -(a)e,a ,,,,abb.,,,,,,,"wo nicht benutzt, wahrscheinlich Abk. ""abba."" verwendet",1|2|3|4|5|6|7|8|9|10
abb. et conv.,abbas et conventus,Abt und Konvent,,abbat -is; convent -us,konsonantisch/u,abb. et conv.,,,,,,,,,,,1|3|5|9|10
abb. et. conv.,abbas et conventus,Abt und Konvent,,,,,,,,,,,,,,,1|3|5|9|10
abb. et. conv.,abbas et conventus,Abt und Konvent,,abbat -is; convent -us,konsonantisch/u,,abb. et. conv.,abb. et. conv.,abb. et. conv.,abb. et. conv.,abb. et. conv.,,abb. et. conv.,abb. et. conv.,,,1|3|5|9|10
abb. etc.,abbas et conventus,Abt und Konvent,,abbat -is; convent -us,konsonantisch/u,abb. etc.,abb. etc.,,abb. etc.,abb. etc.,abb. etc.,abb. etc.,abb. etc.,abb. etc.,,,1|2|3|4|5|6|7|8|9|10
abba.,abbatissa,Äbtissin,,abbatiss -(a)e,a ,abba.,abba.,,abba.,abba.,abba.,abba.,abba.,abba.,,,1|2|4|5|6|7|8|9|10
abbam.,abbatissam,Akk. Sg. von abbatissa: Äbtissin,,abbatiss -(a)e,a ,,abbam.,,,abbam.,,,,,,"wo nicht benutzt, wahrscheinlich Abk. ""abba."" verwendet",2|4|5
abbat.,abbatia,Abtei; Stelle/Amt des Abtes,,abbati -(a)e,a,abbat.,,abbat.,,abbat.,abbat.,abbat.,abbat.,abbat.,,,1|3|5|6|7|8|9|10
abbat.,abbatissa,Äbtissin,,abbatiss -(a)e,a ,,,abbat.,,,,,,,,,1|3|5|6|7|8|9|10
abbat.,abbatissa,Äbtissin,Bd. 3 ,,,,,,,,,,,,,,1|3|5|6|7|8|9|10
abbe.,abbatisse,Gen./Dat. Sg. + Nom. Pl. von abbatissa: Äbtissin,,abbatiss -arum,a,abbe.,abbe.,,abbe.,abbe.,,abbe.,,,,,1|2|4|5|7
abbr.,litterarum apostolicarum abbreviator,"Abbreviator, Abfasser von Konzepten in der päpstlichen Kanzlei",,,,,,,,,,,,,,,3
abbrev.,litterarum apostolicarum abbreviator,"Abbreviator, Abfasser von Konzepten in der päpstlichen Kanzlei",,abbreviator -is,konsonantisch,abbrev.; abbreviator,abbrev.,abbr.,abbrev.; abbr.; abbreviator,abbrev.; abbreviator,abbrev.,abbrev.,abbrev.,abbrev.; abbreviator,,,1|2|3|4|5|6|7|8|9|10
abol.,abolere;,tilgen; abschaffen;,,"abole, abolev, abolit",e-Konj.,abolitio,,abol.,abolitio,abolitio,abol.,abol.,abol.,abol.; abolire,,,3|6|7|8|9|10
abol.,abolitio,Tilgung,,abolition- is,konsonantisch,,,,,,,,,,,,3|6|7|8|9|10
absol.,absolutio,Absolution,,absolution -is,konsonantisch,,,,,,,,,,,,1|2|3|4|5|6|7|8|9|10
absol.,absolvere;,lossprechen;,,"absolv, absolv, absolut",konsonantische Konj.,absol.; absolv.; absolvere,absol.; absolutio; absolvere,absol.,absol.; absolv.; absolutio; absolvere,absol.; absolutio; absolvere,absol.; absolv.; absolvere,absol.; absolvere,absol.; absolv.; absolvere,absol.; absolutio; absolvere,,,1|2|3|4|5|6|7|8|9|10
absolv.,absolvere,lossprechen ,,,,,,,,,,,,,,,1|4|6|8
acc.,acceptare,,,"accept, acceptav, acceptat",a-Konj.,,,,,,,,,,,,2|4|5|6|7|8|9|10
acc.,acceptatio,Annahme,,acceptation -is,konsonantisch,,,,,,,,,,,,2|4|5|6|7|8|9|10
acc.,acceptus,,,accept,o (Adj.),,,,,,,,,,,,2|4|5|6|7|8|9|10
acc.,accipere,"empfangen, erhalten",,"accipi, accep, accept",konsonantische Konj.,acceptare; accipere,acc.; accip.; acceptare; accipere,acceptare; acceptatio; accipere,acc.; accept.; acceptare; acceptatio; accipere,acc.; acceptare; acceptatio; accipere,acc.; acceptare; accipere,acc.; acceptare; acceptatio; accipere,acc.; acceptare; acceptatio; accipere,acc.; acceptare; acceptatio; accipere,,,2|4|5|6|7|8|9|10
accept.,acceptare,,,,,,,,,,,,,,,,4
accept.,acceptatio,Annahme,,,,,,,,,,,,,,,4
accept.,acceptus,,,,,,,,,,,,,,,,4
acol.,acolitus,"Akoluth, Geistlicher mit der höchsten der niederen Weihen",,acolit(h) -i; acolut -i,o,acolitus,acol.; acolit(h)us,acolit.; acolitus; acolutus,acol.; acolitus,acol.,acol.,acol.,acol.; acolitus,acol.; acolitus; acolutus,,,2|4|5|6|7|8|9|10
acolit.,acolitatus,"Weihegrad, Amt des Akoluth","in RG 3 steht ""acolit."" nicht für ""acolitatus"", sondern für ""acolitus""",acolitat -us,u,,,,acolit.,acolit.,acolit.,acolit.,acolit.,acolit.,,,3|4|5|6|7|8|9|10
acolit.,acolitus,"Akoluth, Geistlicher mit der höchsten der niederen Weihen",Bd. 3 ,,,,,,,,,,,,,,3|4|5|6|7|8|9|10
adc.,auri de camera (fl. vel duc.),"Kammergulden, Dukaten",,,,,,,,adc.,,adc.,adc.,adc.,,,5|7|8|9|10
add.,addendo,,,,Gerundium,,add.,,add.,,,,,,,,2|4
add. ment.,addendo mentionem,,,,Gerundium,,add. ment.,,add. ment.,,,,,,,,2|4
adh.,adherens; adherentes,,,adherent -is,gemischt,adh.; adher.; adherens; adherentes,adher.; adherens; adherentes,adh.,adherens; adherentes,adherens; adherentes,adher.; adherens; adherentes,adherens; adherentes,adherens; adherentes,adherens; adherentes,,,1
adher.,adherens; adherentes,,,,,,,,,,,,,,,,1|2|3|6
adhes.,adhesio,,,adhesion -is,konsonantisch,,,,,adhes.,,,,,,,5
adiudic.,adiudicare,,,adiudic,a-Konj.,,adiudic.,,,,,,,,,,2
adm.,admissio,Zulassung,,admission -is,konsonantisch,,,,,,,,,,,,5|7|8|9|10
adm.,admittere;,zulassen;,,"admitt, admis, admiss",konsonantische Konj.,admissio; admittere,admittere,admittere,admissio; admittere,adm.; admissio; admittere,admissio; admittere,adm.; admittere,adm.; admissio; admittere,adm.; admissio; admittere,,,5|7|8|9|10
admin.,administrare;,verwalten;,,"administr, administrav, administrat", a-Konj.,administrare; administrator,administrare; administrator,admin.; administr.; administrat.; administrare; administrator,admin.; administ.; administr.; administrare; administrator,admin.; administrare; administrator,admin.; administratrix,admin.,admin.; administrare; administrator,admin.; administrare; administrator,,,3|4|5|6|7|8|9|10
admin.,administratio;,Verwaltung,,adiministration -is,konsonantisch,,,,,,,,,,,,3|4|5|6|7|8|9|10
admin.,administrator,"Verwalter, (Bistums-)Verweser",,administrator -is,konsonantisch,,,,,,,,,,,,3|4|5|6|7|8|9|10
advoc.,advocare;,,,"advoc, advocav, advocat",a-Konj.,advocatus,advocatus,advocatus,advoc.; advocare; advocatus,advocare; advocatus,advocatus,advocare; advocatus,advoc.; advocatus,advocare; advocatus,,,4|8
advoc.,advocatus,,,advocat -i,o,,,,,,,,,,,,4|8
aep.,archiepiscopus,Erzbischof,,archiepiscop -i,o,aep.,aep.,aep.,aep.,aep.,aep.,aep.,aep.,aep.,,,1|2|3|4|5|6|7|8|9|10
aep. et cap.,"archiepiscopus, prepositus, decanus et canonici","Erzbischof, Propst, Dekan und die Kanoniker",,,,aep. et cap.,,,,,,,,,,,1
aep. et capit.,"archiepiscopus, prepositus, decanus et canonici","Erzbischof, Propst, Dekan und die Kanoniker",,,,,aep. et capit.,aep. et capit.,aep. et capit.,aep. et capit.,,,,aep. et capit.,,,2|3|4|5|9|10
aep. et eccl.,"archiepiscopus, prepositus, decanus et canonici","Erzbischof, Propst, Dekan und die Kanoniker",,,,,,,,,,,,aep. et eccl.,,,1|9|10
aep. et prep. etc.,"archiepiscopus, prepositus, decanus et canonici","Erzbischof, Propst, Dekan und die Kanoniker",,,,,,,,,,aep. et prep. etc.,,,,,7
aep. etc.,"archiepiscopus, prepositus, decanus et canonici","Erzbischof, Propst, Dekan und die Kanoniker",,,,aep. etc.,aep. etc.,,aep. etc.,aep. etc.,aep. etc.,aep. etc.,aep. etc.,aep. etc.,,,1|2|4|5|6|7|8|9|10
aepisc.,archiepiscopalis,erzbischöflich,,archiepiscopal -is,i-Dekl. (Adj.),aepisc.,,aepisc.,,aepisc.,aepisc.,aepisc.,aepisc.,aepisc.,,,1|3|5|6|7|8|9|10
aff.,affinitas,,,,,,,,,,,,,,,,5
affin.,affinitas,,,affinitat -is,konsonantisch,affin; aff.,affinitas,affin.,affinitas,affinitas,,affinitas,affinitas,affinitas,,,1|3
aggrav.,aggravare;,,,"aggrav, aggravav?, aggravat",a-Konj.,aggravatio,aggrav.; aggravare,aggrav.; aggravare,aggravare; aggravatio,aggravare; aggravatio,aggrav.,aggravare,aggravare,aggravare; aggravatio,,,2|3|6
aggrav.,aggravatio,,,aggravation -in,konsonantisch,,,,,,,,,,,,2|3|6
al.,alias,sonst auch ... (genannt),,,,,,,,,,,,,,,2|3|4|5|6|7|8|9|10
al.,alius;,der andere;,,ali -us,"o (Adj.) aber unregelmäßig: Gen. alius, Dat. alii",alius; alias,al.; alius; alias,al.; alius,al.; alius; alias,al.; alius; alias,al.; alius,al.; alius,al.; alius; alias,al.; alius; alias,,,2|3|4|5|6|7|8|9|10
alt.,altare,Altar,,altar -is,konsonantisch (n.),alt.,alt.,alt.,alt.,alt.,alt.,alt.,alt.,alt.,,,1|2|3|4|5|6|7|8|9|10
alt. port.,altare portatile,Tragaltar,,portatil -is,i-Dekl. (Adj.) (n.),alt. port.,alt. port.,alt. port.,alt. port.,alt. port.,alt. port.,alt. port.,alt. port.,alt. port.,,,1|2|3|4|5|6|7|8|9|10
altare port.,altare portatile,Tragaltar,,portatil -is,i-Dekl. (Adj.) (n.),altare port.,,,,,,,,,,,1
an.,annus,Jahr,,ann -i,o,,,an.,,an.,an.,an.,an.,an.,,,2|3|4|5|6|7|8|9|10
ann.,annata,"Jahresertrag; Gebühr, berechnet aufgrund des Jahresertrages",,annat -(a)e,a,,,,ann.,ann.,ann.,ann.,,,,"""ann."" ist für RG 7 NICHT als Abkürzung für ""annata"" aufgeführt, doch wohl benutzt, da ausgeschrieben ""annat*"" nicht verwendet wurde; nicht auszuschließen, dass ""ann."" möglicherweise auch in den Bd. 3, 8, 9 für ""annata"" verwendet wurde",2|4|5|6|7|8|9|10
ann.,annuus,jährlich,"ann.  steht in Bd. 4 und 5 laut Abk.-Verzeichnis NICHT für ""annuus"", sondern für ""annata"", in Bd. 6 für beides, doch ist die Verwendung für ""annuus"" nicht auszuschließen",annu -i,o (Adj.),,ann.,,,,ann.,ann.,ann.,ann.,,,2|4|5|6|7|8|9|10
annat.,annata,"Jahresertrag; Gebühr, berechnet aufgrund des Jahresertrages",,annat -(a)e,a,,,annat.,,,,,annat.,annat.,,"""ann."" ist für RG 7 NICHT als Abkürzung für ""annata"" aufgeführt, doch wohl benutzt, da ausgeschrieben ""annat*"" nicht verwendet wurde; nicht auszuschließen, dass ""ann."" möglicherweise auch in den Bd. 3, 8, 9 für ""annata"" verwendet wurde",3|4|5|6|7|8|9|10
ap.,apostolicus,apostolisch; päpstlich,,apostolic(h) -i,o/a (Adj.),ap.; apost.; apostolicus,ap.; apost.,ap.,ap.,ap.; apostolicus,ap.; apostolichus,ap.,ap.; apostlicus,ap.; apostolicus,,,1|2|3|4|5|6|7|8|9|10
ap. sed.,apostolica sedes,,siehe sed. ap.,,,,,,,,,,,,,,3|4|5|6|7|8|9|10
ap. sed.,sedes apostolica,,,sed -is apostolic -(a)e,konsonantisch und a,,,ap. sed.,ap. sed.,ap. sed.,ap. sed.,ap. sed.,ap. sed.,ap. sed.,,,3|4|5|6|7|8|9|10
apl.,apostolus,Apostel,,apostol -i,o,,,,apl.,,apl.,apl.,apl.,apl.,,,1|2|3|4|6|7|8|9|10
Apost.,Apostolus,Apostel,siehe apl.,,,,,,,,,,,,,,2
Apost.,apostolus,Apostel,,apostol -i,o,,Apost.,Apost.,,,,,,,,,2
appl.,apostoli (Plural),die Apostel,,apostol -orum,o,,,,appl.,appl.,appl.,appl.,appl.,appl.,,"in den Bd. 1, 2, 3 wahrscheinlich die selben Abk. wie für Sg. ",4|5|6|7|8|9|10
approb.,approbare;,billigen,,"approb, approbav, approbat", a-Konj.,,approbare; approbatio,approb.; approbare; approbatio,approbare; approbatio,approb.; approbare; approbatio,approb.,approb.,approb.; approbare; approbatio,approb.; approbare,,,3|5|6|7|8|9|10
approb.,approbatio,Billigung,,approbation -is,konsonantisch  ,,,,,,,,,,,,3|5|6|7|8|9|10
apr.,aprilis,April,,april -is,gemischt,apr.,apr.,apr.,apr.,apr.,apr.,apr.,apr.,apr.,,,1|2|3|4|5|6|7|8|9|10
archid.,archidiaconus,Erzdiakon,,archidiacon-i,o,,archid.,,archid.,,archid.,archid.,archid.,archid.,,,2|10
archidiac.,archidiaconatus,Amt/Stelle des Erzdiakons,"archidiac. in Bd. 1, 3, 4, 5 steht nicht für ""diaonatus"", sondern ""diaconus""",archidiaconat  -us,u,,archidiac.,,,,archidiac.,archidiac.,archidiac.,archidiac.,,,1|2|3|4|5|6|7|8|9|10
archidiac.,archidiaconus,Erzdiakon,,archidiacon-i,o,archidiac.,,archidiac.,archidiac.,archidiac.,,,,,,,1|2|3|4|5|6|7|8|9|10
archidiac.,archidiaconus,Erzdiakon,"Bd. 1,3,4,5",,,,,,,,,,,,,,1|2|3|4|5|6|7|8|9|10
archidiacon.,archidiaconatus,Amt/Stelle des Erzdiakons,"archidiac. in Bd. 1, 3, 4, 5 steht nicht für ""diaonatus"", sondern ""diaconus""",archidiaconat  -us,u,,,archidiacon.,archidiacon.,archidiacon.,archidiacon.,,,,,,4|5
archidiacon.,archidiaconatus,Amt/Stelle des Erzdiakons,siehe archidiac.,,,,,,,,,,,,,,4|5
archidiaconat.,archidiaconatus,Amt/Stelle des Erzdiakons,"archidiac. in Bd. 1, 3, 4, 5 steht nicht für ""diaonatus"", sondern ""diaconus""",archidiaconat  -us,u,archidiaconat.,,,,,,,,,,,1
archipresb.,archipresbiter,Erzpriester,,archipresb[iy]ter -i,o,archipresb.,archipresb.,archipresb.,archipresb.,archipresb.; archipresbiter,archipresb.; archipresbiter,archipresb.,archipresb.; [Aa]rchipresbiter,archipresb.,,,1|2|3|4|5|6|7|8|9|10
archipresbit.,archipresbiteratus,Amt/Stelle des Erzpriesters,,archipresb[iy]terat -us,u,,archipresbyteratus,archipresbyt.,archipresbit.; archipresbyt.; archipresbiteratus,archipresbit.; archipresbiteratus,archipresbiteratus,archipresbit.,archipresbit.; archipresbiteratus,archipresbiteratus,,,3|4|5|7|8
arg.,argentum,Silber,,argent -i,o,,,,arg.,arg.,arg.,arg.,arg.,arg.,,"nicht in Bd. 1, 2, 3; in Bd. 4 nur 1x; siehe auch Eintrag ""a.""",4|5|6|7|8|9|10
arg.,argentum,Silber,,argent -i,o (n.),,,,,arg.,,,arg.,,,meist in Verbindung m. a. p.; m. arg. p.,4|5|6|7|8|9|10
Arm.,?,,,,,,Arm.,Arm.,Arm.,Arm.,Arm.,Arm.,Arm.,Arm.,,,2|3|4|5|6|7|8|9|10
armig.,armiger,Knappe,,armiger -i,o,,armig.,armig.,armig.,armig.,armig.,armig.,armig.,armig.,,,2|3|4|5|6|7|8|9|10
art.,artes,"Künste, Geisteswissenschaften, ",,art -ium,gemischt,,,,,,,,,,,,1|2|3|4|5|6|7|8|9|10
art.,articulus (v.a. in mort. art.),,,articul -i,o,art.; artes; articulus,art.; artes; articulus,art.; articulus,art.; articulus,art.; artic.; artes; articulus,art.,art.,art.; artic.; artes; articulus,art.; artes; articulus,,,1|2|3|4|5|6|7|8|9|10
artic.,articulus,,siehe art.,,,,,,,,,,,,,,4|5|8
asad.,apud sedem apostolicam defunctus,,,,,,,,,,,asad.,,asad.,,,7|9
assec.,assecutio;,Erlangung (von Pfründen);,,assecution -is,konsonantisch,assecutio; assecutus,assecutio; assecutus,assec.; assecut.; assecutio,assec.; assecutus,assec.; assecutus,assec.,assec.,assec.; assecutus,assec.; assecutio; assecutus,,,3|4|5|6|7|8|9|10
assec.,assecutus,erlangt,,assecut -i,o (Adj.),,,,,,,,,,,,3|4|5|6|7|8|9|10
assign.,assignare;,zuweisen;,,"assign, assignav, assignat",,assignare; assegnatio,assign; assignare; assignatio,assign; assignare; assignatio,assig.; assignare; assignatio,assign; assignare; assignatio,assign; assignare,assign; assignare,assign.; assignare,assign; assignare,,,2|3|5|6|7|8|9|10
assign.,assignatio,Zuweisung,,assignation -is,konsonantisch,,,,,,,,,,,,2|3|5|6|7|8|9|10
auct.,auctoritas,Vollmacht,,auctoritat -is,konsonantisch,,auct.,auct.,auct.,auct.,,auct.,auct.,auct.,,,2|3|4|5|7|8|9|10
aud.,auditor causarum sacri palatii apostolici,"Auditor, Rotarichter",,auditor -is,konsonantisch,auditor,aud.; auditor,audit.; auditor,aud.; auditor,aud.; audit.; auditor,aud.; audit.,aud.,aud.; auditor,aud.; auditor,,,2|3|4|5|6|7|8|9|10
audit.,auditor causarum sacri palatii apostolici,"Auditor, Rotarichter",siehe aud.,,,,,,,,,,,,,,5
aug.,augustus,August,,august -i,o,aug.,aug.,aug.,aug.,aug.,aug.,aug.,aug.,aug.,,,1|2|3|4|5|6|7|8|9|10
auri de cam.,auri de camera (fl. vel duc.),"Kammergulden, Dukaten",,,,,,,,,auri de cam.,,,,,,6|8|10
b.,beatus;,heilig,,beat -i,o/a (Adj.),b.,b.,b.,b.,b.,b.,b.,b.,b.,,"b. für ""bulla"" nur in RG 4, in allen Bd. (inkl 4) sonst ausgeschrieben ",1|2|3|4|5|6|7|8|9|10
b.,bulla,Bulle,"v. a. in ""l. b.""; siehe dortigen Eintrag",bull -(a)e,a,,,,,,,,,,,,1|2|3|4|5|6|7|8|9|10
b. m.,bone memorie,,,,,,,,,,b. m.,,,,,,6
bac.,baccalaureus,Bakkalaureus (akademischer Grad),,baccalari -i; bacallari -i; baccalauri -i,o,bac.; bacal.; bacall.; baccal.; baccalarius; bacallarius,bac.,bac.,bac.,bac.; baccalaurius,bac.,bac.,bac.,bac.,,,1|2|3|4|5|6|7|8|9|10
Bapt.,Baptista,(Johannes) der Täufer,siehe bapt.,,,,,,,,,,,,,,10
bapt.,baptismalis,,"in Bd. 6, 8",baptismal -is,i (Adj.),,,,,,,,,,,,1|2|3|4|5|6|7|8|9
bapt.,baptista;,(Johannes) der Täufer,,baptist -(a)e,a (m.!),Bapt.,bapt.,bapt.,bapt.,bapt.; Baptista,bapt.; Baptista,bapt.,bapt.,bapt.; Baptista,,,1|2|3|4|5|6|7|8|9
bar.,baro,"Freiherr, Baron",,baron -is,konsonantisch,,bar.,bar.,bar.,bar.,bar.,bar.,bar.,bar.,,,2|3|4|5|6|7|8|9|10
baron.,baronia,,,baroni -(a)e,a,,,baron.,baron.,,,,,,,,3|4
Barth.,Bartholomeus,Urbanus VI,1,Bartholome -i,o,,,,,,,,,,,,1|2
bb.,beati (Plural),die heiligen,,beat -orum/arum,o/a (Adj.),bb.,bb.,bb.,bb.,bb.,bb.,bb.,bb.,bb.,,,1|2|3|4|5|6|7|8|9|10
ben.,beneficium,Pfründe,siehe benef.,,,,,,,,,,,,,,1
ben. c. v. s. c.,beneficium cum vel sine cura,Pfründe mit oder ohne Seelsorge,siehe benef. c. v. s. c.,,,,,,,,,,,,,,1
ben. c. v. s. c.,beneficium cum vel sine cura,Pfründe mit oder ohne Seelsorge,,,,ben. c. v. s. c.,,,,,,,,,,,1
Bened.,Benedictus,Benedictus XIII,1,Benedict -i,o,,,,,,,,,,,,2|3
bened.,benedicere;,,,"benedic, benedix, benedict",konsonantische Konj.,bened.; benedictio,bened.; benedicere; benedictio,bened.; benedict.,bened.; benedicere; benedictio,benedicere; benedictio,bened.,,benedicere; benedictio,benedicere; benedictio,,,1|2|3|4|6
bened.,benedictio,,,benediction -is,konsonantisch,,,,,,,,,,,,1|2|3|4|6
benef.,beneficialis,,,beneficial -is,i (Adj.),,,,,,,,,,,,1|2|3|4|5|6|7|8|9|10
benef.,beneficium,Pfründe,"benef. für ""beneficialis"" nur in Bd. 5; benef. in Bd. 1 steht für ""beneficiatus"", nicht für ""beneficium""",benefici -i,o (n.),ben.; beneficium,benef.; beneficium,benef.; benefium,benef.; beneficium,benef.; beneficium,benef.,benef. c. c.,benef.; beneficium,benef.; beneficium,,,1|2|3|4|5|6|7|8|9|10
benef. c. c.,beneficium cum cura,Pfründe mit Seelsorge,,,,,,,,benef. c. c.,benef. c. c.,benef. c. c.,benef. c. c.,benef. c. c.,,,1|6|7|8|10
benef. c. c. vel s. c.,beneficium cum cura vel sine cura,Pfründe mit oder ohne Seelsorge,,,,,,,,,,,,,,,7|8
benef. c. c. vel s. c.,beneficium cum vel sine cura,Pfründe mit oder ohne Seelsorge,,,,,,,,,,benef. c. c. vel s. c.,benef. c. c. vel s. c.,,,,7|8
benef. c. v. s. c.,beneficium cum vel sine cura,Pfründe mit oder ohne Seelsorge,,,,,,,,,benef. c. v. s. c.,,,,,,1|6
benef. s. c.,beneficium sine cura,Pfründe ohne Seelsorge,,,,,,benef. s. c.,,benef. s. c.,benef. s. c.,benef. s. c.,benef. s. c.,benef. s. c.,,,1|3|6|7|8|10
beneff.,beneficia,Pfründen,,benefici -orum,o (n.),,,,,beneff.,,,,,,,5
benefic.,beneficiatus,bepfründet,,beneficiat -i,o (Adj.),benef.; beneficiatus,benefic.; beneficiatus,benefic.; beneficiatum,benefic.; beneficiatus,benefic.; beneficiatus,benefic.,benefic.,benefic.; beneficiatus,benefic.; beneficiatus,,,2|3|4|5|6|7|8|9|10
bol.,bolendinus,,,bolendin -i,o,,,,,bol.,,,bol.,,,,5|8|10
bon.,bononiensis,Bolognino (Münze),,,,,,,,,,,,bon.,,nur in Bd. 9 und nur als Abk.,9|10
c.,(nur bei def. nat.:) coniugatus,verheiratet,"für coniugatus siehe ansonsten ""coniug.""",coniugat -i,o (Adj.),,,,,,,,,,,,1|2|3|4|5|6|7|8|9|10
c.,cum;,mit;,,,,c.; cum; cura,c.; cum; cura,c.; cum; cura,c.; cum; cura,c.; cum; cura,c.; cum; cura,c.; cum; cura,c.; cum; cura,c.; cum; cura,,,1|2|3|4|5|6|7|8|9|10
c.,cura,Seelsorge,"v. a. in ""c. c."" und ""s. c.""",cur -(a)e,a,,,,,,,,,,,,1|2|3|4|5|6|7|8|9|10
c. c.,cf.: def. nat. (c. c.),,,,,,,,,,,,,,,,1|4|5|6|7|8|9|10
c. c.,cum cura;,mit Seelsorge,,,,c. c.; cum cura,,,c. c.; c. cura,c. c.; c. cura,c. c.,c. c.,c. c.,c. c.; c. cura,,,1|4|5|6|7|8|9|10
c. c. vel s. c.,cum cura vel sine cura,mit oder ohne Seelsorge,siehe c. v. s. c.,,,,,,,,,,,,,,7|8|10
c. c. vel s. c.,cum vel sine cura,mit oder ohne Seelsorge,,,,,,,,,,c. c. vel s. c.,c. c. vel s. c.,,,,7|8|10
c. r. p.,cum reservatione prebende,,,,,,,,c. r. p.,,,,,,,,4
c. r. p.,cum reservatione prebende,,siehe c. reserv. preb.; Abk. meist in Verbindung mit can. (canonicatus); z.B. can. c. r. p.,,,,,,,,,,,,,,4
c. reserv. preb.,cum reservatione prebende,,,,,,,,c. reserv. preb.,c. reserv. preb.,,c. reserv. preb.,c. reserv. preb.,c. reserv. preb.,,,1|4|5|7|8|9
c. v. s. c.,cum vel sine cura,mit oder ohne Seelsorge,,,,c. v. s. c.,,,,,c. v. s. c.,,,,,,1|6
ca.,circa,ungefähr,,,,,,,ca.,ca.,,,,ca.,,"""circa"" kommt in allen Bd. vor, allerdings nicht wie ""ca."" zur Datumsbestimmung von Bearbeitern, sondern auch schon im Text von kur. Schreibern verwendet",5|9|10
cam.,camera (ohne Zusatz: apostolica),(Apostolische) Kammer,,camer -(a)e,a ,cam.; camera,cam.; camera,cam.; camera,cam.; camera,cam.; camera,cam.; camera,cam.; camera,cam.; camera,cam.; camera,,,1|2|3|4|5|6|7|8|9|10
camer.,camerarius,Kämmerer,,camerari -i,o,,camer.,camer.,,camer.,,camer.,camer.,camer.,,,2|3|4|5|7|8|9|10
can.,canonicatus;,"Kanonikat, Stiftsherren-/Chorherrenstelle;","laut Abk-Verz. Bd. 5 steht ""canon."" nur für ""canonicatus""",canoncicat -us,u,can.; canonicatus; canonicus,can.; canonicus,can.; canon.; canonicatus; canonicus,can.; canonicatus; canonicus,can.; canon.; canonicus; canonissa,can.; canonicus; canonissa,can.; canonicus; canonissa,can.; canonicatus; canonicus,can.; canonicatus; canonicus; canonissa,,,1|2|3|4|5|6|7|8|9|10
can.,canonicus;,"Kanoniker, Stiftsherr, Chorherr;",,canonic -i,o,,,,,,,,,,,,1|2|3|4|5|6|7|8|9|10
can.,canonissa,"Kanonissin, Stiftsdame",,canoniss -(a)e,a,,,,,,,,,,,,1|2|3|4|5|6|7|8|9|10
canc.,cancellaria;,,,cancellari -(a)e,a,,,,,canc.,cancelleria,,cancelleria,cancelleria; cancellerius,,"in allen Bd. kommen auch die Formen ""cancellaria"" und ""cancellarius"" vor",5
canc.,cancellarius,,,cancellari -i,o,,,,,,,,,,,,5
canon.,canonicatus,,,,,,,,,,,,,,,,5
canon.,canonicus;,,siehe can.,,,,,,,,,,,,,,5
canon.,canonissa;,,,,,,,,,,,,,,,,5
cant.,cantor,Kantor,,cantor -is,konsonantisch,,cant.,cant.,cant.,cant.,cant.,cant.,cant.,cant.,,"Bei Bd. 5-9 möglicherweise auch ""cantor"" statt Abk. benutzt, aber zu viel zum überprüfen",2|3|4|5|6|7|8|9|10
cantor.,cantoria,Amt/Stelle des Kantors,,cantori -(a)e,a,,cantor.,cantor.,cantor.,cantor.,cantor.,cantor.,cantor.,cantor.,,,1|2|3|4|5|6|7|8|9|10
cap.,capellanus,Kaplan,,capellan -i,o,cap.,cap.,cap.,cap.,cap.,cap.,cap.,cap.,cap.,,,1|2|3|4|5|6|7|8|9|10
cap.,capitulum,,,,,,,,,,,,,,,,1|2|3|4|5|6|7|8|9|10
cap. hon.,capellanus honoris,,,,,,cap. hon.,,cap. hon.,,,,,,,,2|4
capel.,capella,Kapelle,,capell -(a)e,a,,,capel.,,capel.,capel.,capel.,capel.,capel.,,"in allen Bd. kommt auch ""capella"" vor",3|5|6|7|8|9|10
capell.,capella,Kapelle,,capell -(a)e,a,,,capell.,,capell.,,,,,,"in allen Bd. kommt auch ""capella"" vor",3|5
capell.,capella,Kapelle,,,,,,,,,,,,,,,3|5
capell.,capellania,Kaplanei,,capellani -(a)e,a,,,capell.,,capell.,,,,,,,3|5
capell.,capellanus,Kaplan,,capellan -i,o,,,capell.,,capell.,,,,,,,3|5
capell.,capellanus;,Kaplan,siehe cap. und capel.,,,,,,,,,,,,,,3|5
capellan.,capellania,Kaplanei,,,,,,,,,,,,,,,1|2
capellan.,capellania,Kaplanei,,capellani -(a)e,a,capellan.,capellan.,,,,,,,,,,1|2
capellan.,capellanus,Kaplan,,capellan -i,o,capellan.,,,,,,,,,,,1|2
capellan.,capellanus;,Kaplan,"siehe cap., capel. und capn.",,,,,,,,,,,,,,1|2
capit.,capitularis,zum Kapitel gehörig,,,,,,,,,,,,,,,2|3|4|5|6|7|8|9|10
capit.,capitulum;,Kapitel;,,capitul -i,o (n.),capit.,cap.; capitularis,cap.; capitularis,cap.; capitularis,cap.; capitul.; capitularis,cap.; capitularis,cap.; capitularis,cap.; capitularis,cap.; capitularis,,"in allen Bd. kommt auch ""capitulum"" vor; möglicherweise auch in Bd. 1 ""cap."" für capitulum benutzt, aber zuviele Einträge zum nachprüfen",2|3|4|5|6|7|8|9|10
capn.,capellania,Kaplanei,,capellani -(a)e,a,,,,capn.,capn.,capn.,capn.,capn.,capn.,,,4|5|6|7|8|9|10
card.,cardinalis,"Kardinal(-bischof, -priester, -diakon)",,cardinal -is,gemischt,card.,card.,card.,card.,card.,card.,card.,card.,card.,,,1|2|3|4|5|6|7|8|9|10
cass.,cassare;,für ungültig erklären;,,"cass, cassav, cassat", a-Konj.,cass.,cass.; cassare; cassatio,cass.; cassat.,cass.; cassat.; cassare; cassatio,cass.; cassare; cassatio,cass.; cassatio,cass.; cassatio,cass.; cassatio,cass.; cassatio,,,1|2|3|4|5|6|7|8|9|10
cass.,cassatio,Ungültigkeitserklärung,,cassation -is,konsonantisch,,,,,,,,,,,,1|2|3|4|5|6|7|8|9|10
cassat.,cassatio,Ungültigkeitserklärung,siehe cass.,,,,,,,,,,,,,,2|4|5
cath.,catholicus ?,,,catholic -i,o,,,,cath.,,,,,,,,4
cathedr.,cathedralis,Bischofs-(kirche),,cathedral -is,gemischt,cathedr.,cathedr.,cathedr.,,cathedr.,cathedr.,cathedr.,cathedr.,cathedr.,,,1|2|3|4|5|6|7|8|9|10
caus.,causa,,,caus -(a)e,a,,,,caus.,,caus.,,,,,"in allen Bd. kommt auch ""causa"" vor",4|6
celebr.,celebrare,,,"celebr, celebrav, celebrat", a-Konj.,,,,celebr.,celebr.,,,celebr.,,,"in allen Bd. kommt auch ""celebrare"" vor",4|5|8
cess.,cessio,"Abtretung, Verzicht",,cession -is,konsonantisch,,,,cess.,,,,cess.,cess.,,,4|8|9|10
cf.,confer,vergleiche,,,,cf.,,,,cf.,,,,cf.,,,1|5|9
cimit.,cimiterium,Friedhof,ausgeschrieben auch cimeterium,cim[i/e]teri -i,o (n.),,,cimit.,,cimit.,cimit.,cimit.,cimit.,cimit.,,,3|5|6|7|8|9|10
civ.,civis,Bürger,,civ -is,gemischt,,civ.,civ.,,civ.,civ.,civ.,civ.,civ.,,"in allen Bd. auch ""civis""",1|2|3|4|5|6|7|8|9|10
civ.,civitas,(Bischofs-)Stadt,"laut Abk-Verz. in 1,2,3,4",,,,,,,,,,,,,,1|2|3|4|5|6|7|8|9|10
civ.,civitas,(Bischofs-)Stadt,,civitat -is,konsonantisch,civ.,civ.,civ.,civ.,,,,,,,,1|2|3|4|5|6|7|8|9|10
civit.,civitas,(Bischofs-)Stadt,,civitat -is,konsonantisch,,,civit.,,civit.,civit.,civit.,civit.,civit.,,,3|5|6|7|8|9|10
Clem.,Clemens,Clemens VII,1,Clement -is,gemischt,,,,,,,,,,,,2|3|5
cler.,clericus;,Kleriker;,,cleric -i,o,cler.,cler.,cler.,cler.,cler.,cler.,cler.,cler.,,,"in allen Bd. ""cler."", ""clerus"" und ""clericus""",1|2|3|4|5|6|7|8|9|10
cler.,clerus,"Klerus, Geistlichkeit",,cler -i,o ,,,,,,,,,,,,1|2|3|4|5|6|7|8|9|10
coll.,collatio,Übertragung (durch),,collation -is,konsonantisch,,,,,,,,,,,,1|2|3|4|5|6|7|8|9|10
coll.,collatus;,übertragen (von Pfründen);,,collat -i,o,coll.; collatio,coll.; collatio; collatus,collat.; collatus,coll.; collat.; collatio; collatus,coll.; collatio; collatus,coll.; collatio,coll.; collatus,coll.; collatus,coll.; collatio; collatus,,,1|2|3|4|5|6|7|8|9|10
collat.,collatio,Übertragung (durch),,,,,,,,,,,,,,,3
collat.,collatus;,übertragen (von Pfründen);,siehe coll.,,,,,,,,,,,,,,3
collect.,collector,Kollektor,,collector -is,konsonantisch,,collect.,collect.,collect.,collect.,collect.,collect.,collect.,collect.,,"in allen Bd. auch ""collector""",2|3|4|5|6|7|8|9|10
colleg.,collegiata,Stifts-(kirche),,collegiat -(a)e,a,colleg.,colleg.,colleg.,colleg.,colleg.,colleg.,colleg.,colleg.,colleg.,,,1|2|3|4|5|6|7|8|9|10
com.,comes,Graf,Bd. 1 nicht Graf,comit -is,konsonantisch,,com.,com.,com.,com.,com.,com.,com.,com.,,,1|2|3|4|5|6|7|8|9|10
com.,communis,gewöhnlich ,in Bd. 1 (siehe auch commun.),,,,,,,,,,,,,,1|2|3|4|5|6|7|8|9|10
commiss.,commissio,Auftrag,,commission -is,konsonantisch,comm.,,commiss.,comissio,commiss.; comissio,comm.; commiss.,commiss.,commiss.,commiss.,,"in allen Bd. auch ""commissio""",3|5|6|7|8|9|10
committ.,(m. Dativ) alicui committere,,,,,,,,,,,,,,,,5|7|8|9|10
committ.,committere,beauftragen,,"committ, commis, commiss",konsonantische Konj.,,committere,committere,committere; comittere,committ.; committere,committere,committ.; committere,committ.; committere,committ.; committere,,,5|7|8|9|10
commor.,commorans,,,commorant -is,gemischt,,,commor.,,,,,,,,"in allen Bd. auch ""commorans"" sowie Formen mit ""commorant-""",3
commun.,communis;,gewöhnlich;,,commun -is,i (Adj.),com.; comm.,comm.; communitas,commun.,communitas; comunitas,commun.; communitas,commun.; communitas; comunitas,commun.; communitas,commun.; communitas,commun.; communitas,,"in allen Bd. auch ""communis""",1|2|3|5|6|7|8|9|10
commun.,communitas,Gemeinde,,communitat -is,konsonantisch,,,,,,,,,,,,1|2|3|5|6|7|8|9|10
commun. serv.,commune servitium,,siehe serv. commun.,,,,,,,,,,,,,,1|2|5|8|9|10
commun. serv.,servitium commune,allgemeines Servitium,,serviti -i commun -is,o (n.) und konsonantisch (n.),,,,,commun. serv.,,,,commun. serv.,,,1|2|5|8|9|10
communi serv.,servitium commune,allgemeines Servitium,,serviti -i commun -is,o (n.) und konsonantisch (n.),,,,,,,communi serv.,,communi serv.,,,7|9|10
communis serv.,servitium commune,allgemeines Servitium,,serviti -i commun -is,o (n.) und konsonantisch (n.),,communis serv.,,,,,communis serv.,,communis serv.,,,2|7|9|10
commut.,commutatio,Umwandlung,nur einmal verwendet,commutation -is,konsonantisch,,,commut.,,,,,,,,,3
compat.,compatibilis,vereinbar,,compatibil -is,i (Adj.),,,compat.,compat.,,,compat.,compat.,compat.,,,3|4|7|8|9|10
compet.,competenter,"angemessen, befriedigend",,,Adverb,,,,compet.,,,,,,,,4|9
complem.,complementum,,,complement -i,o (n.),,,complem.,,,,,,,,,3
compon.,componere?,,,"compon, composu, compost",,,compon.,,,,,,,,,,2
conc.,concedere;,"gewähren, verleihen;",,"conced, concess, concess",,conc.; concedere; concessio,conc.; conced.; concedere; concessio,conc.; conced.; concedere,conc.; concess.; concedere; concessio,conc.; concedere; concessio,conc.,conc.; concedere,conc.; concedere; concessio,conc.; concedere; concessio,,,1|2|3|4|5|6|7|8|9|10
conc.,concessio,Verleihung,,concession -is,konsonantisch,,,,,,,,,,,,1|2|3|4|5|6|7|8|9|10
concil.,concilium,,,concili -i,o (n.),,,,concil.,concil.,,,concil.,,,,4|5|8
concord.,concordare,,nur einmal verwendet,concord -o,A-Konj.,,,,concord.,,,,,,,,4
concordat.,concordatio,,nur einmal verwendet,concordation -is,konsonantisch,,,,concordat.,,,,,,,,4|10
condit.,conditio,,,condition -is,konsonantisch,,,condit.,,,condit.,,,,,,3|6
conf.,confirmare;,bestätigen;,,"confirm, confirmav, confirmat",A-Konj.,confirm.; confirmare; confirmatio,conf.; confirm.; confirmare; confirmatio,conf.; confirm.; confirmatio,conf.; confirmare; confirmatio,conf.; confirmare; confirmatio,conf.; confirm.,conf.,conf.; confirmatio,conf.; confirmare; confirmatio,,,1|2|3|4|5|6|7|8|9|10
conf.,confirmatio,Bestätigung,,confirmation,konsonantisch,,,,,,,,,,,,1|2|3|4|5|6|7|8|9|10
confer.,conferre,"übertragen, verleihen",,"confer, contul, collat (conlat)",,,confer.,confer.,confer.,confer.,confer.,confer.,confer.,confer.,,"in allen Bd. auch ""conferre""",2|3|4|5|6|7|8|9|10
confess.,confessio;,Beichte,,confession -is,konsonantisch,confessor,confess.; confessio; confessor,confess.; confessor,confess.; confessionale; confessio; confessor,confess.; confessionalia; confessio; confessor,confess.; confessio; confessor,confess.; confessio,confess.; confessio; confessor,confess.; confessionale; confessio; confessor,,,2|3|4|5|6|7|8|9|10
confess.,confessionale;,Beichtbrief,,confessional -is,konsonantisch,,,,,,,,,,,,2|3|4|5|6|7|8|9|10
confess.,confessor,Beichtvater,,confessor -is,konsonantisch,,,,,,,,,,,,2|3|4|5|6|7|8|9|10
confic.,conficere,,,"confic, confec, confect",,,,,,,,,,,,,6|7|8|9|10
confic.,conficiendus,auszufertigen (von Urkunden),,conficiend -i,o (Gerundivum),,,,,,confic.,confic.,confic.,confic.,,"in allen Bd. auch ""conficere""",6|7|8|9|10
coniug.,coniugatus,verheiratet,,coniugat,o (Adj.),,coniug.,coniug.,coniug.,coniug.,coniug.,coniug.,coniug.,coniug.,,,2|3|4|5|6|7|8|9|10
cons.,consanguinitas,(Bluts-)verwandtschaft,in Bd. 1 (siehe auch consang.),,,,,,,,,,,,,,2|3|4
cons.,consul,,nicht in Bd. 1,consul -is,konsonantisch,,cons.,cons.,cons.,,,,,,,"in allen Bd. auch ""consul""",2|3|4
consang.,consanguineus,"(Bluts-)verwandt, -Verwandter",,consanguine,o (auch Adj.),,,,,,,,,,,,1|3|4|5|6|7|8|9|10
consang.,consanguinitas;,(Bluts-)verwandtschaft,,consanguinitat -is,konsonantisch,cons.; consangu.; consanguineus,consanguineus; consanguinitas,consang.; consanguineus,consang.; consanguineus; consanguinitas,consang.; consanguineus; consanguinitas,consang.; consanguineus,consang.,consang.; consanguineus,consang.; consanguineus; consanguinitas,,,1|3|4|5|6|7|8|9|10
consecr.,consecrare;,weihen;,,"consecr, consecrav, consecrat",A-Konj.,consecr.; consecrare; consecratio,consecr.; consecrare; consecratio,consecr.; consecrare,consecr.; consecrare; consecratio,consecr.; consecrare; consecratio,consecr.; consecrare,consecr.,consecr.; consecrare,consecr.; consecrare; consecratio,,,1|2|3|4|5|6|7|8|9|10
consecr.,consecratio,Weihe,,consecration -is,konsonantisch,,,,,,,,,,,,1|2|3|4|5|6|7|8|9|10
conserv.,conservare;,schützen;,,"conserv, conservav, conservat",A-Konj.,conserv.; conservat.,conserv.; conservare; conservator,conserv.; conservare; conservator,conserv.; conservare; conservator,conserv.; conservare; conservator; conservatoria,conserv.; conservare; conservator,conserv.,conserv.; conservare; conservator,conserv.; conservare; conservator; conservatoria,,,1|2|3|4|5|6|7|8|9|10
conserv.,conservator;,mit dem Schutz Beauftragter;,,conservator -is,konsonantisch,,,,,,,,,,,,1|2|3|4|5|6|7|8|9|10
conserv.,conservatoria,päpstlicher Schutzbrief,,conservatori -(a)e,a ,,,,,,,,,,,,1|2|3|4|5|6|7|8|9|10
constit.,constituere;,"sich befinden; bestimmen, verordnen, festsetzen;",,"constitu, constitu, constitut",konsonantische Konj.,,const.; constit.; constituere; constitutio; constitutus ,const.; constit.; constituere; constitutio; constitutus,const.; constit.; constitutio; constitutus,constit.; constituere; constitutio; constitutus,constit.; constitutio,constit.;constitutio; constitutus,constit.; constituere; constitutio; constitutus,constit.; constituere; constitutio; constitutus,,,2|3|4|5|6|7|8|9|10
constit.,constitutio,"Verordnung, Erlaß",,constitution -is,konsonantisch,,,,,,,,,,,,2|3|4|5|6|7|8|9|10
constit.,constitutus,,,constitut -i,o,,,,,,,,,,,,2|3|4|5|6|7|8|9|10
consul.,consul,,nicht in Bd. 1,consul -is,konsonantisch,,,,consul.,consul.,,,,,,"in allen Bd. auch ""consul""",2|3|4|5|6|7|8|9|10
cont.,?,,jeweils einmal in 1 und 2,,,cont.,cont.,,,,,,,,,,1
conthor.,conthoralis,Ehefrau,,conthoral -is,gemischt,,,,,,,,conthor.,conthor.,,,8|9|10
conv.,conventus,Konvent,,convent -us,u,conv.,conv.,conv.,conv.,conv.,conv.,conv.,conv.,conv.,,,1|2|3|4|5|6|7|8|9|10
corp.,corpus,Körper; körperliche Unversehrtheit,,corpor -is,konsonantisch (n.),,corp.,corp.,corp.,corp.,corp.,corp.,corp.,corp.,,"in allen Bd. auch ""corpus""",2|3|4|5|6|7|8|9|10
correct.,corrector,,,corrector -is,konsonantisch,,correct.,,correct.,correct.,correct.,,,,,,2|4|5|6
cruc.,,,,,,,,,,,,,,cruc.,,,9
cubic.,cubicularius,"Kubikular (des Papstes), Kammerherr",,cubiculari -i,o,cubic.,cubic.,cubic.,cubic.,cubic.,,cubic.,cubic.,cubic.,,,1|2|3|4|5|7|8|9|10
cum reserv. preb.,cum reservatione prebende,,siehe c. reserv. preb.,,,,,,,,,,,,,,3
cum reserv. preb.,cum reservatione prebende,,,,,,,cum reserv. preb.,,,,,,,,,3
cum reservatione preb.,cum reservatione prebende,,,,,cum reservatione preb.,,,,,,,,,,,1
cur.,curia ohne Zusatz: Romana curia,"Hof, päpstlicher Hof",,curi -(a)e,a ,,cur.,cur.,,cur.,cur.,cur.,cur.,cur.,,"in allen Bd. auch ""curia""",2|3|5|6|7|8|9|10
cur. Rom.,Romana curia,,1,Roman -(a)e curi -(a)e,beide a,,,,,,cur. Rom.,,,,,,3
cur. Rom.,curia Romana,,siehe Rom. cur.,,,,,,,,,,,,,,3
cur. Romana,Romana curia,,1,Roman -(a)e curi -(a)e,beide a,,,,,,,cur. Romana,,cur. Romana,,,7|9|10
curia Rom.,Romana curia,,1,Roman -(a)e curi -(a)e,beide a,curia Rom.,,,curia Rom.,,,,,,,,1|2
cust.,custos,"Kustos, Küster",,custod -is,konsonantisch,,cust.,cust.,cust.,cust.,cust.,cust.,cust.,cust.,,,2|3|4|5|6|7|8|9|10
custod.,custodia,Amt des Kustos,,custodi -(a)e,a ,,custod.,custod.,custod.,custod.,custod.,custod.,custod.,custod.,,,2|3|4|5|6|7|8|9|10
d.,datum (nur Bd. 6 laut Abk-Verz. sowie in Verbindung mit d. d./s. e. d./ s. d.),,,dat -i,o (n.),,,,,,,,,,,,1|2|3|4|5|6|7|8|9|10
d.,dictus;,genannt;,,dict -i,o (Adj.),d.; dictus,d.; dictus,d.; dict.; dictus,d.; dictus,d.; dictus,d.,d.; dictus,d.; dictus,d.; dictus,,"in allen Bd. auch ""dies""; zu ""d."" als ""datum"" siehe ""dat.""",1|2|3|4|5|6|7|8|9|10
d.,dies,Tag,,die -i,e ,,,,,,,,,,,,1|2|3|4|5|6|7|8|9|10
d.,dominus (nur Bd. 1 laut Abk-Verz.),,,domin -i,o,,,,,,,,,,,,1|2|3|4|5|6|7|8|9|10
d.,dominus;,Herr;,,domin -i,o,d.,,,,,,,,,,"in allen Bd. auch ""dominus"" und ""domus""",1|2|3|4|5|6|7|8|9|10
d. d.,de dato/data,,,,,,de dat.; de dato,d. d.,de data; de dato,de data,,d. d.; de data,de data; dato,de dat.; de dato,,,3|7|8
dat.,data;,(Urkunden) ausgestellt;,,dat -(a)e,a (Adj.),dat.; data,dat.; datum,d.; data; datum,dat.; data; datum,dat.; data; datum,d.; dat.; data; datum,dat.; data,dat.; data; datum,dat.; data; datum,,"möglicherweise ""d."" auch in anderen Bd. als ""datum/a"" verwendet, aber zuviel zum überprüfen; meist in Verb. ""s.e.d./s.d./d.d.""",1|2|4|5|6|7|8|9|10
dat.,datum,"Datum, Ausstellung",,dat -i,o (n.),,,,,,,,,,,,1|2|4|5|6|7|8|9|10
dd.,dicti (Plural),die genannten,,dict -orum,o,dicti,dicti,dicti,dd.; dicti,dicti,dd.,dd.; dicti,dd.; dicti,dd.; dicti,,,4|6|7|8|9|10
dec.,decanatus,Amt/Stelle des Dekans,,decanat -us,u,,dec.,dec.,dec.,dec.,dec.,dec.,dec.,dec.,,,1|2|3|4|5|6|7|8|9|10
dec.,decanus,Dekan,,decan -i,o,dec.,dec.,dec.,dec.,dec.,dec.,dec.,dec.,dec.,,"in allen Bd. auch ""decanus""",1|2|3|4|5|6|7|8|9|10
dec.,december,Dezember,,decembr -is,konsonantisch,dec.,dec.,dec.,dec.,,dec.,dec.,,,,,1|2|3|4|5|6|7|8|9|10
dec.,december,Dezember,,decembr -is,konsonantisch?,,,,,,,,,,,,1|2|3|4|5|6|7|8|9|10
dec. et cap.,"decanus, capitulum et singuli canonici","Dekan, Kapitel und die einzelnen Kanoniker",,,,dec. et cap.,dec. et cap.,,dec. et cap.,,,,,,,,1|2|4
dec. et capit.,"decanus, capitulum et singuli canonici","Dekan, Kapitel und die einzelnen Kanoniker",,,,,dec. et capit.,dec. et capit.,dec. et capit.,dec. et capit.,dec. et capit.,dec. et capit.,dec. et capit.,dec. et capit.,,,2|3|4|5|6|7|8|9|10
dec. etc.,"decanus, capitulum et singuli canonici","Dekan, Kapitel und die einzelnen Kanoniker",,,,,dec. etc.,,dec. etc.,dec. etc.,dec. etc.,dec. etc.,dec. etc.,dec. etc.,,,2|4|5|6|7|8|9|10
decan.,decanatus,Amt/Stelle des Dekans,,decanat -us,u,decan.,,,,,,,,,,,1|2|3|4|5|6|7|8|9|10
decan.,decanus,Dekan,in Bd. 1  ,,,,,,,,,,,,,,1|2|3|4|5|6|7|8|9|10
decan.,decanus,Dekan,,decan -i,o,decan.,,,,,,,,,,"in allen Bd. auch ""decanus""",1|2|3|4|5|6|7|8|9|10
decanat.,decanatus,Amt/Stelle des Dekans,,decanat -us,u,decanat.,,,,,,,,,,,1
decb.,december,Dezember,,decembr -is,konsonantisch,,,,,decb.,,,decb.,decb.,,,5|8|9|10
decern.,decernere,,,"decern, decrev, decret",konsonantische Konj.,,,decern.,,,decern.,decern.,decern.,,,,3|6|7|8
decl.,declarare;,erklären; (verbindlich) auslegen;,,"declar, declarav, declarat",A-Konj.,,declarare; declaratio,declarere,declarare; declaratio,decl.; declarare; declaratio,declarare; declaratio,declarare; declaratio,decl.; declarare,decl.; declarare; declaratio,,,5|8|9|10
decl.,declaratio,Erklärung,,declaration- is,konsonantisch,,,,,,,,,,,,5|8|9|10
decr.,decretum,Verordnung,,decret -i,o (n.),decr.,decr.,decr.,decr.,decr.,decr.,decr.,decr.,decr.,,,1|2|3|4|5|6|7|8|9|10
def.,defectus,"Mangel, Makel",,defect -us,u,def.,def.,def.,def.,def.,def.,def.,def.,def.,,,1|2|3|4|5|6|7|8|9|10
def. nat. (c. c.),defectus natalium (de coniugato et coniugata genitus),Geburtsmakel (von einem Verheirateten und einer Verheirateten abstammend),,,,,,,,,,,,,,,10
def. nat. (c. s.),defectus natalium (de coniugato et soluta genitus),Geburtsmakel (von einem Verheirateten und einer Ledigen abstammend),,,,,,,,,,,,,,,10
def. nat. (p. c.),defectus natalium (de presbitero et coniugata genitus),Geburtsmakel (von einem Priester und einer Verheirateten abstammend),,,,,,,,,,,,,,,10
def. nat. (p. s.),defectus natalium (de presbitero et soluta genitus),Geburtsmakel (von einem Priester und einer Ledigen abstammend),,,,,,,,,,,,,,,10
def. nat. (s. c.),defectus natalium (de soluto et coniugata genitus,Geburtsmakel (von einem Ledigen und einer Verheirateten abstammend),,,,,,,,,,,,,,,10
def. nat. (s. s.),defectus natalium (de soluto et soluta genitus),Geburtsmakel (von einem Ledigen und einer Ledigen abstammend),,,,,,,,,,,,,"alle Kombinationen mit def. nat. kommen in den Bd. 4-9 vor; in den Bd. 1-3 nur ""def. nat."" ohne Spezifizierung",,10
def. nat. c. c.,defectus natalium (de coniugato et coniugata genitus),Geburtsmakel (von einem Verheirateten und einer Verheirateten abstammend),,,,,,,def. nat. c. c.,def. nat. c. c.,def. nat. c. c.,def. nat. c. c.,def. nat. c. c.,,,,4|6|7|8
def. nat. c. s.,defectus natalium (de coniugato et soluta genitus),Geburtsmakel (von einem Verheirateten und einer Ledigen abstammend),,,,,,,def. nat. c. s.,def. nat. c. s.,def. nat. c. s.,def. nat. c. s.,def. nat. c. s.,def. nat. c. s.,,,4|6|7|8
def. nat. p. c.,defectus natalium (de presbitero et coniugata genitus),Geburtsmakel (von einem Priester und einer Verheirateten abstammend),,,,,,,def. nat. p. c.,def. nat. p. c.,def. nat. p. c.,def. nat. p. c.,def. nat. p. c.,def. nat. p. c.,,,4|6|7|8|9
def. nat. p. s.,defectus natalium (de presbitero et soluta genitus),Geburtsmakel (von einem Priester und einer Ledigen abstammend),,,,,,,def. nat. p. s.,def. nat. p. s.,def. nat. p. s.,def. nat. p. s.,def. nat. p. s.,def. nat. p. s.,,,4|6|7|8
def. nat. s. c.,defectus natalium (de soluto et coniugata genitus,Geburtsmakel (von einem Ledigen und einer Verheirateten abstammend),,,,,,,def. nat. s. c.,def. nat. s. c.,def. nat. s. c.,def. nat. s. c.,def. nat. s. c.,def. nat. s. c.,,,4|6|7|8
def. nat. s. s.,defectus natalium (de soluto et soluta genitus),Geburtsmakel (von einem Ledigen und einer Ledigen abstammend),,,,,,,def. nat. s. s.,def. nat. s. s.,def. nat. s. s.,def. nat. s. s.,def. nat. s. s.,def. nat. s. s.,"alle Kombinationen mit def. nat. kommen in den Bd. 4-9 vor; in den Bd. 1-3 nur ""def. nat."" ohne Spezifizierung",,4|6|7|8
den.,denarius,"Denar, Pfennig",,denari -i,o,den.,den.,den.,den.,den.,den.,den.,den.,den.,,,1|2|3|4|5|6|7|8|9|10
depend.,dependere,abhängen,,"depende, dependev?, dependet?",e-Konj.,,depend.,depend.,depend.,depend.,depend.,depend.,depend.,depend.,,,2|3|4|5|6|7|8
deput.,deputare,beauftragen,,"deput, deputav, deputat", a-Konj.,,deput.,deput.,deput.,deput.,deput.,deput.,deput.,deput.,,"in allen Bd. auch ""deputatus""",2|3|4|5|6|7|8|9|10
deput.,deputatus,,,deputat -i,o,,,,,,,,,,,,2|3|4|5|6|7|8|9|10
derog.,,"Beschränkung, (teilw.) Aufhebung, Außerkraftsetzung",,,,,,,,,,,,,,,5|6|7|8|9|10
derog.,derogare;,"beschränken,(teilweise) aufheben, außer Kraft setzen (von Rechten);",,"derog, derogav, derogat", a-Konj.,,derogare,derogare; derogatio,derogare; derogatio,derog.; derogare,derog.; derogare; derogatio,derog.; derogare; derogatio,derog.,derog.,,,5|6|7|8|9|10
derog.,derogatio,,,derogation -is,konsonantisch,,,,,,,,,,,,5|6|7|8|9|10
descript.,descriptus,,,descript -i,o (Adj.),,,,,,,,descript.,,,,8|10
destin.,destinare;,,,"destin, destinav, destinat", a-Konj.,,destin.; destinare,destin.,destin.; destinare,destinare,destin.; destinare,destinare,destinare,,,"in allen Bd. auch ""destinatus""",2|3|4|6
destin.,destinatus,,,destinat -i,o (Adj.),,,,,,,,,,,,2|3|4|6
desup.,desuper,darüber,,,,,,,,desup.,,desup.,desup.,desup.,,,5|7|8|9|10
detin.,detinere,unrechtmäßig in Besitz haben,,"detine, detinu, detent",e-Konj.,,,,,detin.,detin.,detin.,detin.,detin.,,,5|6|7|8|9|10
devol.,devolutio,Devolution (Übergang des Besetzungsrechts auf die nächsthöhere Instanz),,devolution -is,konsonantisch,,devolutio,devolvere,devol.,devol.; devolvere,,devolutio,devol.; devolvere,devol.; devolvere,,,4|5|8|9|10
devol.,devolvere,,,"devolv, devol, devolut",,,,,,,,,,,,,4|5|8|9|10
diac.,diaconus,Diakon,,diacon -i,o,diac.,diac.,diac.,diac.,diac.,diac.,diac.,diac.,diac.,,,1|2|3|4|5|6|7|8|9|10
diacon.,diaconatus,"Weihegrad, Amt des Diakons",,diaconat -us,u,,,diacon.,diacon.,diacon.,diacon.,diacon.,diacon.,diacon.,,,3|4|5|6|7|8|9|10
dic.,dicere,,,"dic, dix, dict",,,,,,,,dic.,,,,"in allen Bd. auch ""dicere""",5
diff.,diffinitivus,,,diffinitiv -i,o,diffinitivus,,,definitivus,diff.; definitivus,diffinitivus,diff.; diffinitivus,diff.,definitivus; diffinitivus,,,5|7|8
dign.,dignitas,"Dignität, höheres Amt in einem Kapitel",,dignitat -is,konsonantisch,dign.,dign.,dign.,dign.,dign.,dign.,dign.,dign.,dign.,,,1|2|3|4|5|6|7|8|9|10
diiudic.,diiudicare,,,"diiudic, diiudicav, diiudicat", a-Konj.,,diiudic.,,,,,,,,,,2
dim.,dimissio,Verzicht,,dimission -is,konsonantisch,,,,,,,,,,,,2|3|4|5|6|7|8|9|10
dim.,dimittere;,"verzichten, aufgeben (von Pfründen);",,"dimitt, dimis, dimiss",konsonantische Konj.,dimittere,dim.; dimittere,dim.; dimissio,dim.; dimittere,dim.; dimittere,dim.,dim.,dim.; dimissio; dimittere,dim.; dimissio; dimittere,,,2|3|4|5|6|7|8|9|10
dioc.,diocesis,Diözese,,dioces -is,gemischt,dioc.,dioc.,dioc.,dioc.,dioc.,dioc.,dioc.,dioc.,dioc.,,,1|2|3|4|5|6|7|8|9|10
disp.,dispensare (cum aliquo);,"(jemanden) dispensieren, befreien; außer Kraft setzen (von kanonischen Regeln);",,"dispens, dispensav, dispensat",A-Konj.,disp.; dispens.; dispensare; dispensatio,disp.; dispens.; dispensatio,disp.,disp.; dispensare,disp.; dispensare; dispensatio,disp.,disp.; dispensare,disp.; dispensare,disp.; dispensare; dispensatio,,,1|2|3|4|5|6|7|8|9|10
disp.,dispensatio,"Dispens, Befreiung, Außerkraftsetzung",,dispensation -is,konsonantisch,,,,,,,,,,,,1|2|3|4|5|6|7|8|9|10
div.,diversus,,,divers -i,o,div.; divinus,div.; divinus,div.; divin.,divers.; divinus,div.; divinus,div.; divinus,div.; divinus,div.; divinus,divinus,,"in allen Bd. auch ""diversus"" und ""divisio""",1|2|3|4|5|6|7|8
div.,divinus,,,divin -i,o,,,,,,,,,,,,1|2|3|4|5|6|7|8
div.,divisio,,,division -is,konsonantisch,,,,,,,,,,,,1|2|3|4|5|6|7|8
div. off.,divina officia,,,divin -orum offici -orum,o (Adj.; n. Pl.) o (n. Pl.),,,div. off.,,div. off.,div. off.,div. off.,div. off.,,,,3|5|6|7|8
divina off.,divina officia,,,divin -orum offici -orum,o (Adj.; n. Pl.) o (n. Pl.),,,,,,divina off.,divina off.,divina off.,divina off.,,,6|7|8|9|10
doct.,doctor,Doktor,,doctor -is,konsonantisch,,doct.,doct.,doct.,doct.,doct.,doct.,doct.,doct.,,,2|3|4|5|6|7|8|9|10
dom.,dominus;,Herr;,,domin -i,o,,dom.,dom.,dom.,dom.,dom.,dom.,dom.,dom.,,"in allen Bd. auch ""dominus"" und ""domus""",2|3|4|5|6|7|8|9|10
dom.,domus,"Haus, Wohnung",,dom -us,u (f.),,,,,,,,,,,,2|3|4|5|6|7|8|9|10
dom. hosp.,domus hospitalis,,,hospital -is,i (Adj.),,dom. hosp.,dom. hosp.,dom. hosp.,,dom. hosp.,,,dom. hosp.,,,2|3|4|6|9|10
domic.,domicella;,,,domicell -(a)e,a ,domicella; domicellus,domic.,domic.; domicella; domicellus,domic.; domicella; domicellus,domic.; domicella; domicellus,domic.; domicella,domic.,domicella; domicellus,domicella; domicellus,,,2|3|4|5|6|7
domic.,domicellus,,,domicell -o,o,,,,,,,,,,,,2|3|4|5|6|7
domin.,dominus;,Herr;,,domin -i,o,,,domin.,,,,,,,,"in allen Bd. auch ""dominus"" und ""domus""",3
domus hosp.,domus hospitalis,,,hospital -is,i (Adj.),domus hosp.,domus hosp.,domus hosp.,domus hosp.,domus hosp.,,domus hosp.,domus hosp.,,,,1|2|4|5|7|8
domus hosp.,domus hospitalis,,siehe dom. hosp.,,,,,,,,,,,,,,1|2|4|5|7|8
dot.,dotare,,,"dot, dotav, dotat",A-Konj.,,dot.,,,,dot.,,,,,,2|6
dotat.,dotatio,,,dotation -is,konsonantisch,,,dotat.,,,,,,,,,3
duc.,ducatus,Herzogtum,,,,,,,,,,,,,,,2|4|5|6|7|8|9|10
duc.,ducatus;,Dukaten;,,ducat -us,u,,duc.,duc.,duc.,duc.,duc.,duc.,duc.,duc.,,"in allen Bd. auch ""ducatus""",2|4|5|6|7|8|9|10
ducat.,ducatus,Dukaten;,siehe duc.,,,,,,,,,,,,,,2|3
ducat.,ducatus,Herzogtum,,,,,,,,,,,,,,,2|3
ducat.,ducatus;,Dukaten;,,ducat -us,u,,ducat.,ducat.,,,,,,,,"in allen Bd. auch ""ducatus""",2|3
e.,eodem (in s. e. d.),,siehe s. e. d.,,,,,,,,,,,,,,1|2|3|4|5|6|7|8|9|10
e.,expectatio (in s. e. p.),,siehe s. e. p.,expectation -is,konsonantisch,,,,,,,,,,,,1|2|3|4|5|6|7|8|9|10
e.,extra (in e. m. sowie e. t.),,siehe e. m. und e. t.,,,,,,,,,,,,,"""e."" kommt in allen Bd. vor, für welche Abk. es jeweils steht, ist wegen der unüberschaubaren Trefferanzahl nicht festzustellen; siehe ansonsten bei ""e. m."", ""s. e. d."" und ""s. e. p.""",1|2|3|4|5|6|7|8|9|10
e. m.,extra muros,außerhalb der Mauern,,,,,e. m.,e. m.,e. m.,e. m.,e. m.,e. m.,e. m.,e. m.,,,2|3|4|6|7|8|10
ecc.,ecclesia,Kirche,,ecclesi -(a)e,a ,,,,,ecc.,,,,,,,4|6
eccl.,ecclesia,Kirche,,ecclesi -(a)e,a ,eccl.,eccl.,eccl.,eccl.,,eccl.,eccl.,eccl.,eccl.,,,1|2|3|4|5|6|7|8|9|10
eccles.,ecclesiasticus,kirchlich,,ecclesiastic -i,o (Adj.),,eccles.,eccles.,,eccles.,eccles.,eccles.,eccles.,eccles.,,,2|3|5|6|7|8|9|10
ecclesiast.,ecclesiasticus,kirchlich,,ecclesiastic -i,o (Adj.),,ecclesiast.,,,,,,,,,,2
ed.,ediert ?,,,,,,,,,ed.,,,,,,,5
el.,electio,,"v. a. in Bd. 2, 4",,,,,,,,,,,,,,1|2|3|4|5|6|7|8|9|10
el.,electio,Wahl,,election -is,konsonantisch,,el.,,el.,,,,,,,,1|2|3|4|5|6|7|8|9|10
el.,electus;,"gewählt, (zum Bischof) Gewählter, Elekt",,elect -i,o,el.; electus,el.; electus,el.; electus,el.; electus,el.; electus,el.,el.,el.,el.; electus,,,1|2|3|4|5|6|7|8|9|10
el.,eligere,wählen,,"elig, eleg, elect",,,,,el.,,,,,,,"in allen Bd. auch ""eligere""",1|2|3|4|5|6|7|8|9|10
el.,eligere;,,v. a. in Bd. 4,,,,,,,,,,,,,,1|2|3|4|5|6|7|8|9|10
elect.,electio,Wahl,,election -is,konsonantisch,,,elect.,elect.,elect.,elect.,elect.,elect.,elect.,,,3|4|5|6|7|8|9|10
elemos.,elemosina/elemosinaria ?,,,elemosin -(a)e,a,,elemos.,elemos.,elemos.,,,,,,,ausgeschrieben auch: elimosinaria,2|3|4
elemosin.,elemosina/elemosinaria ?,,,elemosin -(a)e,a,,,elemosin.,elemosin.,,,,,,,ausgeschrieben auch: elimosinaria,3|4
elig.,eligere,wählen,,"elig, eleg, elect",,,elig.,elig.,elig.,elig.,elig.,elig.,elig.,elig.,,"in allen Bd. auch ""eligere""",2|3|4|5|6|7|8|9|10
ep.,episcopus,Bischof,,episcop -i,o,ep.,ep.,ep.,ep.,ep.,ep.,ep.,ep.,ep.,,,1|2|3|4|5|6|7|8|9|10
ep. et cap.,episcopus et capitulum,Bischof und Kapitel,siehe ep. etc.,,,,,,,,,,,,,,1
ep. et cap.,"episcopus, prepositus, decanus et canonici","Bischof, Propst, Dekan und die Kanoniker",,,,ep. et cap.,,,,,,,,,,,1
ep. et capit.,episcopus et capitulum,Bischof und Kapitel,siehe ep. etc.,,,,,,,,,,,,,,10
ep. et capit.,"episcopus, prepositus, decanus et canonici","Bischof, Propst, Dekan und die Kanoniker",,,,,ep. et capit.,ep. et capit.,ep. et capit.,ep. et capit.,,ep. et capit.,ep. et capit.,ep. et capit.,,,10
ep. etc.,"episcopus, prepositus, decanus et canonici","Bischof, Propst, Dekan und die Kanoniker",,,,ep. etc.,ep. etc.,ep. etc.,ep. etc.,ep. etc.,ep. etc.,ep. etc.,ep. etc.,ep. etc.,,,1|2|3|4|5|6|7|8|9|10
episc.,episcopalis,bischöflich,,episcopal -is,i (Adj.),,,episc.,,episc.,episc.,episc.,episc.,episc.,,,3|4|5|6|7|8|9|10
Epp.,episcopi,Bischöfe,,episcop -orum,o,,,,,Epp.,,,,,,,4|5|6|9
epp.,episcopi,Bischöfe,,episcop -orum,o,epp.,,epp.,,epp.,,,,,,,1|3|5
erig.,erigere,errichten; (eine Kirche in einen höheren Status) erheben,,"erig, erex, erect",konsonantische Konj.,,erig.,,,erig.,erig.,erig.,erig.,erig.,,"in allen Bd. auch ""erigere""",2|5|6|7|8|9|10
et.,etas,Alter,,etat -is,konsonantisch,,et.,,et.,et.,et.,et.,et.,et.,,"möglicherweise ""et."" für ""etas"" auch in Bd. 1 und 3 verwendet, aber wg. tausender Treffer zu ""et""(und) nicht nachzuprüfen; ""etas"" kommt im übrigen nie im Nominativ vor, daher auch in RG 3 Abk. ""etat.""",1|2|3|4|5|6|7|8|9|10
etat.,etas,Alter,,etat -is,konsonantisch,,,etat.,,,,,,,,"möglicherweise ""et."" für ""etas"" auch in Bd. 1 und 3 verwendet, aber wg. tausender Treffer zu ""et""(und) nicht nachzuprüfen; ""etas"" kommt im übrigen nie im Nominativ vor, daher auch in RG 3 Abk. ""etat.""",3
etc.,et capitulum,,,,,,,,,,,,,,,,1|2|3|4|5|6|7|8|9|10
etc.,et cetera,und so weiter,,,,et cap.; et conv.; et capitulum,et capit.; et conv.; et conventus; et ceteri ,et capit.; et conv.,et capit.; et conv.; et capitulum; et conventus,et capit.; et capitul.; et conv.; et ceteri,et capit.; et conv.,et capit.; et conv.,et capit.; et conv.; et ceteri,et capit.; et conv.; et capitulum; et conventus,,"""etc."" kommt in allen Bd. vor, ob aber wirklich als Abk. für usw. benutzt, zweifelhaft, eher für ""et conv."" oder ""et capit.""; ""et ceteri"" kommt vor in Bd. 2,5,8, bedeutet aber ""und gewisse/einige (Kapläne, Ritter o.ä.)""",1|2|3|4|5|6|7|8|9|10
etc.,et conventus,,,,,,,,,,,,,,,,1|2|3|4|5|6|7|8|9|10
ev.,evangelista,(Johannes) der Evangelist,,evangelist -(a)e,a (m.!),,ev.,,ev.,ev.,ev.,ev.,ev.,ev.,,,2|3|4|5|6|7|8|9
evangelist.,evangelista,(Johannes) der Evangelist,,evangelist -(a)e,a (m.!),,,,evangelist.,,,,,,,,4
evoc.,evocare,,,"evoc, evocav, evocat", a-Konj.,,evoc.,,,,,,,,,,2
except.,exceptus ?,,,except -i,o (Adj.),,,except.,,,,,,,,,3
excom.,excommunicare;,exkommunizieren;,,"excommunic, excommunicav, excommunicat",A-Konj.,excom.; excommunicare; excommunicatio,excom.; excommun.; excommunicare; excommunicatio,excom.; excommunicare; excommunicatio,excom.; excommunicare,excom.; excommunicare,excom.,excom.,excom.; excommunicare,excom.; excommunicare,,,1|2|3|4|5|6|7|8|9|10
excom.,excommunicatio,Exkommunikation,,excommunication -is,konsonantisch,,,,,,,,,,,,1|2|3|4|5|6|7|8|9|10
exec.,executere;,,,"executi, execuss, execuss",gemischte Konj.,executor,exec.; execut.; executere; executio; executor,execut.; executio; executor,executere; executio; executor,exec.; executio; executor,exec.,exec.; executere; executio; executor,exec.; executere; executio; executor,exec.; executio; executor,,,2|3|4|5|6|7|8|9|10
exec.,executio;,,,execution -is,konsonantisch,,,,,,,,,,,,2|3|4|5|6|7|8|9|10
exec.,executor,,,executor -is,konsonantisch,,,,,,,,,,,,2|3|4|5|6|7|8|9|10
exempt.,exemptio,"Befreiung, Exemtion, Ausnahmestellung",,exemption -is,konsonantisch,,,,,,,,,,,,2|3|4|5|6|7|8|9|10
exempt.,exemptus;,"exemt, ausgenommen (von der ordentlichen kirchlichen Jurisdiktion);",,exem(p)t -i,o (Adj.),,exemt.; exemptio; exemtio; exemptus; exemtus,exempt.; exemptio; exemtio,exempt.; exemptio; exemtio; exemptus,exempt.; exemptio; exemtio; exemptus; exemtus,exempt.; exemptio; exemtio; exemptus; exemtus,exempt.; exemptio; exemptus,exempt.; exemptus,exempt.; exemptio; exemptus,,,2|3|4|5|6|7|8|9|10
exemt.,exemtio,"Befreiung, Exemtion, Ausnahmestellung",,,,,,,,,,,,,,,2
exemt.,exemtus,"exemt, ausgenommen (von der ordentlichen kirchlichen Jurisdiktion);",siehe exempt.,,,,,,,,,,,,,,2
exerc.,exercere,,,"exerce, exercu, exercut",e-Konj.,,,,,,exerc.,,,,,"in allen Bd. auch ""exercere""",6
exig.,exigere,,,"exig, exeg, exact",konsonantische Konj.,,exig.,exig.,,,exig.,exig.,exig.,,,"in allen Bd. auch ""exigere""",2|3|6|7|8
exist.,existere,"sein, sich befinden",,"exist, extit",konsonantische Konj.,,,exist.,,exist.,exist.,exist.,exist.,exist.,,,3|5|6|7|8|9|10
expect.,(gratia ) expectativa,,,expectativ -(a)e,a ,,,,,,,,,,,,1|2|3|4|5|6|7|8|9|10
expect.,"expectatio, (gratia) expectativa","Anwartschaft (auf ein noch nicht freies Kirchenamt), Exspektanz",,expectation -is,konsonantisch,expectare,expectativa,,expect.; exspect.; expectare,expect.; expectare; expectativa,expect.; expectare,expect.; expectare,expect.; expectare,expect.; expectare; expectativa,,"""expect."" vielleicht auch als Abk. für ""expectantia"" verwendet, aber das vermag ich nicht zu entscheiden; ""expectantia"" kommt in Bd. 2,4,5,8 vor",1|2|3|4|5|6|7|8|9|10
exped.,,"Urkundenexpedition, -ausstellung",,,,,,,,,,,,,,,1|2|3|4|5|6|7|8|9|10
exped.,expedire;,"(Urkunden) befördern, absenden, die Ausstellung (von Urkunden) betreiben;",,"expedi, expediv, expedit",i-Konj.  ,exped.,exped.; expeditio,exped.,exped.; expeditio,exped.; expeditio,exped.,exped.,exped.; expeditio,exped.; expeditio,,"in allen Bd. auch ""expedire""",1|2|3|4|5|6|7|8|9|10
exped.,expeditio,,,expedition -is,konsonantisch,,,,,,,,,,,,1|2|3|4|5|6|7|8|9|10
express.,expressio,Erklärung,,expression -is,konsonantisch,,,,,,,,,,,,5|6|7|8|9|10
express.,expressus;,ausdrücklich;,,express -i,o,expressus,,,expressio; expressus,express.; expressio; expressus,express.; expressio; expressus,express.; expressus,express.; expressus,express.; expressio; expressus,,,5|6|7|8|9|10
exten.,extendere;,"ausdehnen, erweitern;",,"extend, extend, extens",konsonantische Konj.,,exten.; extendere,exten.,extendere; extensio,exten.; extendere,exten.; extendere,exten.; extendere,exten.; extendere,exten.; extendere; extensio,,,2|3|5|6|7|8|9|10
exten.,extensio,"Ausdehnung, Erweiterung",,extensio -is,konsonantisch,,,,,,,,,,,,2|3|5|6|7|8|9|10
extin.,extinctio,,,extinction -is,konsonantisch,,,,,,,,,,,,8
extin.,extinguere;,,,"extingu, extinx, extinct",konsonantische Konj.,,extinctio,,extinguere; extinctio,extinguere; extinctio,extinctio,extinguere; extinctio,extin.; extinguere,,,,8
extra temp.,extra tempora,,,,,,,,,extra temp.,,extra temp.,extra temp.,extra temp.,,,4|5|7|8|9|10
f. gr.,fit gratia,,,,,,f. gr.,f. gr.,f. gr.,,,,,,,,1|2|3
fac.,facultas,"Vollmacht, Fakultät",siehe facult.,,,,,,,,,,,,,,1|2|3|4|5|6|7|8|9
fact.,factus,"geschehen, gemacht",,fact -i,o (Adj.),,fact.,fact.,fact.,fact.,fact.,fact.,fact.,fact.,,,2|3|4|5|6|7|8|9|10
facult.,facultas,"Vollmacht, Fakultät","fac. 3,4,6,7,9",facultat -is,konsonantisch,fac.; facult,fac.,fac.,fac.,fac.; facult.,fac.; facult.,fac.,fac.; facult.,fac.,,,1|5|6|8|10
fam.,familiaris;,Familiar,,familiar -is,gemischt,,fam.,fam.,fam.,fam.,fam.,fam.,fam.,fam.,,,2|3|4|5|6|7|8|9|10
fam.,familiaritas,,"2,7,8",familiaritat -is,konsonantisch,,,,,,,,,,,,2|3|4|5|6|7|8|9|10
famil.,familiaris;,Familiar,,familiar -is,gemischt,famil.,,,famil.,,,,,,,,1
famil.,familiaris;,Familiar,siehe fam.,,,,,,,,,,,,,,1
famil.,familiaritas,,,,,,,,,,,,,,,,1
feb.,februarius,Februar,,februari -i,o,,,,,,feb.,,feb.,,,,6|8|9
febr.,februarius,Februar,,februari -i,o,febr.,febr.,febr.,febr.,febr.,febr.,febr.,,febr.,,,1|2|3|4|5|6|7|9|10
fidel.,fidelitas,,,fidelitat -is,konsonantisch,,fidel.,fidel.,,,,,,,,,2|3
fil.,filia;,Tochter;,,fili -(a)e,a,,fil.,,fil.,fil.,fil.,fil.,fil.,fil.,,,2|4|5|6|7|8|9|10
fil.,filialis;,"Tochter(-kirche, -Kapelle);",,filial -is,i (Adj.),,fil.,fil.,fil.,fil.,fil.,fil.,fil.,fil.,,,2|4|5|6|7|8|9|10
fil.,filius,Sohn,,fili -i,o,,,,,,,,,,,,2|4|5|6|7|8|9|10
filial.,filialis,"Tochter(-kirche, -Kapelle);",siehe fil.,,,,,,,,,,,,,,3|4
filial.,filialis;,"Tochter(-kirche, -Kapelle);",,filial -is,i (Adj.),,,filial.,filial.,,,,,,,,3|4
fit gr.,fit gratia,,,,,,fit gr.,,,,,,,,,,4
fl.,florenus,Gulden,,floren -i,o,fl.,fl.,fl.,fl.,fl.,fl.,fl.,fl.,fl.,,,1|2|3|4|5|6|7|8|9|10
fr.,frater,Bruder,,fratr -is,gemischt,fr.,fr.,fr.,fr.,fr.,fr.,fr.,fr.,fr.,,,1|2|3|4|5|6|7|8|9|10
fr. kalend.,fratres kalendarum,,,fratr -um; kalendarum wird nicht verändert,gemischt,,fr. kalend.; fr. kalendarum; fratr. Kalendarum; fratres kalend.,,,,fr. kalendarum; fraternitas kalendarum,fraternitas kalendarum,fr. kalendarum,fr. kalandarum (mit a!),,,2
fragm.,fragmentum,"Bruchstück, unvollständiger Eintrag",,fragment -i,o (n.),,,,,fragm.,,,fragm.,fragm.,,,5|8|9|10
fratern.,fraternitas,,,fraternitat -is,konsonantisch,,,fratern.,,,,,,,,,3
fratr.,frater,Bruder,,fratr -is,gemischt,,fratr.,fratr.,fratr.,,,,,,,,2|3|4
fratr.,frater (dekliniert),Bruder,siehe fr.,,,,,,,,,,,,,,2|3|4
fruct.,fructus,"Ertrag, Einkünfte",,fruct -us,u,,fruct.,fruct.,fruct.,fruct.,fruct.,fruct.,fruct.,fruct.,,,2|3|4|5|6|7|8|9|10
fruct. etc.,"fructus, proventus et redditus",,,"fruct -us, provent -us, reddit -us",alle u,,,fruct. etc.,fruct. etc.,fruct. etc.,fruct. etc.,fruct. etc.,fruct. etc.,fruct. etc.,,,10
fund.,fundare;,"gründen, stiften;",,"fund, fundav, fundat",a-Konj.,,fund.,fund.,fund.,fund.,fund.,fund.,fund.,fund.,,,2|3|4|5|6|7|8|9|10
fund.,fundatio;,"Gründung, Stiftung;",,fundation -is,konsonantisch,,fund.,fund.,fund.,fund.,fund.,fund.,fund.,fund.,,,2|3|4|5|6|7|8|9|10
fund.,fundator,"Gründer, Stifter",,fundator -is,konsonantisch,,,,,,,,,,,,2|3|4|5|6|7|8|9|10
gen.,generalis,"allgemein, General-","in Bd. 1,4",,,,,,,,,,,,,,1|2|3|4|5|6|7|8|9|10
gen.,generalis,"allgemein, General-","gen. 1,4",general -is,i (Adj.),gen.,,,gen.,gen.,gen.,gen.,gen.,gen.,,,1|2|3|4|5|6|7|8|9|10
gen.,genitus,abstammend (bei Geburtsmakel),,genit -i,o ,,,,,,,,,,,,1|2|3|4|5|6|7|8|9|10
gen.,genus;,Geschlecht;,,gener -is,konsonantisch (n.),gen.,gen.,gen.,gen.,gen.,gen.,gen.,gen.,gen.,,,1|2|3|4|5|6|7|8|9|10
gener.,generalis,"allgemein, General-","gen. 1,4",general -is,i (Adj.),,gener.,,gener.,,,,,,,,2|4|5|6|7|8|9|10
gr.,gratia;,(päpstlicher) Gunsterweis,,grati -(a)e,a,gr.,gr.,gr.,gr.,gr.,gr.,gr.,gr.,gr.,,,1|2|3|4|5|6|7|8|9|10
gr.,grossus,,4,gross -i,o,,,,,,,,,,,,1|2|3|4|5|6|7|8|9|10
grad.,gradus,Grad,,grad -us,u,grad.,,grad.,,,grad.,,,grad.,,,1|3|6|9|10
guard.,guardianus,Guardian,"nur in 6,7,8",guardian -i,o,,,,,,guard.,guard.,guard.,,,,6|7|8|10
hab.,habere,,"2,4 v.a. in hab. pot.=habens potestatem","habe, habu, habit",e-Konj.,,hab.,,hab.,,,,,,,,2|4
hab. pot.,habens potestatem,,"nur in 2,4",,,,hab. pot.,,hab. pot.,,,,,,,,2|4
habil.,habilitare;,für fähig erklären (zur Ausübung klerikaler Funktionen);,,"habilit, habilitav, habilitat",a-Konj.,,,,habil.,habil.,,habil.,habil.,habil.,,,4|5|7|8|9|10
habil.,habilitas;,Fähigkeit;,,habilitat -is,konsonantisch,,,,,,,,,,,,4|5|7|8|9|10
habil.,habilitatio,(Wiederherstellung der) Befähigung,,habilitation -is,konsonantisch,,,,,,,,,,,,4|5|7|8|9|10
hon.,honoris,,"2,4 v.a. mit cap. hon.=capellanus honoris",honor -is,konsonantisch,,hon.,hon.,hon.,,,,,,,,2|3|4
hosp.,hospitale;,"Herberge, Hospital;",,hospital -is,konsonantisch,hosp.,hosp.,hosp.,hosp.,hosp.,hosp.,hosp.,hosp.,hosp.,,,1|2|3|4|5|6|7|8|9|10
hosp.,hospitalis,,1,hospital -is,i (Adj.),,,,,,,,,,,,1|2|3|4|5|6|7|8|9|10
hosp.,hospitium,Herberge,,hospiti -i,o (n.),,,,,,,,,,,,1|2|3|4|5|6|7|8|9|10
hosp. paup.,hospitale pauperum,,,nur hospitale wird dekliniert,,,hosp. paup.,hosp. paup.,hosp. paup.,hosp. paup.,hosp. paup.,hosp. paup.,hosp. paup.,hosp. paup.,,,2|3|4|5|6|7|8|9|10
hosp. paup.,hospitale pauperum,,siehe hosp. pauper.,,,,,,,,,,,,,,2|3|4|5|6|7|8|9|10
hosp. pauperum,hospitale pauperum,,,nur hospitale wird dekliniert,,hosp. pauperum,hosp. pauperum,hosp. pauperum,hosp. pauperum,,,,hosp. pauperum,hosp. pauperum,,,1|2|3|4|8|9|10
i. m.,intra muros,innerhalb der Mauern,"in 1 hat i. m. andere, mir unbekannte Bedeutung",,,i. m.,,,i. m.,i. m.,i. m.,i. m.,i. m.,i. m.,,,1|4|6|7|8|10
i. p. i.,in partibus infidelium,,,,,,,,,,i. p. i.,,,,,,6
ian.,ianuarius,Januar,,ianuari -i,o,ian.,ian.,ian.,ian.,ian.,ian.,ian.,ian.,ian.,,,1|2|3|4|5|6|7|8|9|10
id.,identisch,,4; auch in 2;Bedeutung in beiden auch idem?,,,,id.,,id.,,,,,,,,2|4|5|6|7|8|9|10
ieiun.,ieiunium,,nur in 3; ausgeschriebben auch ieiuneum,ieiuni -i/ieiune -i,o (n.),,,ieiun.,,,,,,,,,3
immed.,immediatus,unmittelbar,,immediat -i,o (Adj.),,immed.,immed.,immed.,,,immed.,immed.,immed.,,,2|3|4|7|8|9|10
imper.,imperator;,Kaiser;,,imperator -is,konsonantisch,,imper.,imper.,,imper.,,imper.,imper.,imper.,,,1|2|3|5|6|7|8|9|10
imper.,imperialis,kaiserlich,,imperial -is,i (Adj.),,,,,,,,,,,,1|2|3|5|6|7|8|9|10
imper.,imperium;,Reich;,,imperi -i,o (n.),,,,,,,,,,,,1|2|3|5|6|7|8|9|10
in cur. defunct.,in curia defunctus,am päpstlichen Hof gestorben,inexistent; ausgeschrieben oder nur cur. abgekürzt,defunct -i,o (Adj.),,,,,,,,,,,,10
incompat.,incompatibilis;,unvereinbar,,incompatibil -is,i (Adj.),,incompat.,incompat.,incompat.,incompat.,incompat.,incompat.,incompat.,incompat.,,,2|3|4|5|6|7|8|9|10
incompat.,incompatibilitas,,4,incompatibilitat -is,konsonantisch,,,,,,,,,,,,2|3|4|5|6|7|8|9|10
incorp.,incorporare,"inkorporieren, einverleiben",,"incorpor, incorporav, incorporat",a-Konj.,incorp.,incorp.,incorp.,incorp.,incorp.,incorp.,incorp.,incorp.,incorp.,,,2|3|4|5|6|7|8|9|10
incorp.,incorporatio,Inkorporierung,,incorporation -is,konsonantisch,,,,,,,,,,,,2|3|4|5|6|7|8|9|10
indeb.,indebite,,,,,,,,indeb.,,,,,,,,4
indulg.,indulgentia;,Nachlaß (von Sündenstrafen),,indulgent -(a)e,a,indulg.,indulg.,indulg.,indulg.,indulg.,indulg.,indulg.,indulg.,indulg.,,,2|3|4|5|6|7|8|9|10
indulg.,indulgere,,4,"indulge, induls, indult",e-Konj.,,,,,,,,,,,,2|3|4|5|6|7|8|9|10
infer.,inferior,,siehe inf.,,,,,,,,,,,,,,3|4|6
infer.,inferior,,6,inferior -is,konsonantisch (Adj.),,,infer.,infer.,,,,,,,,3|4|6
ingr.,ingredi;,eintreten (ins Kloster);,,"ingred, ingress",halbkonsonantische Konj.,,ingr.,ingr.,ingr.,ingr.,ingr.,ingr.,ingr.,ingr.,,,1|2|3|4|5|6|7|8|9|10
ingr.,ingressio,Eintritt,,ingression- is,konsonantisch,,,,,,,,,,,,1|2|3|4|5|6|7|8|9|10
ingr.,ingressus;,eingetreten;,,ingress -i,o (Adj.),,ingr.,ingr.,ingr.,ingr.,ingr.,ingr.,ingr.,ingr.,,,1|2|3|4|5|6|7|8|9|10
inhab.,inhabilitas,Unfähigkeit (zur Ausübung klerikaler Funktionen),,inhabilitat -is,konsonantisch,,inhab.,,inhab.,,inhab.,inhab.,,inhab.,,,4|10
inhabil.,inhabilitas,Unfähigkeit (zur Ausübung klerikaler Funktionen),,inhabilitat -is,konsonantisch,,inhabil.,inhabil.,inhabil.,inhabil.,,,inhabil.,,,,2|3|4|5|6|7|8|9
inhabil.,inhabilitas,Unfähigkeit (zur Ausübung klerikaler Funktionen),siehe inhab.,,,,,,,,,,,,,,2|3|4|5|6|7|8|9
inquir.,inquirere,,,"inquir, inquisiv, inquisit",konsonantische Konj.,,,inquir.,,,,,,,,,3
insig.,insignia,,"2,3,6 v.a. insign. pontif.",insigni -um (bereits Pl.),i (n.),,,,insig.,,,,,,,,4
insign.,insignia,,"2,3,6 v.a. insign. pontif.",insigni -um (bereits Pl.),i (n.),,insign.,insign.,,,,,,,,,2|3
insignia pontific.,insignia pontificalia,,,insigni -um pontificali -um,beide i (n.),,,,,,,insignia pontific.,,,,,7|10
instit.,instituere;,"einsetzen, einrichten",,"institu, institu, institut",konsonantisch,,,instit.,instit.,instit.,instit.,instit.,instit.,instit.,,,3|4|5|6|7|8|9|10
instit.,institutio,,"in Bd. 2,4,6,8  laut Abk-Verz.",institution -is,konsonantisch,,,,,,,,,,,,3|4|5|6|7|8|9|10
instr.,instrumentum,(Notariats-)Instrument,,instrument -i,o (n.),,instr.,instr.,instr.,,,,,instr.,,,2|3|4|9|10
instrum.,instrumentum,(Notariats-)Instrument,,instrument -i,o (n.),,instrum.,instrum.,instrum.,,instrum.,,,,,,2|4
instrum.,instrumentum,(Notariats-)Instrument,siehe instr.,,,,,,,,,,,,,,2|4
interd.,interdicere,,5.8,"interdic, interdix, interdict",konsonantische Konj.,,,,,,,,,,,,2|4|5|6|7|8|9|10
interd.,interdictum;,Interdikt,,interdict -i,o (n.),,interd.,,interd.,interd.,interd.,interd.,interd.,interd.,,,2|4|5|6|7|8|9|10
introduc.,introducere,,,"introduc, introdux, introduct",konsonantische Konj.,,introduc.,introduc.,,,,,,,,,2|3
irreg.,irregularis,,"1,5,8",irregular -is,i/konsonantisch ?,,,,,,,,,,,,1|2|3|4|5|6|7|8|9|10
irreg.,irregularitas;,"Irregularität, (Weihe-) Hindernis",,irregularitat -is,konsonantisch,irreg.,irreg.,irreg.,irreg.,irreg.,irreg.,irreg.,irreg.,irreg.,,,1|2|3|4|5|6|7|8|9|10
iud.,iudex,,nur in 6,iudic -is,konsonantisch,,,,,,iud.,,,,,,6
iudic.,iudiciaria;,,,iudiciari -(a)e,a,,iudic.,iudic.,,,iudic.,,,,,,2|3|6
iudic.,iudicium,,,iurdici -i,o (n.),,,,,,,,,,,,2|3|6
iul.,iulius,Juli,,iuli -i,o,iul.,iul.,iul.,iul.,iul.,iul.,iul.,iul.,iul.,,,1|2|3|4|5|6|7|8|9|10
iun.,iunior;,der jüngere;,,iunior -is,konsonantisch,iun.,iun.,iun.,iun.,iun.,iun.,iun.,iun.,iun.,,,1|2|3|4|5|6|7|8|9|10
iun.,iunius,Juni,,iuni -i,o,,,,,,,,,,,,1|2|3|4|5|6|7|8|9|10
iunior.,iunior;,der jüngere;,,iunior -is,konsonantisch,,,,,,,,iunior.,,,,1|2|3|5|8
iur.,iuris (usw.),des Rechts (usw.),,iur -is,konsonantisch,,iur.,iur.,iur.,iur.,iur.,iur.,iur.,iur.,,,2|3|4|5|6|7|8|9|10
iuram.,iuramentum,Eid,,iurament -i,o (n.),,iuram.,iuram.,iuram.,iuram.,iuram.,iuram.,iuram.,iuram.,,,2|3|4|5|6|7|8|9|10
iurisd.,iurisdictio,Gerichtsbarkeit; Gerichtshoheit,,iurisdiction -is,konsonantisch,,iurisd.,,,,iurisd.,iurisd.,iurisd.,iurisd.,,,2|6|7|8|9|10
karl.,karlinus,,nur in 5; kommt ausgeschrieben nicht vor,,,,,,,karl.,,,,,,,5
l. b.,lectio bulle,,,lection -is,konsonantisch,,,,,l. b.,l. b.,,l. b.,,,,6|8
l. T. p.,libra Turonensium parvorum,Pfund kleiner Turnosen (Münze),kommt ausgeschrieben nicht vor,,,,,,,,l. T. p.,l. T. p.,,l. T. p.,,,5|6|7|8|10
laic.,laicalis,"weltlich, Laien-",,laical -is,i (Adj.),,laic.,laic.,laic.,laic.,laic.,laic.,laic.,laic.,,,2|3|4|5|6|7|8|9|10
laic.,laicus;,Laie;,,laic -i,o,,laic.,laic.,laic.,,laic.,laic.,laic.,laic.,,,2|3|4|5|6|7|8|9|10
lect.,lector,,,lector -is,konsonantisch,,lect.,lect.,lect.,,lect.,,,,,,2|3|4|6
leg.,leges,Rechte,,leg -um (bereits Plural),konsonantisch,leg.,leg.,leg.,leg.,leg.,leg.,leg.,leg.,leg.,,,1|2|3|4|5|6|7|8|9|10
legit.,legitimare;,,,"legitim, legitimav, legitimat",a-Konj.,,,legit.,,legit.,,legit.,legit.,legit.,,,3|5|7|8|9|10
legit.,legitimatio;,,,legitimation -is,konsonantisch,,,,,,,,,,,,3|5|7|8|9|10
legit.,legitimus,,,legitim -i,o (Adj.),,,,,,,,,,,,3|5|7|8|9|10
len.,lenitas,,,lenitat -is,konsonantisch,,len.,,,,,,,,,,2
lib.,libra,Pfund,"und ""l."", aber nur in Abk. ""l.T.p."" und ""l. Tur. p.""",libr -(a)e,a,,,,,,lib.,,,,,,6
libr.,libra,Pfund,"und ""l."", aber nur in Abk. ""l.T.p."" und ""l. Tur. p.""",libr -(a)e,a,,,,,libr.,libr.,libr.,libr.,libr.,,,5|6|7|8|9|10
lic.,licentia;,Erlaubnis,,licenti -(a)e,a,lic.,lic.,lic.,lic.,lic.,lic.,lic.,lic.,lic.,,,1|2|3|4|5|6|7|8|9|10
lic.,licentiatus,Lizentiat (akademischer Grad),"in 2,4,6,7: lic.",,,,lic.,,lic.,,lic.,lic.,,,,,1|2|3|4|5|6|7|8|9|10
lic.,licentiatus,,"in 2,4,6,7 ",,,,,,,,,,,,,,1|2|3|4|5|6|7|8|9|10
licent.,licentiatus,Lizentiat (akademischer Grad),"in 2,4,6,7: lic.",,,,,,,licent.,,,licent.,,,,5|8|10
lim.,limina (appl.),Schwellen (der Gräber der Apostel Petrus und Paulus); (Pflicht der Bischöfe zum regelmäßigen Besuch der Kurie);,,limin -um (bereits Pl.),konsonantisch,,lim.,,,lim.,lim.,lim.,lim.,lim.,,,2|5|6|7|8|9|10
lim.,limites,Grenzen,,limit -um (bereits Pl.),konsonantisch,,,,,,,,,,,,2|5|6|7|8|9|10
limin.,limina (appl.),Schwellen (der Gräber der Apostel Petrus und Paulus); (Pflicht der Bischöfe zum regelmäßigen Besuch der Kurie);,siehe lim.,,,,,,,,,,,,,,4
limin.,limina (appl.),Schwellen (der Gräber der Apostel Petrus und Paulus); (Pflicht der Bischöfe zum regelmäßigen Besuch der Kurie);,,limin -um (bereits Pl.),konsonantisch,,,,limin.,,,,,,,,4
lit.,lite/litis,,,?,?,,lit.,lit.,lit.,,lit.,lit.,,,,,2|4|6|7
lite pend.,lite pendente,,,,,,,,lite pend.,,,,,,,,3|4
litig.,litigare;,"streiten, prozessieren",,"litig, litigav, litigat",a-Konj.,,litig.,litig.,litig.,litig.,litig.,litig.,litig.,litig.,,,2|3|4|5|6|7|8|9|10
litig.,litigiosus,,7,litigios -i,o (Adj.),,,,,,,,,,,,2|3|4|5|6|7|8|9|10
litt.,littere,"Urkunde, Brief",,litter -is,konsonantisch,,litt.,litt.,litt.,litt.,litt.,litt.,litt.,litt.,,,1|2|3|4|5|6|7|8|9|10
litt. testim.,littere testimoniales,,siehe testim. litt.,,,,,,,,,,,,,,10
litt. testim.,testimoniales littere,"Bescheinigung, Zeugnis",,,,,litt. testim.,,litt. testim.,litt. testim.,litt. testim.,litt. testim.,,litt. testim.,,,10
loc.,locare,,,"loc, locav, locat",a-Konj.,,,,,,,,,,,,2|4|6
loc.,locus;,,"2,4,6 ",loc -i,o,,loc.,,loc.,,loc.,,,,,,2|4|6
m.,mandare;,befehlen;,,"mand, mandav, mandat",a-Konj.,m.,m.,m.,m.,m.,m.,m.,m.,m.,"ob der extrem häufigen Verwendung der Abkürzung ist mit sinnvollem Zeitaufwand nicht festzustellen, ob ""m."" wirklich in allen Bänden als Abkürzung für alle genannten Begriffe verwendet wird",,1|2|3|4|5|6|7|8|9|10
m.,mandatum;,beauftragen; Auftrag;,,mandat -i,o (n.),m.,m.,m.,m.,m.,m.,m.,m.,m.,,,1|2|3|4|5|6|7|8|9|10
m.,manus;,Hand,"2,3,4,5,7,8 v.a. in p.m.=per manus; und in ""in man."" 2,3,4",man -us,u,m.,m.,m.,m.,m.,m.,m.,m.,m.,siehe Erklärung zu m.=mandare etc.,,1|2|3|4|5|6|7|8|9|10
m.,marca;,Mark;,,marc -(a)e,a,m.,m.,m.,m.,m.,m.,m.,m.,m.,,,1|2|3|4|5|6|7|8|9|10
m.,memoria,,8,memori -(a)e,a,,,,,,,,,,s. o.,,1|2|3|4|5|6|7|8|9|10
m.,murus;,Mauer,v. a. in e. m. und i. m.,mur -i,o,m.,m.,m.,m.,m.,m.,m.,m.,m.,,,1|2|3|4|5|6|7|8|9|10
m. a. p.,marca argenti puri,Mark reinen Silbers,kommt ausgeschrieben nicht vor,,,,,,,,m. a. p.,m. a. p.,,m. a. p.,,,5|6|7|8|9
m. a. p.,marca argenti puri,Mark reinen Silbers,siehe m. arg. p.,,,,,,,,,,,,,,5|6|7|8|9
m. arg.,marca argenti,Mark Silbers,,marc -(a)e (argenti wird nicht verändert),,,,,,m. arg.,m. arg.,m. arg.,m. arg.,m. arg.,,,5|6|7|8|9|10
m. arg. p.,marca argenti puri,Mark reinen Silbers,kommt ausgeschrieben nicht vor,,,,,,,m. arg. p.,,,m. arg. p.,,,,5|6|7|8|9|10
mag.,magister,"Magister, Meister, Vorsteher",,magistr -i,o,mag.,mag.,mag.,mag.,mag.,mag.,mag.,mag.,mag.,,,1|2|3|4|5|6|7|8|9|10
mai.,maior,"der größere, der höhere; Groß-. Haupt-","in 2,4,6",,,,,,,,,,,,,,1|2|3|4|5|6|7|8|9|10
mai.,"maior (ungekürzt, dekl.)","der größere, der höhere; Groß-. Haupt-","mai. in 2,4,6",maior -is,konsonantisch,mai.,mai.,mai.,mai.,mai.,mai.,mai.,mai.,mai.,,,1|2|3|4|5|6|7|8|9|10
mai.,maius,Mai,"in 2,4,6 nicht maius",mai -i,o,mai.,mai.,mai.,mai.,mai.,mai.,mai.,mai.,mai.,,,1|2|3|4|5|6|7|8|9|10
maior eccl.,maior ecclesia,Bischofskirche,,,,,,,,,,,,,,,9
maior.,"maior (ungekürzt, dekl.)","der größere, der höhere; Groß-. Haupt-","mai. in 2,4,6",maior -is,konsonantisch,,,maior.,,maior.,,,maior.,,,,1|3|4|5|8|9|10
maior. eccl.,maior ecclesia,Bischofskirche,,,,,,maior. eccl.,,maior. eccl.,,,maior. eccl.,,,,3|5|8|9
man.,manus,Hand,siehe m.  ,,,,,,,,,,,,,,4|10
man.,manus;,Hand,"2,3,4,5,7,8 v.a. in p.m.=per manus; und in ""in man."" 2,3,4",man -us,u,,man.,man.,man.,,,,,,siehe Erklärung zu m.=mandare etc.,,4|10
mand.,mandare;,"befehlen, beauftragen;",siehe m.,,,,,,,,,,,,,,2|3|4
mand.,mandare;,befehlen;,,"mand, mandav, mandat",a-Konj.,,mand.,mand.,mand.,,,,,,"ob der extrem häufigen Verwendung der Abkürzung ist mit sinnvollem Zeitaufwand nicht festzustellen, ob ""m."" wirklich in allen Bänden als Abkürzung für alle genannten Begriffe verwendet wird",,2|3|4
mand.,mandatum,Auftrag,,,,,,,,,,,,,,,2|3|4
mand.,mandatum;,beauftragen; Auftrag;,,mandat -i,o (n.),,mand.,mand.,mand.,,,,,,,,2|3|4
mandat.,mandatum;,beauftragen; Auftrag;,,mandat -i,o (n.),,,mandat.,,,,,,,,,3|10
marc.,marca,Mark,siehe m.,,,,,,,,,,,,,,3|4|7
marc.,marca;,Mark;,,marc -(a)e,a,,,marc.,marc.,,,marc.,,,,,3|4|7
marc. arg.,marca argenti,Mark Silbers,siehe m. arg.  ,,,,,,,,,,,,,,4
marc. arg.,marca argenti,Mark Silbers,,marc -(a)e (argenti wird nicht verändert),,,,,,marc. arg.,,,,,,,4
mart.,mart[iy]r,Märtyrer,"4 martyr; 6,7 martir; martir. =martir (is etc.) in 5,8; mart.= beides in 9",mart[iy]r -is ?,,mart.,mart.,mart.,mart.,mart.,mart.,mart.,mart.,mart.,,,1|2|3|4|5|6|7|8|9|10
mart.,martius,März,,,,mart.,mart.,mart.,mart.,mart.,mart.,mart.,mart.,mart.,,,1|2|3|4|5|6|7|8|9|10
martir.,mart[iy]r,Märtyrer,"4 martyr; 6,7 martir; martir. =martir (is etc.) in 5,8; mart.= beides in 9",mart[iy]r -is ?,,,martir.,,,martir.,,,martir.,,,,2|5|8
matrim.,matrimonialis (disp.),Ehe-(dispens),,matrimonial -i,i (Adj.),,,,,,,,,,,,2|3|4|5|6|7|8|9|10
matrim.,matrimonium,Ehe,,matrimoni -i,o (n.),,matrim.,matrim.,matrim.,matrim.,matrim.,matrim.,matrim.,matrim.,,,2|3|4|5|6|7|8|9|10
med.,medicina;,Medizin,,medicin -(a)e,a,,med.,med.,med.,med.,med.,med.,med.,med.,,,2|3|4|5|6|7|8|9|10
med.,medius,,3,medi -i,o (Adj.),,,,,,,,,,,,2|3|4|5|6|7|8|9|10
merc.,mercator,Kaufmann,,mercator -is,konsonantisch,,merc.,,,merc.,merc.,merc.,merc.,merc.,,,2|5|6|7|8|9|10
mercat.,mercator,Kaufmann,,mercator -is,konsonantisch,,,mercat.,,,,,,,,,3
mil.,miles;,Ritter;,,milit -is,konsonantisch,,mil.,mil.,mil.,mil.,mil.,mil.,mil.,mil.,,,2|3|4|5|6|7|8|9|10
mil.,milia,,4,mili -um (bereits Pl.),i ,,mil.,mil.,mil.,mil.,mil.,mil.,mil.,mil.,"wahrscheinlich nicht in allen Bänden als Abk. für ""milia"" verwendet, doch auch nicht auszuschließen",,2|3|4|5|6|7|8|9|10
mil.,militaris;,ritterlich,,militar -is,i/konsonantisch ? (Adj.),,,,,,,,,,,,2|3|4|5|6|7|8|9|10
milit.,miles (dekliniert),Ritter,siehe milit.,,,,,,,,,,,,,,2|3|4
milit.,miles;,Ritter;,,milit -is,konsonantisch,,milit.,milit.,milit.,,,,,,,,2|3|4
milit.,militaris,ritterlich,,,,,,,,,,,,,,,2|3|4
min.,minor;,"der geringere, kleinere;",,minor -is,konsonantisch,min.,min.,min.,min.,min.,min.,min.,min.,min.,,,1|2|3|4|5|6|7|8|9|10
min.,minutus,klein,,minut -i,o (Adj.),,,,,,,,,,,,1|2|3|4|5|6|7|8|9|10
min. serv.,minuta servitia,,siehe serv. min.,,,,,,,,,,,,,,3|4|5|7|8|9|10
mon.,monachus,Mönch,und mon. in Bd. 3,monach -i,o,,,mon.,,,,,,,"möglicherweise auch in anderen Bänden außer Bd. 3 Abk. ""mon."" für ""monachus"" verwendet",,1|2|3|4|5|6|7|8|9|10
mon.,monachus,Mönch,in Bd. 3,,,,,,,,,,,,,,1|2|3|4|5|6|7|8|9|10
mon.,monasterium,Kloster,in 3 auch monachus,monasteri -i,o (n.),mon.,mon.,mon.,mon.,mon.,mon.,mon.,mon.,mon.,,,1|2|3|4|5|6|7|8|9|10
monach.,monachus,Mönch,und mon. in Bd. 3,monach -i,o,monach.,monach.,monach.,monach.,monach.,monach.,monach.,monach.,monach.,"möglicherweise auch in anderen Bänden außer Bd. 3 Abk. ""mon."" für ""monachus"" verwendet",,1|2|3|4|5|6|7|8|9|10
monial.,monialis,"Nonne, zur Nonne gehörig",,monial -is,i ?,monial.,monial.,monial.,monial.,monial.,monial.,monial.,monial.,monial.,,,1|2|3|4|5|6|7|8|9|10
mort.,mortis,,"4,5,6 v.a. in mort. art.",mort -is,konsonantisch,mort.,,,mort.,mort.,,,,,,,1|4|5
mort. art.,mortis articulus/facultas absolvendi in mortis articulo,,,,,,,,mort. art.,,,,,,,,4
mort. artic.,mortis articulus/facultas absolvendi in mortis articulo,,siehe mort. art.,,,,,,,,,,,,,,4|5
mort. artic.,mortis articulus/facultas absolvendi in mortis articulo,,,,,,,,,mort. artic.,,,,,,,4|5
motu pr.,motu proprio,(vorgeblich) aus eigenem Antrieb (erlassene Verfügung des Papstes),,,,,,,,motu pr.,motu pr.,motu pr.,motu pr.,motu pr.,,,5|6|7|8|9|10
mul.,mulier,(Ehe-)Frau,,mulier -is,konsonantisch,,mul.,,mul.,mul.,mul.,mul.,mul.,mul.,,,2|4|5|6|7|8|9|10
mun.,munus,,2.3,muner -is,konsonantisch,,mun.,mun.,,,,,,,,,2|3
n.,non,nicht,,,,n.,n.,n.,n.,n.,n.,n.,n.,n.,"in Bd. 1 hat ""n."" andere, mir unbekannte Bedeutung",,1|2|3|4|5|6|7|8|9|10
n. o.,non obstante/obstantibus (als Ablativus absolutus),ungeachtet (von – aufgezählten Pfründen und Rechten),,,,,n. o.,n. o.,n. o.,n. o.,n. o.,,n. o.,n. o.,,,1|2|3|4|5|6|7|8|9|10
nat.,natalis (def.),Geburts-(makel),,natal -i,i (Adj.),nat.,nat.,nat.,nat.,nat.,nat.,nat.,nat.,nat.,,,1|2|3|4|5|6|7|8|9|10
nob.,nobilis,adelig,,nobil -is,i (Adj.),nob.,nob.,nob.,nob.,nob.,nob.,nob.,nob.,nob.,,,1|2|3|4|5|6|7|8|9|10
nom.,nominare;,,7.8,"nomin, nominav, nominat",a-Konj.,,,,,,nom.,nom.,nom.,,,,4|6|7|8
nom.,nominatio;,,7.8,nomination -is,konsonantisch,,,,,,,,,,,,4|6|7|8
nom.,nominatus,,4,nominat -i,o  ,,,,,,,,,,,,4|6|7|8
not.,notarius;,Notar,,notari -i,o,not.,not.,not.,not.,not.,not.,not.,not.,not.,,,1|2|3|4|5|6|7|8|9|10
not.,notitia,,4,notiti -(a)e,a,not.,not.,not.,not.,not.,not.,not.,not.,not.,,,1|2|3|4|5|6|7|8|9|10
nov.,november,November,,novembr -is,konsonantisch,nov.,nov.,nov.,nov.,nov.,nov.,nov.,nov.,nov.,,,1|2|3|4|5|6|7|8|9|10
nunc.,nuncupatus,genannt,,nuncupat -i,o (Adj.),nunc.,nunc.,nunc.,nunc.,nunc.,nunc.,nunc.,nunc.,nunc.,,,1|2|3|4|5|6|7|8|9|10
nuncup.,nuncupatus,genannt,siehe nunc.,,,,,,,,,,,,,,3
nuncup.,nuncupatus,genannt,,nuncupat -i,o (Adj.),,,nuncup.,nuncup.,,,,,,,,3
nunt.,nuntius,Gesandter (allgemein); Nuntius,,nunti -i,o,,nunt.,,nunt.,,nunt.,nunt.,nunt.,nunt.,,,2|4|6|7|8|9|10
o.,obitus;,Tod;,,obit -us,u,o.,o.,o.,o.,o.,o.,o.,o.,o.,"nicht zu entscheiden, ob ""o."" in der Bedeutung ""obitus"" nicht in einem oder mehreren Bänden nicht verwendet wurde",,1|2|3|4|5|6|7|8|9|10
o.,obligatio,,4 (und andere Bedeutungen auch); siehe oblig.,obligation -is,konsonantisch,,,,,,,,,,,,1|2|3|4|5|6|7|8|9|10
o.,obstante/obstantibus;,,siehe n. o.,,,,,,,,,,,,,,1|2|3|4|5|6|7|8|9|10
o.,ordo;,Orden,siehe ord.,ordin -is,konsonantisch,,,,,,,,,,,,1|2|3|4|5|6|7|8|9|10
o. Carm.,ordo Carmelitarum,Karmeliterorden,siehe Extraseite Orden,,,,,,,,,,,,,,3|4|5|6|7|8|9|10
o. Cartus.,ordo Cartusiensis,Kartäuserorden,siehe Extraseite Orden,,,,,,,,,,,,,,2|3|4|5|6|7|8|9|10
o. Cist.,ordo Cisterciensium,Zisterzienserorden,,,,,,,,,,,,,,,1|2|4|5|6|7|8|9|10
o. Clun.,ordo Cluniacensium,Kluniazenserorden,,,,,,,,,,,,,,,1|4|5|6|7|8|9|10
o. fr. herem. s. Aug.,ordo fratrum heremitarum sancti Augustini,Orden der Augustinereremiten,,,,,,,,,,,,,,,2|4|5|6|7|8|9|10
o. in cur.,obitus in cur.,am päpstlichen Hof gestorben,,,,,,,,,,,o. in cur.,,,,8|10
o. in curia,obitus in cur.,am päpstlichen Hof gestorben,,,,,,,o. in curia,,,,,,,,4|10
o. pred.,ordo predicatorum,Predigerorden (Dominikaner),,,,,,,,,,,,,,,1|2|3|4|5|6|7|8|9|10
o. Prem.,ordo Premonstratensium,Prämonstratenserorden,,,,,,,,,,,,,,,1|2|4|5|6|7|8|9|10
o. s. a.,obligatio super annata,,4.5,,,,,,o. s. a.,o. s. a.,,,,,,,4
o. s. Ant.,ordo sancti Antonii,Antoniterorden,,,,,,,,,,,,,,,4|5|10
o. s. Aug.,ordo sancti Augustini,Augustinerorden,,,,,,,,,,,,,,,1|2|3|4|5|6|7|8|10
o. s. Ben.,ordo sancti Benedicti,Benediktinerorden,,,,,,,,,,,,,,,1|2|3|4|5|6|7|8|9|10
o. s. Clare,ordo sancte Clare,Klarissenorden,,,,,,,,,,,,,,,1|2|3|4|5|6|7|8|9|10
o.s.a.,obligatio super annata,,4.5,,,,,,,,,,,,,,5
ob.,obitus,Tod ,,,,,,,,,,,,,,,1|2|3|4|5|6|7|8|9|10
ob.,obitus;,Tod;,,obit -us,u,ob.,,ob.,,,,,,,"nicht zu entscheiden, ob ""o."" in der Bedeutung ""obitus"" nicht in einem oder mehreren Bänden nicht verwendet wurde",,1|2|3|4|5|6|7|8|9|10
obed.,obedientia,,,obedienti -(a)e,a,,,obed.,obed.,obed.,obed.,obed.,obed.,,,,3|4|5|6|7|8
obed.,obedire,,,"obed, obediv, obedit",i-Konj.  ,,,,,,,,,,,,3|4|5|6|7|8
obl.,obligare,,,,,,,,,,,,,,,,4
obl.,obligatio,"sich verpflichten (zur Zahlung), Verpflichtung",siehe oblig.,,,,,,,,,,,,,,4
obl.,obligatio,"sich verpflichten (zur Zahlung), Verpflichtung",,obligation -is,konsonantisch,,obl.,,obl.,,,,,,"laut Abk.-Verz. in Bd. 4 und möglicherweise auch in anderen Bänden auch Abk. ""o."" verwendet",,4
oblig.,obligare,,,"oblig, obligav, obligat",a-Konj.,,,,,,,,,,,,1|2|3|4|5|6|7|8|9|10
oblig.,obligatio,"sich verpflichten (zur Zahlung), Verpflichtung",,obligation -is,konsonantisch,oblig.,oblig.,oblig.,oblig.,oblig.,oblig.,oblig.,oblig.,oblig.,"laut Abk.-Verz. in Bd. 4 und möglicherweise auch in anderen Bänden auch Abk. ""o."" verwendet",,1|2|3|4|5|6|7|8|9|10
oblig. sup. ann.,obligatio super annata,,siehe o. s. a.,,,,,,,,,,,,,,4
oblig. sup. ann.,obligatio super annata,,4.5,,,,,,,oblig. sup. ann.,oblig. sup. ann.,oblig. sup. ann.,,,,,4
oblig. sup. annat.,obligatio super annata,,siehe o. s. a.,,,,,,,,,,,,,,4|5|7|8|9|10
oblig. sup. annat.,obligatio super annata,,4.5,,,,,,,,,,oblig. sup. annat.,oblig. sup. annat.,,,4|5|7|8|9|10
oblig. super annata,obligatio super annata,,4.5,,,,,oblig. super annata,,,,,,,,,3
observ.,observantia,(strenge) Beobachtung (der Ordensregeln),,observanti -(a)e,a,,,observ.,observ.,observ.,observ.,observ.,observ.,observ.,,,3|4|5|6|7|8|9|10
observ.,observare;,,7.8,"observ, observav, observat",a-Konj.,,,,,,,,,,,,3|4|5|6|7|8|9|10
observ.,observatio,,7.8,observation -is,konsonantisch,,,,,,,,,,,,3|4|5|6|7|8|9|10
obt.,obtinere,innehaben ,siehe obtin.,,,,,,,,,,,,,,4
obt.,obtinere,innehaben ,,"obtine, obtinu, obtent",e-Konj.,,,,obt.,,obt.,,,,,,4
obtin.,obtinere,innehaben ,,"obtine, obtinu, obtent",e-Konj.,obtin.,obtin.,,,obtin.,obtin.,obtin.,obtin.,obtin.,,,1|2|4|5|6|7|8|9|10
occup.,occupare,,,"occup, occupav, occupat",a-Konj.,,occup.,occup.,occup.,occup.,occup.,occup.,occup.,,,,2|3|4|5|6|7|8
occup.,occupatio,,,occupation -is,konsonantisch,,,,,,,,,,,,2|3|4|5|6|7|8
occup.,occupator,,,occupator -is,konsonantisch,,,,,,,,,,,,2|3|4|5|6|7|8
oct.,october,Oktober,,octobr -is,konsonantisch,oct.,oct.,oct.,oct.,oct.,oct.,oct.,oct.,oct.,,,1|2|3|4|5|6|7|8|9|10
off.,officium,Amt; (Gottes-)Dienst,,offici -i,o (n.),off.,off.,off.,,off.,off.,off.,off.,off.,"vermutlich in Bd. 4 und möglicherweise auch in anderen Bänden Abk. ""offic."" verwendet",,1|2|3|5|6|7|8|9|10
off. tab.,,,siehe tab. off.,,,,,,,,,,,,,,3|5|6|7|8|9|10
off. tab.,tabellionatus officium ?,,,,,,,,,off. tab.,off. tab.,off. tab.,off. tab.,off. tab.,,,3|5|6|7|8|9|10
off. tabell,tabellionatus officium ?,,,,,,,,,,off. tabell,,,,,,10
offic.,officialis,Offizial,,official -is,i ?,,offic.,offic.,offic.,offic.,offic.,offic.,offic.,offic.,"vermutlich in Bd. 1 und möglicherweise auch in anderen Bänden Abk. ""off."" verwendet",,2|3|4|5|6|7|8|9|10
offic.,officium,,in 2 und 4 laut Abk-Verz.,offici -i,o (n.),,,,,,,,,,,,2|3|4|5|6|7|8|9|10
offic.,officium,Amt; (Gottes-)Dienst,,offici -i,o (n.),,,,offic.,,,,,,"vermutlich in Bd. 4 und möglicherweise auch in anderen Bänden Abk. ""offic."" verwendet",,2|3|4|5|6|7|8|9|10
official.,officialis,,siehe offic.,,,,,,,,,,,,,,2
official.,officialis,Offizial,,official -is,i ?,,official.,,,,,,,,"vermutlich in Bd. 1 und möglicherweise auch in anderen Bänden Abk. ""off."" verwendet",,2
omn.,omnes,,,omn -ium,konsonantisch ?,omn.,omn.,,omn.,omn.,omn.,omn.,,,,,1|2|4|5|6|7
omn. SS.,Omnium  sanctorum,Allerheiligen,,,,omn. SS.,,,,,,,,,,,1|2|4|5|6
omn. ss.,Omnium  sanctorum,Allerheiligen,,,,,omn. ss.,,omn. ss.,omn. ss.,omn. ss.,,,,,,4
omn. SS.,Omnium Sanctorum,Allerheiligen,siehe omn. ss.,,,,,,,,,,,,,,1|2|4|5|6
op.,op(p)idum,Stadt,,op(p)id -i,o (n.),op.,op.,op.,op.,op.,op.,op.,op.,op.,"möglicherweise auch ""opid."" in der Bedeutung ""opidum"" verwendet",,1|2|3|4|5|6|7|8|9|10
opid.,(opidum),(Stadt),"vielleicht, nicht sicher, ob wirklich verwendet",,,,,,,,,,,,,,2|3|4|5|6|7|8|9
opid.,op(p)idanus,Stadtbewohner,,op(p)idan -i,o,,opid.,opid.,opid.,opid.,opid.,opid.,opid.,,"möglicherweise auch ""op."" in der Bedeutung ""opidanus"" verwendet",,2|3|4|5|6|7|8|9
opid.,opidanus,Stadtbewohner,siehe oppid.,,,,,,,,,,,,,,2|3|4|5|6|7|8|9
opp.,op(p)idum,Stadt,,op(p)id -i,o (n.),,,,,opp.,,,,,"möglicherweise auch ""opid."" in der Bedeutung ""opidum"" verwendet",,5
opp.,oppidum,Stadt,siehe op.,,,,,,,,,,,,,,5
oppid.,op(p)idanus,Stadtbewohner,,op(p)idan -i,o,,,,,,,,,oppid.,"möglicherweise auch ""op."" in der Bedeutung ""opidanus"" verwendet",,10
ord.,ordinaria,,"2 nicht ordo, sondern ordinaria/us",,,ord.,ord.,ord.,ord.,ord.,ord.,ord.,ord.,ord.,,,1|2|3|4|5|6|7|8|9|10
ord.,ordinarius;,"Ordinarius, zuständige kirchliche Obere (meist: Bischof)",ord. 2,ordinari -i,o,ord.,ord.,ord.,ord.,ord.,ord.,ord.,ord.,ord.,"nicht zu entscheiden, ob ""ord."" auch in anderen Bänden außer 2 für ""ordinarius/a"" steht, sicherheitshalber bei allen Bänden mit aufgeführt",,1|2|3|4|5|6|7|8|9|10
ord.,ordo;,Weihegrad; Orden,,ordin -is,konsonantisch,ord.,ord.,ord.,ord.,ord.,ord.,ord.,ord.,ord.,"Als Abk. für Orden meist ""o."" in Abk.-Kombinationen verwendet",,1|2|3|4|5|6|7|8|9|10
ordin.,ordinare,,8,"ordin, ordinav, ordinat",a-Konj.,,,,,,,,,,,,3|4|5|7|8|9|10
ordin.,ordinaria,,"2 nicht ordo, sondern ordinaria/us",,,,,ordin.,ordin.,ordin.,,ordin.,ordin.,ordin.,,,3|4|5|7|8|9|10
ordin.,ordinaria,,,,,,,,,,,,,,,,3|4|5|7|8|9|10
ordin.,ordinarius;,"Ordinarius, zuständige kirchliche Obere (meist: Bischof)",ord. 2,ordinari -i,o,,,ordin.,ordin.,ordin.,,ordin.,ordin.,ordin.,"nicht zu entscheiden, ob ""ord."" auch in anderen Bänden außer 2 für ""ordinarius/a"" steht, sicherheitshalber bei allen Bänden mit aufgeführt",,3|4|5|7|8|9|10
p.,(nur bei def. nat.:) presbiter;,Priester;,siehe def. nat. (p. s.)/(p. c.),,,,,,,,,,,,,,1|2|3|4|5|6|7|8|9|10
p.,parvus;,klein;,siehe l. T. p.,parv -i,o (Adj.),,,,,,,,,,,,1|2|3|4|5|6|7|8|9|10
p.,per;,durch;,,,,p.,p.,p.,p.,p.,p.,p.,p.,p.,,,1|2|3|4|5|6|7|8|9|10
p.,prebenda,,4 v.a. in c.r.p. und s.e.p.,prebend -(a)e,a,,,,,,,,,,,,1|2|3|4|5|6|7|8|9|10
p.,purus;,rein,v. a. in m. a. p.,pur -i,o (Adj.),,,,,,,,,,,,1|2|3|4|5|6|7|8|9|10
p. m.,per manus,,,,,,p. m.,p. m.,,p. m.,,p. m.,p. m.,p. m.,,,2|3|7|8|9|10
p. o.,per obitum,durch Tod,,,,,p. o.,,p. o.,p. o.,p. o.,p. o.,p. o.,p. o.,,,2|4|6|7|8|9|10
p.m.,per manus,,,,,,,,,,,,,,,,5
pal.,palatium,Palast,,palati -i,o (n.),pal.,pal.,pal.,pal.,pal.,pal.,,pal.,pal.,,,4|5|10
palat.,palatium,Palast,,palati -i,o (n.),,palat.,palat.,palat.,,,,,,,,1|2|3|4|5|6|8|9
palat.,palatium,Palast,siehe pal.,,,,,,,,,,,,,,1|2|3|4|5|6|8|9
par.,parens;,Elternteil;,,parent -is,gemischt,par.,par.,par.,par.,par.,par.,par.,par.,par.,,,1|2|3|4|5|6|7|8|9|10
par.,parentes,Eltern,,parent -um,gemischt,,,,,,,,,,,,1|2|3|4|5|6|7|8|9|10
par.,parochialis;,Pfarr-;,,parochial -is,i (Adj.),par.,par.,par.,par.,par.,par.,par.,par.,par.,,,1|2|3|4|5|6|7|8|9|10
paroch.,parochia,"Pfarrei, Pfarrsprengel; Amt des ",,parochi -(a)e,a,paroch.,,paroch.,paroch.,paroch.,paroch.,paroch.,paroch.,paroch.,,,1|3|4|5|6|7|8|9|10
parochian.,parochianus,,,parochian -i,o,,,parochian.,,,,,,,,,3
patr.,patriarcha,,"in 2,3,4 auch andere Bedeutung",patriarch -(a)e,a,patr.,patr.,patr.,patr.,,,,,,,,1|2|3|4
patr.,patronatus,Patronat ,"in 2,4",,,,,,,,,,,,,,1|2|3|4
patr.,patronatus;,Patronat;,"patr. in 2,4",patronat -us,u,,patr.,,patr.,,,,,,"möglicherweise ""patr."" in Bd. 1 und 3 für ""patronus/patronatus""",,1|2|3|4
patr.,patronus,Patron,"in 2,3",,,,,,,,,,,,,,1|2|3|4
patron.,patronatus;,Patronat;,"patr. in 2,4",patronat -us,u,,patron.,patron.,patron.,patron.,patron.,patron.,patron.,patron.,"möglicherweise ""patr."" in Bd. 1 und 3 für ""patronus/patronatus""",,2|3|4|5|6|7|8|9|10
patron.,patronus,Patron,,patron -i,o,,,,,,,,,,,,2|3|4|5|6|7|8|9|10
paup.,pauper;,arm; Arme ?,,pauper -is,konsonantisch/gemischt?,,paup.,paup.,paup.,paup.,paup.,paup.,paup.,paup.,,,2|3|4|5|6|7|8|9|10
paup.,paupertas,,5,paupertat -is,konsonantisch,,,,,,,,,,,,2|3|4|5|6|7|8|9|10
pauper.,pauper (dekliniert),,siehe paup.,,,,,,,,,,,,,,1|2|4|7|9|10
pauper.,pauper;,arm; Arme ?,,pauper -is,konsonantisch/gemischt?,,pauper.,,,,pauper.,,,,,,1|2|4|7|9|10
pec.,pecunia,Geld,,pecuni -(a)e,a,,pec.,,,pec.,pec.,pec.,pec.,pec.,,,2|4|5|6|7|8|9|10
pen.,penitentiaria;,"Pönitentiarie, päpstliches Bußamt;",pen. in Bd. 3,penitentiari -(a)e,a,,,pen.,,,,,,,,,3
pend.,?,,siehe lite pend.,,,,,,,,,,,,,,2|3|4
penit.,penitentiaria;,"Pönitentiarie, päpstliches Bußamt;",pen. in Bd. 3,penitentiari -(a)e,a,,penit.,,penit.,penit.,penit.,penit.,penit.,penit.,,,2|4|5|6|7|8|9|10
penit.,penitentiarius,Pönitentiar,,penitentiari -i,o,,,,,,,,,,,,2|4|5|6|7|8|9|10
pens.,pensio,Rente (aus einer Pfründe) ,,pension -is,konsonantisch,,,,,pens.,pens.,pens.,pens.,pens.,,,5|6|7|8|9|10
per ob.,per obitum,durch Tod,,,,per ob.,,per ob.,,,,,,,,,1|3
percept.,perceptus,,"meist in Verbindung ""male percept.""",percept -i,o (Adj.),,,percept.,percept.,,percept.,,,,,,3|4|6
percip.,percipere,beziehen (von Einkünften),,"percipi, percep, percept",gemischte Konj.,,percip.,percip.,percip.,percip.,percip.,percip.,percip.,percip.,,,2|3|4|5|6|7|8|9|10
perm.,permutare;,tauschen;,,"permut, permutav, permutat",a-Konj.,,perm.,,perm.,perm.,perm.,perm.,perm.,perm.,,,2|3|4|5|6|7|8|9|10
perm.,permutatio,Tausch,,permutation- is,konsonantisch,,,,,,,,,,,,2|3|4|5|6|7|8|9|10
permut.,permutare;,tauschen;,siehe perm.,,,,,,,,,,,,,,3
permut.,permutare;,tauschen;,,"permut, permutav, permutat",a-Konj.,,permut.,permut.,,,,,,,,,3
permut.,permutatio,Tausch,,,,,,,,,,,,,,,3
perp.,perpetuus,"ständig, dauernd",,perpetu -i,o (Adj.),perp.,,perp.,perp.,perp.,perp.,perp.,perp.,perp.,,,1|3|4|5|6|7|8|9|10
pers.,personatus,Personat (kirchliche Würde),in 3 auch persona(s),personat -us,u,pers.,,,,,,,,,,,1|3
persolv.,persolvere,"zahlen, entrichten",,"persolv, persolv, persolut",konsonantische Konj.,,persolv.,,,,persolv.,,,persolv.,,,2|6|9|10
person.,persona,,in Bd. 3,,,,,,,,,,,,,,3|5|6|7|8|9|10
person.,personatus,Personat (kirchliche Würde),in 3 auch persona(s),personat -us,u,,,person.,,person.,person.,person.,person.,person.,,,3|5|6|7|8|9|10
pertin.,pertinere,gehören,,"pertine, pertinu, -",e-Konj.,,pertin.,,pertin.,pertin.,pertin.,pertin.,pertin.,pertin.,,,2|4|5|6|7|8|9|10
pleb.,plebanus,Pfarrer,pleban. 3,pleban -i,o,,pleb.,pleb.,pleb.,pleb.,pleb.,pleb.,pleb.,pleb.,"in 3 laut Abk-Verzeichnis Bd. 3 bedeutet ""pleban."" = plebanus; vermutlich auch in Bd. 1",,2|3|4|5|6|7|8|9|10
pleban.,plebanatus;,Amt des Pfarrers;,pleban. in 3 steht nur für plebanus laut Abk-Verz,plebanat -us,u,pleban.,pleban.,pleban.,pleban.,pleban.,pleban.,pleban.,pleban.,pleban.,"in 3 laut Abk-Verzeichnis Bd. 3 bedeutet ""pleban."" nur plebanus, nicht plebanatus; doch fraglich ob Angabe zuverlässig",,1|2|3|4|5|6|7|8|9|10
pleban.,plebania,Pfarrei,,plebani -(a)e,a,,,,,,,,,,,,1|2|3|4|5|6|7|8|9|10
pleban.,plebanus,Pfarrer,"in 1,3",,,,,,,,,,,,,,1|2|3|4|5|6|7|8|9|10
pleban.,plebanus,Pfarrer,pleban. 3,pleban -i,o,pleban.,,pleban.,,,,,,,"in 3 laut Abk-Verzeichnis Bd. 3 bedeutet ""pleban."" = plebanus; vermutlich auch in Bd. 1",,1|2|3|4|5|6|7|8|9|10
plen.,plenarius;,vollkommen;,,plenari -i,o (Adj.),plen.,plen.,plen.,plen.,plen.,plen.,plen.,plen.,plen.,,,1|2|3|4|5|6|7|8|9|10
plen.,plenus,voll,,plen -i,o (Adj.),,,,,,,,,,,,1|2|3|4|5|6|7|8|9|10
pont.,pontificalia,dem Bischof zustehende Amtszeichen und Rechte,,pontifical -ium (bereits Pl.),i (Adj.),,,,,pont.,,,,,,,2|3|4|5
pont.,pontificalis,,siehe pontific.,,,,,,,,,,,,,,2|3|4|5
pontific.,pontificalia,dem Bischof zustehende Amtszeichen und Rechte,,pontifical -ium (bereits Pl.),i (Adj.),,,pontific.,,,,pontific.,pontific.,pontific.,,,3|7|8|9|10
pontific.,pontificalis,,,,,,,,,,,,,,,,3|7|8|9|10
pontifical.,pontificalia,dem Bischof zustehende Amtszeichen und Rechte,,pontifical -ium (bereits Pl.),i (Adj.),,,,pontifical.,,pontifical.,,,,,,4|6
port.,portatilis;,"tragbar, Trag-",,portatil -is,i (Adj.) ?,port.,port.,port.,port.,port.,port.,port.,port.,port.,,,1|2|3|4|5|6|7|8|9|10
port.,portio,,8,portion -is,konsonantisch,,,,,,,,,,,,1|2|3|4|5|6|7|8|9|10
possess.,possessio;,,,possession -is,konsonantisch,,possess.,possess.,possess.,possess.,,,,,,,2|3|4|5
possess.,possessor,,,possessor -is,konsonantisch,,,,,,,,,,,,2|3|4|5
pot.,potestas,Macht; Gewalt; volle päpstliche Gewalt,,potestat -is,konsonantisch,,pot.,,pot.,pot.,pot.,pot.,pot.,pot.,,,2|3|4|5|6|7|8|9|10
potest.,potestas,Macht; Gewalt; volle päpstliche Gewalt,siehe pot.,,,,,,,,,,,,,,2|4|5|6|7|8|9|10
potest.,potestas,Macht; Gewalt; volle päpstliche Gewalt,,potestat -is,konsonantisch,,,potest.,,,potest.,,,,,,2|4|5|6|7|8|9|10
pr.,proprius,eigen,,propri -i,o (Adj.),,,,,pr.,pr.,pr.,pr.,pr.,,,5|6|7|8|9|10
preb.,prebenda,"Präbende, Stiftspfründe",preb. in 1 auch für prebendatus,prebend -(a)e,a,preb.,preb.,preb.,preb.,preb.,preb.,preb.,preb.,preb.,,,1|2|3|4|5|6|7|8|9|10
preb.,prebendatus,mit einer Präbende ausgestattet,in Bd. 1,,,,,,,,,,,,,,1|2|3|4|5|6|7|8|9|10
preb.,prebendatus,mit einer Präbende ausgestattet,preb. 1,prebendat -i,o (Adj.),preb.,,,,,,,,,"möglicherweise preb. auch in anderen Bänden, v. a. 2 (prebend. nur 1x!) und 3, Abk. für prebendatus",,1|2|3|4|5|6|7|8|9|10
prebend.,prebendatus,mit einer Präbende ausgestattet,preb. 1,prebendat -i,o (Adj.),,prebend.,,prebend.,prebend.,prebend.,prebend.,prebend.,prebend.,"möglicherweise preb. auch in anderen Bänden, v. a. 2 (prebend. nur 1x!) und 3, Abk. für prebendatus",,2|4|5|6|7|8|9|10
prec.,preces,Bitte,,prec -um (bereits Pl.),konsonantisch,,,,prec.,prec.,,prec.,prec.,prec.,,,4|5|7|8|9|10
precept.,preceptor;,"Präzeptor, Vorsteher;",,preceptor -is,konsonantisch,precept.,precept.,precept.,precept.,precept.,precept.,precept.,precept.,precept.,,,1|2|3|4|5|6|7|8|9|10
precept.,preceptoria,Amt/Stelle eines Präzeptors,,preceptori -(a)e,a,,,,,,,,,,,,1|2|3|4|5|6|7|8|9|10
preceptor.,preceptor;,"Präzeptor, Vorsteher;",,preceptor -is,konsonantisch,,,preceptor.,,preceptor.,,,,,,,1|4|5|7|8|9|10
preceptor.,preceptor;,"Präzeptor, Vorsteher;",siehe precept.,,,,,,,,,,,,,,1|4|5|7|8|9|10
preceptor.,preceptoria,Amt/Stelle eines Präzeptors,,,,,,,,,,,,,,,1|4|5|7|8|9|10
pred.,predicatorum (in o. pred.),,,,,,pred.,,pred.,pred.,pred.,pred.,pred.,pred.,,,1|2|3|4|5|6|7|8|9|10
pred.,predictum,,auch predict.; siehe dortigen Eintrag,predict -i,o (Adj.),,,,,,,,,,,,1|2|3|4|5|6|7|8|9|10
predec.,predecessor,,,predecessor -is,konsonantisch,,predec.,,,,,,,,,,2
predic.,predicare,,,"predic, predicav, predicat",a-Konj.,,predic.,predic.,,,,,,,,,2|3
prep.,prepositus,"Propst, Vorsteher",,preposit -i ?,o ?,prep.,prep.,prep.,prep.,prep.,prep.,prep.,prep.,prep.,,,1|2|3|4|5|6|7|8|9|10
prep. etc.,"prepositus, decanus et canonici","Propst, Dekan und die Kanoniker",,,,prep. etc.,prep. etc.,,prep. etc.,prep. etc.,prep. etc.,prep. etc.,prep. etc.,prep. etc.,,,1|2|4|5|6|7|8|9|10
"prep., dec. et can.","prepositus, decanus et canonici","Propst, Dekan und die Kanoniker",,,,,,,,,,,,"prep., dec. et can.",,,9
"prep., dec. et capit.","prepositus, decanus et canonici","Propst, Dekan und die Kanoniker",,,,,,"prep., dec. et capit.",,"prep., dec. et capit.",,,,"prep., dec. et capit.",,,3|5|9|10
"prep., dec. etc.","prepositus, decanus et canonici","Propst, Dekan und die Kanoniker",,,,,,,,,,,"prep., dec. etc.",,,,8
"prep., dec., can. et capit.","prepositus, decanus et canonici","Propst, Dekan und die Kanoniker",,,,,,,,,,,,"prep., dec., can. et capit.",,,9
prepos.,prepositatus;,Amt des Propstes;,,prepositat -us,u,prepos.,prepos.,prepos.,prepos.,prepos.,prepos.,prepos.,prepos.,prepos.,,,1|2|3|4|5|6|7|8|9|10
prepos.,prepositura,Propstei,,prepositur -(a)e,a,,,,,,,,,,,,1|2|3|4|5|6|7|8|9|10
prerog.,prerogativa,"Vorrecht, Vorrang",,prerogativ -(a)e,a,,,,,prerog.,prerog.,prerog.,prerog.,prerog.,,,5|6|7|8|9|10
pres.,presens,gegenwärtig; anwesend; vorliegend,"pres. in 2,4 steht nicht für presens, sondern presentare und presentatio",present -is,konsonantisch,,pres.,,pres.,pres.,pres.,,pres.,pres.,möglicherweise auch Abk. present. für presens verwendet,,2|4|5|6|8|9|10
pres.,presentare,,"in 2,4","present, presentav, presentat",a-Konj.,,,,,,,,,,,,2|4|5|6|8|9|10
pres.,presentatio,,"in 2,4",presentation -is,konsonantisch,,,,,,,,,,,,2|4|5|6|8|9|10
presb.,presbiter,Priester,auch presbyter,,,presb.,presb.,presb.,presb.,presb.,presb.,presb.,presb.,presb.,,,1|2|3|4|5|6|7|8|9|10
presbit.,presbiteralis,Priester-,auch presbiterialis; presbyterialis,presb[i/y]ter(i)al -is,i (Adj.),,,,,,,,,,,,3|4|5|6|7|8|9|10
presbit.,presbiteratus;,Priesteramt?,,presbiterat -us,u,,,,presbit.,presbit.,,presbit.,presbit.,presbit.,,,3|4|5|6|7|8|9|10
presbiter.,presbiteralis,Priester-,,,,,,,,,,,,,,,6
presbiter.,presbiteratus;,Priesteramt?,,presbiterat -us,u,,,,presbiter.,,presbiter.,,,,,,6
presbiter.,presbiteratus;,Priesteramt?,siehe presbit.,,,,,,,,,,,,,,6
present.,presentare;,"präsentieren, vorschlagen;","pres. 2,4; presentat. 3","present, presentav, presentat",a-Konj.,,present.,present.,present.,present.,present.,,present.,present.,,,2|3|4|5|6|8|9|10
present.,presentatio,"Präsentation, Vorschlag(-srecht)",,presentation -is,konsonantisch,,,,,,,,,,,,2|3|4|5|6|8|9|10
presentat.,presentare;,"präsentieren, vorschlagen;","pres. 2,4; presentat. 3","present, presentav, presentat",a-Konj.,,,presentat.,,,,,,,,,2|3|4
presentat.,presentatio,"Präsentation, Vorschlag(-srecht)",siehe present.,,,,,,,,,,,,,,2|3|4
prim.,primarius,"der erste, vorrangige",,primari -i,o (Adj.),,,prim.,prim.,prim.,,prim.,prim.,prim.,,,3|4|5|7|8|9|10
priv.,privare,,"1,2,3,7,8","priv, privav, privat",a-Konj.,,,,,,,,,,,,1|2|3|4|5|6|7|8|9|10
priv.,privatio;,"Aberkennung, (Amts-)Entsetzung",,privation -is,konsonantisch,priv.,priv.,priv.,priv.,priv.,priv.,priv.,priv.,priv.,,,1|2|3|4|5|6|7|8|9|10
privil.,privilegium,Privileg,,privilegi -i,o (n.),,privil.,privil.,,privil.,privil.,privil.,privil.,privil.,,,2|3|4|5|6|7|8|9|10
proc.,procedere;,,"2,3,4,5,7,8  und in 2 auch für procurator","proced, process, process",konsonantische Konj.,,proc.,proc.,proc.,proc.,proc.,proc.,proc.,,,,2|3|4|5|6|7|8
proc.,processus,,"2,3,4,5,7,8  ",process -us,u,,,,,,,,,,,,2|3|4|5|6|7|8
proc.,procurator,Prokurator,proc. in 2,procurator -is,konsonantisch,,proc.,,,,,,,,"möglicherweise auch in anderen Bänden außer 2 Abk. ""proc."" für ""procurator"" verwendet",,2|3|4|5|6|7|8
proc.,procurator,,in 2 ,,,,,,,,,,,,,,2|3|4|5|6|7|8
procur.,procurator,Prokurator,proc. in 2,procurator -is,konsonantisch,,,procur.,procur.,procur.,procur.,procur.,procur.,procur.,"möglicherweise auch in anderen Bänden außer 2 Abk. ""proc."" für ""procurator"" verwendet",,3|4|5|6|7|8|9|10
procurat.,procurator,Prokurator,proc. in 2,procurator -is,konsonantisch,,,procurat.,procurat.,,,,,,"möglicherweise auch in anderen Bänden außer 2 Abk. ""proc."" für ""procurator"" verwendet",,10
procurat.,procurator,Prokurator,siehe procur.,,,,,,,,,,,,,,10
prof.,professa,,,,,,,,,,,,,,,,2|3|4|5|6|7|8|9|10
prof.,"professa, professus",die Gelübte abgelegt habend;,,profess -i,o,,prof.,,prof.,prof.,prof.,prof.,prof.,prof.,,,2|3|4|5|6|7|8|9|10
prof.,professor,"öffentlicher Lehrer, Professor",professus 7; in 8 prof.+profes. vertauscht?,professor -is,konsonantisch,,prof.,prof.,prof.,prof.,prof.,prof.,prof.,prof.,"nicht festzustellen, ob in allen Bänden ""prof."" sowohl für ""professor"" als auch für ""professus/a"" steht",,2|3|4|5|6|7|8|9|10
prof.,professus,,,,,,,,,,,,,,,,2|3|4|5|6|7|8|9|10
profes.,,Ordensfrau/-mann,,profess -(a)e,a,,,,,,,,,,,,5|8|10
profes.,"professa, professus",die Gelübte abgelegt habend;,,profess -i,o,,,,,profes.,,,profes.,,,,5|8|10
prom.,promissio,,1,promission -is,konsonantisch,,,,,,,,,,,,2|3|4|5|6|7|8|9|10
prom.,promotio,"Beförderung, Erhebung",,promotion -is,konsonantisch,,,,,,,,,,,,2|3|4|5|6|7|8|9|10
prom.,promovere;,(zu einem Weihegrad) befördern; (zu einem höheren Amt) erheben;,,"promove, promov, promot",e-Konj.,prom.,prom.,prom.,prom.,prom.,prom.,prom.,prom.,prom.,,,2|3|4|5|6|7|8|9|10
prorog.,prorogare;,verlängern;,,"prorog, prorogav, prorogat",a-Konj.,prorog.,prorog.,prorog.,prorog.,prorog.,prorog.,prorog.,prorog.,prorog.,,,2|3|4|5|6|7|8|9|10
prorog.,prorogatio,Verlängerung,,prorogation -is,konsonantisch,,,,,,,,,,,,2|3|4|5|6|7|8|9|10
prothomart.,prot(h)omartir,Erzmärtyrer,,prot(h)martir -,,,,,prothomart.,,,prothomart.,,prothomart.,,,4|7|9|10
prothon.,prot(h)onotarius,"Protonotar, Notar in der päpstlichen Kanzlei",,prot(h)onotari -i,o,,,,prothon.,,,prothon.,prothon.,,,,4|7|8
prothon.,prot(h)onotarius,"Protonotar, Notar in der päpstlichen Kanzlei",siehe prothonot.,,,,,,,,,,,,,,4|7|8
prothonot.,prot(h)onotarius,"Protonotar, Notar in der päpstlichen Kanzlei",,prot(h)onotari -i,o,,prothonot.,prothonot.,prothonot.,prothonot.,prothonot.,prothonot.,,prothonot.,,,2|3|4|5|6|7|9|10
prov.,providere (alicui de aliqua re);,(jemandem das Anrecht auf ein Amt oder eine Pfründe) verleihen;,,"provide, provid, provis",e-Konj.,prov.,prov.,prov.,prov.,prov.,prov.,prov.,prov.,prov.,,,1|2|3|4|5|6|7|8|9|10
prov.,provincia,,"1,5,8; prov. in 2,4,7 laut Abk-Verz.",provinci -(a)e,a,,prov.,,prov.,,,prov.,,,"und, möglicherweise in allen Bänden, Abk. ""prov."" für ""provincia"" verwendet",,1|2|3|4|5|6|7|8|9|10
prov.,provincia,,"2,4,7 laut Abk-Verz.",provinci -(a)e,a,,,,,,,,,,,,1|2|3|4|5|6|7|8|9|10
prov.,provisio,Verleihung,,provision -is,konsonantisch,,,,,,,,,,,,1|2|3|4|5|6|7|8|9|10
provin.,provincia,,"1,5,8; prov. in 2,4,7 laut Abk-Verz.",provinci -(a)e,a,provin.,,,,provin.,,,provin.,,"und, möglicherweise in allen Bänden, Abk. ""prov."" für ""provincia"" verwendet",,1|3|4|5|8
publ.,publicare;,,"2,5,7,8; public. 3","public, publicav, publicat",a-Konj.,,,,,,,,,,,,1|2|3|4|5|6|7|8|9|10
publ.,publicatio,,,publication -is,konsonantisch,,,,,,,,,,,,1|2|3|4|5|6|7|8|9|10
publ.,publicus,öffentlich,,public -i,o (Adj.),publ.,publ.,publ.,publ.,publ.,publ.,publ.,publ.,publ.,,,1|2|3|4|5|6|7|8|9|10
quib.,quibus,welchen,,,,,quib.,,quib.,quib.,quib.,quib.,quib.,quib.,,,2|4|5|6|7|8|9|10
quitt.,quittantia;,"Quittung, Bestätigung",,quittanti -(a)e,a,quitt.,quitt.,quitt.,quitt.,,quitt.,,,quitt.,,,1|2|3|4|6|9|10
quitt.,quittare;,,"2,3,4","quitt, quittav, quittat",a-Konj.,,,,,,,,,,,,1|2|3|4|6|9|10
quitt.,quittatio,,"1,2,3,4",quittation -is,konsonantisch,,,,,,,,,,,,1|2|3|4|6|9|10
quond.,quondam,"früher, verstorben",,,,,quond.,,quond.,quond.,quond.,quond.,quond.,quond.,,,2|4|5|6|7|8|9|10
r.,reservatio,,4 v.a. in c. r. p.=cum reservatione prebende; siehe auch reserv.,reservation -is,konsonantisch,,,,r.,r.,,,,,,,1|4|5|6|7|8|9|10
R. e.,Romana Ecclesia,Römische Kirche,,,,,R. e.,,,,,,,,,,2
R. e.,Romana Ecclesia,Römische Kirche,siehe R. E.,,,,,,,,,,,,,,2
R. E.,Romana Ecclesia,Römische Kirche,,,,,R. E.,,,R. E.,R. E.,R. E.,R. E.,R. E.,,,2|5|6|7|8|10
R. I.,Romanorum Imperator,Römischer Kaiser,,,,,,,,R. I.,R. I.,R. I.,R. I.,R. I.,und ausgeschrieben: Romanum imperium; Romanum Imperium,,6|7|8|9|10
R. I.,Romanum Imperium ?,,,,,,,,,,,,,,,,6|7|8|9|10
R. R.,Romanorum Rex,Römischer König,,,,,,,,R. R.,R. R.,R. R.,R. R.,,ausgeschrieben: Romanorum Rex,,4|6|7|8|10
recept.,receptio,"Aufnahme, Empfang, Erhalt",,reception -is,konsonantisch,,,,,,,,,,,,3|4|5|6|8|9|10
recept.,receptus;,"empfangen, aufgenommen;",,recept -i,o (Adj.),,,recept.,recept.,recept.,recept.,,recept.,recept.,,,3|4|5|6|8|9|10
recip.,recipere,"empfangen, aufnehmen",rec. in 4 laut Abk-Verz,"recipi, recep, recept",gemischte Konj.,,recip.,recip.,recip.,recip.,recip.,recip.,recip.,recip.,,,2|3|4|5|6|7|8|9|10
recogn.,recognitio;,,1.2,recognition -is,konsonantisch,recogn.,recogn.,recogn.,,,,,,,,,1|2|3
recogn.,recognitus;,,3,recognit -i,o (Adj.),,,,,,,,,,,,1|2|3
recogn.,recognoscere,,1.2,"recognosc, recognov, recognit",,,,,,,,,,,,,1|2|3
rect.,rector,"Rektor, Pfarrer; (Schul-)Meister; Meister (eines Hospitals)",,rector -is,konsonantisch,,rect.,rect.,rect.,rect.,rect.,rect.,rect.,rect.,,,2|3|4|5|6|7|8|9|10
red.,red(d)itus,Einkünfte,,red(d)it -us,u,,red.,,red.,,red.,red.,,red.,ausgeschrieben: redditus; reditus,,2|4|5|6|7|9|10
redd.,red(d)itus,Einkünfte,,red(d)it -us,u,,,,redd.,redd.,,,,,ausgeschrieben: redditus; reditus,,5
redd.,redditus,Einkünfte,siehe red.,,,,,,,,,,,,,,5
reddit.,red(d)itus,Einkünfte,,red(d)it -us,u,,,reddit.,reddit.,,,,,,ausgeschrieben: redditus; reditus,,3|4|5|10
ref.,reformare;,"verbessern, reformieren;",,"reform, reformav, reformat",a-Konj.,,,,ref.,ref.,ref.,ref.,ref.,ref.,,,2|3|4|5|6|7|8|9|10
ref.,reformatio,"Abänderung, Nachbesserung (einer päpstlichen Gnade); Reform",,reformation -is,konsonantisch,,,,,,,,,,,,2|3|4|5|6|7|8|9|10
refer.,referendarius,Referendar (des Papstes),,referendari -i,o,,refer.,refer.,refer.,refer.,refer.,refer.,refer.,refer.,,,2|3|4|5|6|7|8|9|10
reg.,regula;,(Ordens-)Regel;,,regul -(a)e,a ,reg.,reg.,reg.,reg.,reg.,reg.,reg.,reg.,reg.,,,1|2|3|4|5|6|7|8|9|10
reg.,regularis,Regular-,,regular -is,,,,,,,,,,,,,1|2|3|4|5|6|7|8|9|10
regul.,regula;,(Ordens-)Regel;,,regul -(a)e,a ,,,regul.,regul.,,regul.,,,,,,4
regul.,regula;,(Ordens-)Regel;,siehe reg.,,,,,,,,,,,,,,4
regul.,regularis,Regular-,,,,,,,,,,,,,,,4
rehab.,rehabilitare,,,"rehabilit, rehabilitav, rehabilitat",a-Konj.,,,,,,,,,,,,5|6|7|8|9|10
rehab.,rehabilitatio;,Wiedereinsetzung in den Stand der habilitas (Fähigkeit zur Ausübung klerikaler Funktionen),,rehabilitation -is,konsonantisch,,,,,,rehab.,rehab.,,rehab.,,,5|6|7|8|9|10
rehabil.,rehabilitare,,,,,,,,,,,,,,,,5
rehabil.,rehabilitatio;,Wiedereinsetzung in den Stand der habilitas (Fähigkeit zur Ausübung klerikaler Funktionen),siehe rehab.,,,,,,,,,,,,,,5
rehabil.,rehabilitatio;,Wiedereinsetzung in den Stand der habilitas (Fähigkeit zur Ausübung klerikaler Funktionen),,rehabilitation -is,konsonantisch,,,,,rehabil.,,,rehabil.,,,,5
reinstit.,reinstituere;,,,"reinstitu, reinstitu, reinstitut",konsonantische Konj.,,,,,reinstit.,,,,,,,5
reinstit.,reinstitutio,,,reinstitution -is,konsonantisch,,,,,,,,,,,,5
rel.,relicta;,Witwe,,relict -(a)e,a,,rel.,,rel.,rel.,rel.,rel.,rel.,rel.,,,4|8|10
rel.,relictus;,,"6,7,8",relict -i,o,,,,,,,,,,,,4|8|10
rel.,religio,,in Bd. 4; siehe relig.,religion -is,konsonantisch,,,,,,,,,,,,4|8|10
rel.,religio;,Orden;,in 4 (auch) rel. laut Abk-Verz,religion -is,konsonantisch,,,,rel.,,,,,,"in Bd. 2 wohl nur ausgeschrieben; ""rel."" in diesem Band eindeutig nur in Bedeutung ""relicta""",,4|8|10
relax.,relaxare;,"entbinden, aufheben;",,"relax, relaxav, relaxat",a-Konj.,,,relax.,,,relax.,relax.,relax.,relax.,,,3|6|7|8|9|10
relax.,relaxatio,"Entbindung, Aufhebung",,relaxation -is,konsonantisch,,,,,,,,,,,,3|6|7|8|9|10
relict.,relicta;,Witwe,,relict -(a)e,a,,,relict.,,,,,,,,,2|3|5|6|7|8|9
relict.,relicta;,Witwe,siehe rel.,,,,,,,,,,,,,,2|3|5|6|7|8|9
relict.,relictus,,,,,,,,,,,,,,,,2|3|5|6|7|8|9
relig.,religio;,Orden;,in 4 (auch) rel. laut Abk-Verz,religion -is,konsonantisch,relig.,,relig.,relig.,relig.,relig.,relig.,relig.,relig.,"in Bd. 2 wohl nur ausgeschrieben; ""rel."" in diesem Band eindeutig nur in Bedeutung ""relicta""",,1|3|4|5|6|7|8|9|10
relig.,religiosus,Ordensmann,,religios -i,i,,,,,,,,,,,,1|3|4|5|6|7|8|9|10
rem.,remissio,Vergebung (der Sünden),,remission -is,konsonantisch,rem.,,,rem.,rem.,rem.,rem.,rem.,rem.,,,1|3|4|5|6|7|8|9|10
reman.,remanere,,"3,6 (+remanens)","remane, remans, remans",e-Konj.,,,reman.,,,,,,,,,3
remitt.,remittere,,"angeblich in 5, aber inexistent als Abk.","remitt, remis, remiss",konsonantische Konj.,,,,,,,,,,,,5
renen.,r(h)enensis (fl.),rheinischer (Gulden),kommt ausgeschrieben nicht vor,,,,,,,,,renen.,renen.,renen.,,,7|8|9|10
res.,reservare;,"reservieren, vorbehalten;",siehe reserv.,,,,,,,,,,,,,,1|2|3|4|5|6|7|8|9|10
res.,reservare;,"reservieren, vorbehalten;",res. in 1 laut Abk-Verz.,"reserv, reservav, reservat",a-Konj.,res.,,,,,,,,,,,1|2|3|4|5|6|7|8|9|10
res.,reservatio,Reservation,,reservation -is,konsonantisch,res.,,,,,,,,,,,1|2|3|4|5|6|7|8|9|10
res.,reservatio,Reservation,,,,,,,,,,,,,,,1|2|3|4|5|6|7|8|9|10
res.,resignare,Verzicht leisten;,siehe resign.,,,,,,,,,,,,,,1|2|3|4|5|6|7|8|9|10
res.,resignare;,Verzicht leisten;,"res. 2,4,6; resig. 5","resign, resignav, resignat",a-Konj.,,res.,,res.,,res.,,,,,,1|2|3|4|5|6|7|8|9|10
res.,resignatio,Verzicht,,,,,,,,,,,,,,,1|2|3|4|5|6|7|8|9|10
reserv.,reservare;,"reservieren, vorbehalten;",res. in 1 laut Abk-Verz.,"reserv, reservav, reservat",a-Konj.,reserv.,reserv.,reserv.,reserv.,reserv.,reserv.,reserv.,reserv.,reserv.,,,1|2|3|4|5|6|7|8|9|10
reserv.,reservatio,Reservation,,reservation -is,konsonantisch,reserv.,reserv.,reserv.,reserv.,reserv.,reserv.,reserv.,reserv.,reserv.,,,1|2|3|4|5|6|7|8|9|10
reservat.,reservatio,Reservation,,reservation -is,konsonantisch,,,reservat.,,,,,,,,,2|5|10
reservat.,reservatio,Reservation,siehe reserv.,,,,,,,,,,,,,,2|5|10
resid.,residentia,Residenz(pflicht),,residenti -(a)e,a,,,resid.,resid.,resid.,resid.,resid.,resid.,resid.,,,3|4|5|6|7|8|9|10
resid.,residere;,wohnhaft sein;,,"reside, resed, resess",e-Konj.,,,resid.,resid.,resid.,resid.,resid.,resid.,resid.,,,3|4|5|6|7|8|9|10
resident.,residentia,Residenz(pflicht),,residenti -(a)e,a,,,,resident.,,,,,,,,5|10
resident.,residentia,Residenz(pflicht),siehe resid.,,,,,,,,,,,,,,5|10
resig.,resignare,Verzicht leisten;,siehe resign.,,,,,,,,,,,,,,5
resig.,resignare;,Verzicht leisten;,"res. 2,4,6; resig. 5","resign, resignav, resignat",a-Konj.,,,,resig.,resig.,,,,resig.,,,5
resig.,resignatio,Verzicht,,,,,,,,,,,,,,,5
resign.,resignare;,Verzicht leisten;,"res. 2,4,6; resig. 5","resign, resignav, resignat",a-Konj.,resign.,,resign.,,,,resign.,resign.,resign.,,,1|3|4|5|7|8|9|10
resign.,resignatio,Verzicht,,resignation -is,konsonantisch,,,,,,,,,,,,1|3|4|5|7|8|9|10
resp.,respective,,,,,resp.,,resp.,,,,,,,,,1|3
restit.,restituere;,zurückgeben; aushändigen; wiedereinsetzen (in den alten Stand);,,"restitu, restitu, restitut",konsonantisch,,restit.,restit.,restit.,restit.,restit.,restit.,restit.,restit.,,,2|3|4|5|6|7|8|9|10
restit.,restitutio,"Rückgabe, Aushändigung: Wiedereinsetzung",,restitution -is,konsonantisch,,,,,,,,,,,,2|3|4|5|6|7|8|9|10
restit. bulle,restitutio bulle,,,,,,,,,restit. bulle,restit. bulle,,restit. bulle,restit. bulle,"bulle dabei dekliniert (-e, -a, -am, -arum)",,4|8|9|10
retin.,restitutio,"Rückgabe, Aushändigung: Wiedereinsetzung",,restitution -is,konsonantisch,,retin.,retin.,retin.,retin.,retin.,retin.,retin.,retin.,,,2|3|4|5|6|7|8|9|10
retin.,retinere,"innehaben, besitzen",,"retine, retinu, retent",e-Konj.,,,,,,,,,,,,2|3|4|5|6|7|8|9|10
reval.,revalidare,,"in Bd. 5,8","revalid, revalidav, revalidat",a-Konj.,,,,,,,,,,,,5|8|9|10
reval.,revalidatio;,Erklärung der Gültigkeit (einer verfallenen Gnade),,revalidation -is,konsonantisch,,,,,,,,reval.,reval.,,,5|8|9|10
revalid.,revalidare,,,,,,,,,,,,,,,,5
revalid.,revalidatio;,Erklärung der Gültigkeit (einer verfallenen Gnade),,revalidation -is,konsonantisch,,,,,revalid.,,,,,,,5
revalid.,revalidatio;,Erklärung der Gültigkeit (einer verfallenen Gnade),siehe reval.,,,,,,,,,,,,,,5
revoc.,revocare;,,,"revoc, revocav, revocat",a-Konj.,,revoc.,revoc.,revoc.,revoc.,,,revoc.,,,,2|3|4|5|8
revoc.,revocatio,,,revocation -is,konsonantisch,,revoc.,revoc.,revoc.,revoc.,,,revoc.,,,,2|3|4|5|8
revocat.,revocatio,,,revocation -is,konsonantisch,,,revocat.,,,,,,,,,2|4|5
revocat.,revocatio,,siehe revoc.,,,,,,,,,,,,,,2|4|5
Rom.,Romana curia,,1,Roman -(a)e curi -(a)e,beide a,,Rom.,,,,,,,,,,1|2|3|4|5|6|8
Rom.,Romanus,,,Roman -i,o,Rom.,Rom.,Rom.,Rom.,,Rom.,,,,,,1|2|3|4|5|6|8
Rom. curia,Romana curia,,1,Roman -(a)e curi -(a)e,beide a,Rom. curia,Rom. curia,Rom. curia,Rom. curia,,,,,,,,1|2|3|4|6
Rom. imper.,Romanorum Imperator,Römischer Kaiser,,,,,Rom. imper.,,,,,,,,und ausgeschrieben: Romanum imperium; Romanum Imperium,,2|3
Rom. imperium,Romanorum Imperator,Römischer Kaiser,,,,,,Rom. imperium,,,,,,,und ausgeschrieben: Romanum imperium; Romanum Imperium,,3
Rom. rex,Romanorum Rex,Römischer König,,,,,Rom. rex,Rom. rex,,,,,,,ausgeschrieben: Romanorum Rex,,2
Roman.,Romanus,,siehe Rom.,,,,,,,,,,,,,,3|10
Roman.,Romanus,,,Roman -i,o,,,Roman.,Roman.,Roman.,,,Roman.,,,,3|10
Romana cur.,Romana curia,,1,Roman -(a)e curi -(a)e,beide a,,,,,,,Romana cur.,Romana cur.,Romana cur.,,,7|8|9|10
Romani imper.,Romanorum Imperator,Römischer Kaiser,,,,,,,,,,,,Romani imper.,und ausgeschrieben: Romanum imperium; Romanum Imperium,,9|10
rot.,rotulus,,,rotul -i,o,rot.,,,rot.,,,,,,,,1|4
s.,(nur bei def. nat.:) solutus/soluta,ledig,siehe def. nat. (x. s.),solut -i/-(a)e,o/a,,,,,,,,,,,,1|2|3|4|5|6|7|8|9|10
s.,sanctus;,heilig;,,sanct -i,o (Adj.),s.,s.,s.,s.,s.,s.,s.,s.,s.,,,1|2|3|4|5|6|7|8|9|10
s.,sine,ohne;,,,,,,,,,,,,,,,1|2|3|4|5|6|7|8|9|10
s.,sub,unter,,,,,,,,,,,,,,,1|2|3|4|5|6|7|8|9|10
s.,super,,"4 v.a. in o.s.a., siehe dortigen Eintrag; ansonsten siehe sup.",,,,,,,,,,,,,,1|2|3|4|5|6|7|8|9|10
s. c.,cf.: def. nat. (s. c.),,,,,,,,s. c.,s. c.,s. c.,s. c.,s. c.,s. c.,,,1|3|4|5|6|7|8|9|10
s. c.,sine cura,ohne Seelsorge,,,,s. c.,,s. c.,,s. c.,s. c.,s. c.,s. c.,s. c.,,,1|3|4|5|6|7|8|9|10
s. d.,sine dato/a;,,"in 3,5,6,8 laut Abk-Verz.",,,,,s. d.,s. d.,s. d.,s. d.,s. d.,s. d.,s. d.,,,3|4|5|6|7|8|9|10
s. d.,sub data,,in 5 laut Abk-Verz    ,,,,,s. d.,s. d.,s. d.,s. d.,s. d.,s. d.,s. d.,,,3|4|5|6|7|8|9|10
s. d.,sub die;,am (folgt Datum),,,,,,s. d.,s. d.,s. d.,s. d.,s. d.,s. d.,s. d.,,,3|4|5|6|7|8|9|10
s. e. d.,sub eodem dato/sub eadem data,,,,,,,s. e. d.,,,,,,,,,3
s. e. p.,sub expectatione prebende,,"1,2,3,4,6,7 v.a. in can. s. e. p.; in 3 auch: s. e. p. et d. (=et dignitas)",,,s. e. p.,s. e. p.,s. e. p.,s. e. p.,,s. e. p.,s. e. p.,,,,,1|2|3|4|6|7
s. e. s. o. n. c.,sed eius superveniente obitu non confecta,,,,,,,,,,s. e. s. o. n. c.,,,,,,6
s. R. E.,Sacrosancta Romana Ecclesia,Heilige Römische Kirche,,,,,s. R. E.,,,,,,,,,,2
S. R. E.,Sacrosancta Romana Ecclesia,Heilige Römische Kirche,,,,,,,,S. R. E.,S. R. E.,S. R. E.,S. R. E.,S. R. E.,,,6|7|8
S. R. I.,Sacrum Romanum Imperium,,,,,,,,,S. R. I.,,S. R. I.,S. R. I.,,,,7|8|10
sacerd.,sacerdos;,Priester,,sacerdot -is,konsonantisch,,,sacerd.,sacerd.,sacerd.,sacerd.,,,sacerd.,"möglicherweise in Bd. 2 für ""sacerdot-is,i etc."" auch ""sacerdot."" verwendet",,3|4|5|6|9|10
sacerd.,sacerdotalis,,3; sacerdot. 5,sacerdotal -is,i (Adj.),,,,,,,,,,,,3|4|5|6|9|10
sacerdot.,sacerdotalis,,3; sacerdot. 5,sacerdotal -is,i (Adj.),,sacerdot.,sacerdot.,sacerdot.,sacerdot.,,,,,,,2|3|4|5
salv. cond.,salvus conductus,,,,,,salv. cond.,,salv. cond.,,,,,,,,2|4
scil.,scilicet,,,,,,,,,,scil.,,,,,,6
scol.,scolaris,"Scholar, Schüler","scolar. 3; scol. in 3 steht für scolasticus, in 4 für beides",scolar -is,konsonantisch ?,,scol.,scol.,scol.,scol.,scol.,scol.,scol.,scol.,,,2|3|4|5|6|7|8|9|10
scol.,scolasticus,Scholaster,"3,4 laut Abk-Verz.",scolastic -i,o,,,,,,,,,,,,2|3|4|5|6|7|8|9|10
scolast.,scolaster,,"laut Abk-Verz 4,5; ausgeschrieben inexistent",,,,,,,,,,,,,,1|2|3|4|5|6|7|8|9|10
scolast.,scolasticus,Scholaster,"scol. 3,4",scolastic -i,o,scolast.,scolast.,scolast.,scolast.,scolast.,scolast.,scolast.,scolast.,scolast.,,,1|2|3|4|5|6|7|8|9|10
scolastr.,scolastria,Amt eines Scholasters,,scolastri -(a)e,a,,scolastr.,,scolastr.,scolastr.,scolastr.,scolastr.,scolastr.,scolastr.,"möglicherweise in Bd. 1 und 3 ""scolast."" als Abk. für ""scolastria"" verwendet",,2|4|5|6|7|8|9|10
scr.,scriptus,geschrieben ,siehe scipt.,,,,,,,,,,,,,,2
scr.,scriptus;,geschrieben;,scr. 2,script -i,o (Adj.),,scr.,,,,,,,,,,2
script.,scriptor,Schreiber; Reinschreiber (in der päpst lichen Kanzlei und Pönitentiarie),,scriptor -is,konsonantisch,script.,,script.,script.,script.,script.,script.,script.,script.,,,1|2|3|4|5|6|7|8|9|10
script.,scriptus;,geschrieben;,scr. 2,script -i,o (Adj.),script.,,script.,script.,script.,script.,script.,script.,script.,,,1|2|3|4|5|6|7|8|9|10
scriptor.,scriptor,Schreiber; Reinschreiber (in der päpst lichen Kanzlei und Pönitentiarie),,scriptor -is,konsonantisch,,,scriptor.,,,,,,,,,1|9|10
scriptor.,scriptor (dekliniert),Schreiber; Reinschreiber (in der päpst lichen Kanzlei und Pönitentiarie),siehe script.,,,,,,,,,,,,,,1|9|10
scult.,scultetus,,,scultet -i,o,,,,scult.,,,,,,,,4
sec.,secularis,weltlich,,secular -is,,sec.,sec.,,sec.,sec.,sec.,sec.,sec.,sec.,,,1|2|3|4|5|6|7|8|9|10
secr.,secretarius,Sekretär,,secretari -i,o,,secr.,,secr.,secr.,secr.,secr.,secr.,secr.,,,2|3|4|5|6|7|8|9|10
secret.,secretarius,Sekretär,,secretari -i,o,,,secret.,secret.,,secret.,,,,,,3|4
secret.,secretarius,Sekretär,siehe secr.,,,,,,,,,,,,,,3|4
sed.,sedes,Sitz; (Bischofs-)Thron,,sed -is,konsonantisch,,sed.,sed.,sed.,sed.,sed.,sed.,sed.,sed.,,,2|3|4|5|6|7|8|9|10
sed. ap.,sedes apostolica,,,sed -is apostolic -(a)e,konsonantisch und a,,,sed. ap.,sed. ap.,sed. ap.,sed. ap.,sed. ap.,sed. ap.,sed. ap.,,,3|4|5|6|7|8|9|10
sen.,senior,der ältere,,senior -is,konsonantisch,,sen.,sen.,sen.,sen.,sen.,sen.,sen.,sen.,,,2|3|4|5|6|7|8|9|10
sent.,sententia,"Spruch, Urteil",,sententi -(a)e,a,sent.,sent.,,,sent.,sent.,sent.,sent.,sent.,,,1|2|3|4|5|6|7|8|9|10
sept.,september,September,,septembr -is,konsonantisch,sept.,sept.,sept.,sept.,sept.,sept.,sept.,sept.,sept.,,,1|2|3|4|5|6|7|8|9|10
sepult.,sepultura,,,sepultur -(a)e,a,,,sepult.,,,sepult.,,,,,,3|6
serv.,servire,,"6,7,8 (+serviens)","serv, serviv, servit",i-Konj.  ,serv.,serv.,serv.,serv.,serv.,serv.,serv.,serv.,serv.,,,1|2|3|4|5|6|7|8|9|10
serv.,servitium,"Dienst; Servitium (Zahlung an Papst, Kardinäle und Kuriale",,serviti -i,o (n.),serv.,serv.,serv.,serv.,serv.,serv.,serv.,serv.,serv.,,,1|2|3|4|5|6|7|8|9|10
serv. commun.,servitium commune,allgemeines Servitium,,serviti -i commun -is,o (n.) und konsonantisch (n.),,,,,,,,,serv. commun.,,,9|10
serv. min.,servitia minuta,kleine Servitien (an Kuriale),,serviti -orum minut -orum,beide o (n.),serv. min.,,min. serv.,serv. min.; min. serv.,min. serv.,serv. min.,minuto serv.,min. servit.,serv. min.; minuti/a serv.; min. servitiorum; minuto servitiis,,,1|4|6|9|10
servit.,servitium,"Dienst; Servitium (Zahlung an Papst, Kardinäle und Kuriale",siehe serv.  ,,,,,,,,,,,,,,2|3|8
servit.,servitium,"Dienst; Servitium (Zahlung an Papst, Kardinäle und Kuriale",,serviti -i,o (n.),,,,,,,,servit.,,,,2|3|8
sign.,(sola) signatura,"(es genügt die päpstl.) Signatur (auf der Supplik, keine Ausstellung einer Bulle erforderlich)",,signatur -(a)e,a,,,,,,,,sign.,sign.,,,8|9|10
sine dat.,sine dato/a;,,"in 3,5,6,8 laut Abk-Verz.",,,,,,,,,,,sine dat.,,,9|10
singul.,singuli,,3.6,singul -orum,o,,,singul.,,,,,,,,,3|4
singul.,singuli,,siehe sing.,,,,,,,,,,,,,,3|4
soc.,societas,,,societat -is,konsonantisch,,,,,,,,,,,,3|4|5|6|7|8|9|10
soc.,socius;,"Teilhaber, (Handels-)Gesellschaft",,soci -i,o,,,soc.,soc.,soc.,soc.,soc.,soc.,soc.,,,3|4|5|6|7|8|9|10
sol.,solidus,Schilling (Münze),"sol. in 1,2 nicht für solidus, sondern solutio, solutus",solid -i,o,sol.,sol.,sol.,sol.,sol.,sol.,sol.,sol.,sol.,,,1|2|3|4|5|6|7|8|9|10
sol.,solutio,,"in 1,2",solution -is,konsonantisch,,,,,,,,,,,,1|2|3|4|5|6|7|8|9|10
sol.,solutio;,Zahlung;,"sol. 1,2",solution -is,konsonantisch,sol.,sol.,,,,,,,,"möglicherweise auch in anderen Bänden außer 1,2 Abk. ""sol."" für ""solutio, solutus"" verwendet",,1|2|3|4|5|6|7|8|9|10
sol.,solutus,,"in 1,2 ",solut -i,o (Adj.),,,,,,,,,,,,1|2|3|4|5|6|7|8|9|10
sol.,solvere,bezahlen,laut Abk-Verz. in 2 auch sol. ,"solve, solv, solut",konsonantische Konj.,,sol.,,,,,,,,"möglicherweise auch in 1 oder anderen Bänden Abk. ""sol."" für ""solvere"" verwendet",,1|2|3|4|5|6|7|8|9|10
solemn.,solemnis,,,solemn -is,konsonantisch/gemischt?,,,solemn.,,,,,,,,,3
solit.,solitus,,,solit -i,o,,,,solit.,,solit.,,,,,,4|6
solut.,solutio;,Zahlung;,"sol. 1,2",solution -is,konsonantisch,,solut.,solut.,solut.,solut.,solut.,solut.,solut.,solut.,"möglicherweise auch in anderen Bänden außer 1,2 Abk. ""sol."" für ""solutio, solutus"" verwendet",,2|3|4|5|6|7|8|9|10
solut.,solutus,bezahlt,,solut -i ,o (Adj.),,,,,,,,,,,,2|3|4|5|6|7|8|9|10
solv.,solvere,bezahlen,laut Abk-Verz. in 2 auch sol. ,"solve, solv, solut",konsonantische Konj.,,solv.,solv.,solv.,solv.,solv.,solv.,solv.,solv.,"möglicherweise auch in 1 oder anderen Bänden Abk. ""sol."" für ""solvere"" verwendet",,2|3|4|5|6|7|8|9|10
spect.,"spectare, spectans",,"1,2,3,6 ","spect, spectav, spectat",a-Konj.,spect.,,spect.,spect.,,spect.,,,,,,1|3|4|6
spir.,spiritualia,den geistlichen Bereich Betreffendes,,spiritual -ium,i (Adj.),,,,,,,,,,,,5|10
spir.,spiritualis;,geistlich;,,spiritual -is,i (Adj.),spir.,spir.,spir.,spir.,spir.,spir.,spir.,spir.,spir.,,,5|10
spirit.,spiritualia,den geistlichen Bereich Betreffendes,,,,,,,,,,,,,,,1|2|3|4|5|6|7|8|9
spirit.,spiritualis;,geistlich;,,spiritual -is,i (Adj.),,spirit.,,,,spirit.,,,,,,1|2|3|4|5|6|7|8|9
spirit.,spiritualis;,geistlich;,siehe spir.,,,,,,,,,,,,,,1|2|3|4|5|6|7|8|9
SS.,sancti (Plural),die heiligen,siehe ss.,,,,,,,,,,,,,,1|2|4|5|6
SS.,sancti (Plural),die heiligen,,sanct -orum,o,SS.,,,,,,,,,,,1|2|4|5|6
ss.,sancti (Plural),die heiligen,,sanct -orum,o,ss.,ss.,ss.,ss.,ss.,ss.,ss.,ss.,ss.,,,1|2|3|4|5|6|7|8|9|10
statut.,statuta/um,,,statut -(a)e/-i,a/o,,,statut.,statut.,statut.,,,,statut.,,,3|4|5|9
stud.,studere;,studieren;,,"stude, studu, -",e-Konj.,,stud.,,stud.,stud.,stud.,stud.,stud.,stud.,,,2|4|5|6|7|8|9|10
stud.,studium,Studium; Universität,,studi -i,o (n.),,,,,,,,,,,,2|4|5|6|7|8|9|10
sub dat.,sub data,,in 5 laut Abk-Verz    ,,,,,,,,,,,sub dat.,,,9|10
sub eodem dat.,sub eodem dato/sub eadem data,,,,,,,,,,,,,sub eodem dat.,,,9|10
sub expect. preb.,sub expectatione prebende,,"1,2,3,4,6,7 v.a. in can. s. e. p.; in 3 auch: s. e. p. et d. (=et dignitas)",,,,,,,sub expect. preb.,,,sub expect. preb.,sub expect. preb.,,,1|2|3|4|5|6|7|8|9
sub prima dat.,sub prima data/sub primo dato,,in 5 laut Abk-Verz    ,,,,,,,,,,,sub prima dat.,,,9
subcollect.,subcollector/succollector,Subkollektor,,subcollector -is/succollector -is,konsonantisch,,,subcollect.,,,subcollect.,subcollect.,subcollect.,subcollect.,,,9|10
subdiac.,subdiaconus,Subdiakon,,subdiacon -i,o,subdiac.,subdiac.,subdiac.,subdiac.,subdiac.,subdiac.,subdiac.,subdiac.,subdiac.,,,1|2|3|4|5|6|7|8|9|10
subdiacon.,"subdiaconatus, subdiaconia",Weihegrad; Amt des Subdiakons,,subdiaconat -us,u,,,subdiacon.,subdiacon.,subdiacon.,subdiacon.,subdiacon.,subdiacon.,subdiacon.,,,3|4|5|6|7|8|9|10
subiect.,subiectus,,,subiect -i,o (Adj.),,subiect.,subiect.,,,,,,,,,2|3
subrog.,subrogare,(in die Rechte eines anderen) eingesetzt werden;,siehe surrog.,,,,,,,,,,,,,,2|3
subrog.,subrogatio,(Rechts-)Nachfolge,,,,,,,,,,,,,,,2|3
subrog.,surrogare;,(in die Rechte eines anderen) eingesetzt werden;,,"surrog, surrogav, surrogat",a-Konj.,,subrog.,subrog.,,,,,,,,,2|3
subsid.,subsidium,,,subsidi -i,o (n.),,subsid.,subsid.,,,,,,,,,2|3
subsid. car.,subsidium caritatis/ivum,,,,,,subsid. car.,,,,,,,,,,2
subsid. carit.,subsidium caritatis/ivum,,,,,,,subsid. carit.,,,,,,,,,2|3
subsid. carit.,subsidium caritatis/ivum,,siehe subsid. car.,,,,,,,,,,,,,,2|3
succoll.,subcollector/succollector,Subkollektor,,subcollector -is/succollector -is,konsonantisch,,,,succoll.,,,,,,,,4
succollect.,subcollector/succollector,Subkollektor,,subcollector -is/succollector -is,konsonantisch,,succollect.,,succollect.,succollect.,succollect.,succollect.,succollect.,,,,2|3|4|5|6|7|8|9
succollect.,succollector,Subkollektor,siehe subcollect.,,,,,,,,,,,,,,2|3|4|5|6|7|8|9
succust.,subcustos/succustos,,,subcustod -is/succustod -is,konsonantisch,,succust.,,succust.,,succust.,,,,,,2|4|6|8
succust.,succustos,,siehe subcust.,,,,,,,,,,,,,,2|4|6|8
succustod.,subcustodia/succostodia,,,subcustodi -(a)e/succustodi -(a)e,a,,succustod.,succustod.,,,,,,,,,2|3|4|6
succustod.,succustodia,,siehe subcustod.,,,,,,,,,,,,,,2|3|4|6
suffrag.,suffraganeus,"Suffragan, Weihbischof",,suffragane -i,o,suffrag.,suffrag.,,suffrag.,,suffrag.,suffrag.,suffrag.,,,,1|2|4|6|7|8|10
sup.,super;,über,,,,,sup.,,sup.,sup.,sup.,sup.,sup.,sup.,,,2|4|5|6|7|8|9|10
sup.,superior,,in 6 laut Abk-Verz.,superior -is,konsonantisch,,,,,,,,,,,,2|4|5|6|7|8|9|10
suplic.,supplicatio,"Bitte, Bittschrift",,supplication -is,konsonantisch,,,,suplic.,,,,,,,,4
suppl.,supplicare,bitten; eine Bittschrift einreichen,siehe supplic.,,,,,,,,,,,,,,1|4|6
suppl.,supplicare;,bitten; eine Bittschrift einreichen;,,"supplic, supplicav, supplicat",a,suppl.,suppl.,,suppl.,,suppl.,,,,,,1|4|6
suppl.,supplicatio,"Bitte, Bittschrift",,supplication -is,konsonantisch,suppl.,suppl.,,suppl.,,suppl.,,,,,,1|4|6
suppl.,supplicatio,"Bitte, Bittschrift",,,,,,,,,,,,,,,1|4|6
supplem.,supplementum,,,supplement -i,o (n.),supplem.,supplem.,supplem.,supplem.,supplem.,,,,,,,1|2|3|4|5
supplic.,supplicare;,bitten; eine Bittschrift einreichen;,,"supplic, supplicav, supplicat",a,,supplic.,supplic.,supplic.,supplic.,,supplic.,supplic.,supplic.,,,1|2|3|4|5|6|7|8|9|10
supplic.,supplicatio,"Bitte, Bittschrift",,supplication -is,konsonantisch,,supplic.,supplic.,supplic.,supplic.,,supplic.,supplic.,supplic.,,,1|2|3|4|5|6|7|8|9|10
supplicat.,supplicatio,"Bitte, Bittschrift",siehe supplic.,,,,,,,,,,,,,,7|9|10
supplicat.,supplicatio,"Bitte, Bittschrift",,supplication -is,konsonantisch,,,supplicat.,,,,,,,,,7|9|10
suprad.,supradictus,,,supradict -i,o (Adj.),,,,suprad.,suprad.,,,suprad.,,,,4|5|8
surr.,surrogare;,(in die Rechte eines anderen) eingesetzt werden;,,"surrog, surrogav, surrogat",a-Konj.,,,,,,surr.,,,,,,6
surrog.,surrogare;,(in die Rechte eines anderen) eingesetzt werden;,,"surrog, surrogav, surrogat",a-Konj.,surrog.,surrog.,surrog.,surrog.,surrog.,,surrog.,surrog.,surrog.,,,1|2|3|4|5|7|8|9|10
surrog.,surrogatio,(Rechts-)Nachfolge,,surrogation -is,konsonantisch,,,,,,,,,,,,1|2|3|4|5|7|8|9|10
suspens.,suspensio,,1,suspension -is,konsonantisch,suspens.,,suspens.,,,,,,,,,1|3
t.,?,,"1,2 in t. gr.; siehe t. gr.",,,,,,,,,,,,,,2|8|9|10
T.,Turonensis,Turnosen (Münze),kommt ausgeschrieben nicht vor,,,,,,,,T.,T.,,T.,"in Bd. 1,2,3 nicht verwendet, ansonsten zu viele Treffer, daher nicht feststellbar, ob T. auch in Bd. 4,5,8 verwendet wird.",,1|2|3|4|5|6|7|8|9|10
t.,tempus,,4 in e. t.; siehe e. t.,tempor -is,konsonantisch (n.),t.,t.,,t.,,,,,,,,2|8|9|10
t.,tempus;,Zeit,t. in 4 (in e. t.),tempor -is,konsonantisch (n.),,,,t.,,,,,,,,2|8|9|10
tab.,tabellionatus,Notariat,,tabellionat -us,u,,tab.,,tab.,tab.,tab.,tab.,tab.,tab.,,,1|2|3|4|5|6|7|8|9|10
tab. off.,tabellionatus officium ?,,,,,,,,,tab. off.,,,tab. off.,,,,1|3|5
temp.,temporalia,,in Bd. 1 laut Abk-Verz.,,,,,,,,,,,,,,1|3|4|5|7|8|9|10
temp.,temporalis,,7; in 1 temp. = temporalia laut Abk-Verz.,temporal -is,i (Adj.),temp.,,,,,,,,,"möglicherweise auch in anderen Bänden außer 1 ""temp."" = temporalis/ia",,1|3|4|5|7|8|9|10
temp.,tempus;,Zeit,t. in 4 (in e. t.),tempor -is,konsonantisch (n.),temp.,,temp.,,temp.,,temp.,temp.,temp.,,,1|3|4|5|7|8|9|10
temporal.,temporalis,,7; in 1 temp. = temporalia laut Abk-Verz.,temporal -is,i (Adj.),,,,temporal.,,,,temporal.,,"möglicherweise auch in anderen Bänden außer 1 ""temp."" = temporalis/ia",,4|8
term.,terminus,"Termin, Zeitpunkt",,termin -i,o,,,term.,,term.,term.,term.,term.,term.,,,3|5|6|7|8|9|10
test.,testare;,,,"test, testav, testat",a-Konj.,,test.,test.,test.,test.,test.,test.,test.,test.,,,2|3|4|5|6|7|8|9
test.,testimonialis,,in Bd. 4; siehe testim.,testimonial -is,i (Adj.),,,,,,,,,,,,2|3|4|5|6|7|8|9
test.,testimonialis,,in 4 auch test.,testimonial -is,i (Adj.),,,,test.,,,,,,"möglicherweise auch in anderen Bänden außer 4 ""test."" für ""testimonialis"" verwendet",,2|3|4|5|6|7|8|9
test.,testis;,,,test -is,gemischt,,,,,,,,,,,,2|3|4|5|6|7|8|9
testim.,testimonialis,,in 4 auch test.,testimonial -is,i (Adj.),,testim.,,testim.,testim.,testim.,testim.,testim.,testim.,"möglicherweise auch in anderen Bänden außer 4 ""test."" für ""testimonialis"" verwendet",,9|10
theol.,theologia,Theologie,,theologi -(a)e,a,theol.,theol.,theol.,theol.,theol.,theol.,theol.,theol.,theol.,,,1|2|3|4|5|6|7|8|9|10
thes.,thesaurarius,"Amt des Thesaurars, Schatzmeisters",,thesaurari -i,o,,thes.,,thes.,thes.,thes.,thes.,thes.,thes.,"nicht auszuschließen, dass nicht auch in anderen Bänden außer 1 und 3 ""thesaur."" oder auch überhaupt ""thesaurar."" als Abk. für ""thesaurarius"" verwendet werden",,10
thesaur.,thesauraria,Amt des Thesaurars,,thesaurari -(a)e,a,,thesaur.,thesaur.,thesaur.,thesaur.,thesaur.,thesaur.,thesaur.,thesaur.,,,1|2|3|4|5|6|7|8|9|10
thesaur.,thesaurarius,"Amt des Thesaurars, Schatzmeisters",,thesaurari -i,o,,,thesaur.,,,,,,,"nicht auszuschließen, dass nicht auch in anderen Bänden außer 1 und 3 ""thesaur."" oder auch überhaupt ""thesaurar."" als Abk. für ""thesaurarius"" verwendet werden",,1|2|3|4|5|6|7|8|9|10
thesaur.,thesaurarius,"Amt des Thesaurars, Schatzmeisters",in Bd. 3,,,,,,,,,,,,,,1|2|3|4|5|6|7|8|9|10
tit.,titularis,Titel-,,titular -is,konsonantisch/gemischt?,,,,,,,,,,,,1|2|3|4|5|6|7|8|9|10
tit.,titulus;,Titel(-kirche eines Kardinals);,,titul -i,o,tit.,tit.,tit.,tit.,tit.,tit.,tit.,tit.,tit.,,,1|2|3|4|5|6|7|8|9|10
trans.,translatio;,Übertragung; Versetzung;,translat.,translation -is,konsonantisch,,,,,trans.,trans.,trans.,trans.,trans.,,,2|4|5|6|7|8|9|10
transf.,transferre,,"1; transfer. 2,3,5,6,8","transfer, transtul, translat",,transf.,,transf.,,,transf.,,,,,,1|2|3|5|6|7|8
transgr.,transgredi;,,3,"transgred, transgress",halbkonsonantische Konj.,,,transgr.,,,transgr.,,,,,,3|6
transgr.,transgressus,,3,transgress -i,o (Adj.),,,,,,,,,,,,3|6
transl.,translatio;,Übertragung; Versetzung;,translat.,translation -is,konsonantisch,,transl.,transl.,transl.,,,,,,,,2|3|4|5|6|7|8|9|10
transl.,translatus,übertragen; versetzen,,translat -i,o (Adj.),,,,,,,,,,,,2|3|4|5|6|7|8|9|10
Tur.,Turonensis,Turnosen (Münze),kommt ausgeschrieben nicht vor,,,,,,,Tur.,,,Tur.,,"in Bd. 1,2,3 nicht verwendet, ansonsten zu viele Treffer, daher nicht feststellbar, ob T. auch in Bd. 4,5,8 verwendet wird.",,5
Tur.,Turonensis,Turnosen (Münze),siehe T.,,,,,,,,,,,,,,5
unac.,unacum,zusammen mit,,,,,unac.,,unac.,unac.,unac.,unac.,unac.,unac.,,,2|5|6|7|8|9|10
Ung.,Ungaricalis (fl.),ungarischer (Gulden),,,,,,,,,,,,Ung.,,,9|10
univ.,universitas,"Universität, Gesamtheit (der Bürger)","univers. 5, 8; in 8 univ. nur für Universität",universitat -is,konsonantisch,univ.,univ.,univ.,univ.,univ.,univ.,univ.,univ.,univ.,,,1|2|3|4|5|6|7|8|9|10
univers.,universitas,"Universität, Gesamtheit (der Bürger)","univers. 5, 8; in 8 univ. nur für Universität",universitat -is,konsonantisch,,univers.,,univers.,univers.,,,univers.,,,,5|8
univers.,universitas,"Universität, Gesamtheit (der Bürger)",siehe univ.,,,,,,,,,,,,,,5|8
ususfruct.,ususfructus,,nur in 8,,,,,,,,,,ususfruct.,,,,8
utr.,uterque,,"4; in der Form utriusque in 2,3,5",,,,,,,,,,,,,,2|3|4|5|6|7|8|9|10
utr.,utrius;,"beider, in beiden (Rechten);",,,,,utr.,utr.,utr.,utr.,utr.,utr.,utr.,utr.,,,2|3|4|5|6|7|8|9|10
utr.,utroque,von beiden (Elternteilen her),,,,,,,,,,,,,,,2|3|4|5|6|7|8|9|10
ux.,uxor,(Ehe-)Frau,,uxor -is,konsonantisch,ux.,ux.,,,ux.,ux.,ux.,ux.,ux.,,,1|2|5|6|7|8|9|10
v.,vide,,"1,6; und 6 auch: c.v.s.c.; siehe entsprechenden Eintrag",,,v.,,,,,v.,,,,,,1|2|3|4|5|6|7|8|9|10
v.,virgo,Jungfrau,in 4 auch v.,virgin -is,konsonantisch,,,,v.,,,,,,,,1|2|3|4|5|6|7|8|9|10
v.,virgo;,,4; siehe auch virg.,virgin -is,konsonantisch,,,,v.,,,,,,,,1|2|3|4|5|6|7|8|9|10
vac.,vacare,"frei, vakant sein",,"vac, vacav, vacat",a-Konj.,vac.,vac.,vac.,vac.,vac.,vac.,vac.,vac.,vac.,,,1|2|3|4|5|6|7|8|9|10
vac.,vacatio,,"5,6,8",vacation -is,konsonantisch,vac.,vac.,vac.,vac.,vac.,vac.,vac.,vac.,vac.,"möglicherweise auch Akb. ""vacat."" für ""vacatio"" verwendet, doch wegen der großen Trefferzahl nicht nachzuprüfen; nach Stichproben aber eher unwahrscheinlich",,1|2|3|4|5|6|7|8|9|10
vacat.,vacaturus,"künftig frei, vakant",,vacatur -i,o (Adj.),,vacat.,vacat.,vacat.,vacat.,vacat.,vacat.,vacat.,vacat.,,,1|2|3|4|5|6|7|8|9|10
val.,(perinde) valere;,(dieselbe) Geltung haben (als ob );,,"vale, valu, -",e-Konj.,,,,,val.,,val.,val.,val.,,,5|6|7|8|9|10
val.,valor,Wert,,valor -is,konsonantisch,,,,,,,,,,,,5|6|7|8|9|10
vic.,vicarius,"Vikar, Stellvertreter",,vicari -i,o,,vic.,vic.,vic.,vic.,vic.,vic.,vic.,vic.,,,2|3|4|5|6|7|8|9|10
vicar.,vicaria,"Vikarie, Meßpriesterstelle",,vicari -(a)e,a,,vicar.,vicar.,vicar.,vicar.,vicar.,vicar.,vicar.,vicar.,,,2|3|4|5|6|7|8|9|10
vid.,vidua,,,vidu -(a)e,a,,,,,,vid.,,,,,,6
vig.,vigor,,"Bd. 6,8",,,,,,,,,,,,,,5|6|7|8|9|10
vig.,vigore,kraft,"vigor in Bd. 6,8",vigor -is,konsonantisch,,,,,vig.,vig.,vig.,vig.,vig.,,,5|6|7|8|9|10
virg.,virgo,Jungfrau,in 4 auch v.,virgin -is,konsonantisch,virg.,virg.,,virg.,virg.,virg.,virg.,virg.,virg.,,,1|2|4|5|6|7|8|9|10
visit.,visitare;,besuchen; kontrollieren;,,"visit, visitav, visitat",a-Konj.,visit.,visit.,,visit.,visit.,visit.,visit.,visit.,visit.,,,1|2|4|5|6|7|8|9|10
visit.,visitatio,Besuch; Rechenschaftslegung der Bischöfe,,visitation -is,konsonantisch,,,,,,,,,,,,1|2|4|5|6|7|8|9|10
vulg.,vulgariter,"gewöhnlich, sonst; in der Volkssprache",,,,vulg.,vulg.,vulg.,vulg.,vulg.,vulg.,vulg.,vulg.,vulg.,,,1|2|3|4|5|6|7|8|9|10
