Abkürzung,Auflösung,Übersetzung,Anmerkungen,Wortstamm,Deklination,RG1,RG2,RG3,RG4,RG5,RG6,RG7,RG8,RG9,Bemerkungen,Bemerkungen
a.,argentum,Silber,,argent -i,o (n.),,,,,arg.,a.,a.,arg.,a.,,meist in Verbindung m. a. p.; m. arg. p.
,annus,Jahr,siehe an.,ann -i,o ,,,,,,,,,,,
,?,,,,,,a. (Bd. II 25),,,,,,,,,
abb.,abbas,Abt,,abbat -is,konsonantisch (m.),abb.,abb.,abb.,abb.; 1x abbas,abb.,abb.,abb.,abb.,abb.,,
abba.,abbatissa,Äbtissin,,abbatiss -(a)e,a ,abba.; abbatissa,abba.,abbat.; abbatissa,abba.,abba.,abba.,abba.,abba.,abba.,,
abbam.,abbatissam,Akk. Sg. von abbatissa: Äbtissin,,abbatiss -(a)e,a ,abbatissam,abbam.,abbatissam,abb.; abbatissam,abbam.,,,,abbatissam,,"wo nicht benutzt, wahrscheinlich Abk. ""abba."" verwendet"
abbat.,abbatia,Abtei; Stelle/Amt des Abtes,,abbati -(a)e,a,abbat.; abbatia,abbatia,abbat.; abbatia,abbatia,abbat.; abbatia,abbat.,abbat.; abbatia,abbat.; abbatia,abbat.; abbatia,,
,abbatissa,Äbtissin,Bd. 3 ,,,,,,,,,,,,,
abbe.,abbatisse,Gen./Dat. Sg. + Nom. Pl. von abbatissa: Äbtissin,,abbatiss -arum,a,abbe.,abbe.; abbatisse,,abbe.; abbatisse,abbe.; abbatisse,,abbe.,,,,
abb. etc.,abbas et conventus,Abt und Konvent,,abbat -is; convent -us,konsonantisch/u,abb. etc.; abb. et conv. ,abb. etc.; abb. et. conv. ,abb. et. conv. ,abb. etc.; abb. et. conv. ,abb. etc.; abb. et. conv. ,abb. etc.; abb. et. conv. ,abb. etc.,abb. etc.; abb. et. conv. ,abb. etc.; abb. et. conv. ,,
abb. et. conv.,abbas et conventus,Abt und Konvent,,,,,,,,,,,,,,
abbr.,litterarum apostolicarum abbreviator,"Abbreviator, Abfasser von Konzepten in der päpstlichen Kanzlei",,,,,,,,,,,,,,
abbrev.,litterarum apostolicarum abbreviator,"Abbreviator, Abfasser von Konzepten in der päpstlichen Kanzlei",,abbreviator -is,konsonantisch,abbrev.; abbreviator,abbrev.,abbr.,abbrev.; abbr.; abbreviator,abbrev.; abbreviator,abbrev.,abbrev.,abbrev.,abbrev.; abbreviator,,
abol.,abolere;,tilgen; abschaffen;,,"abole, abolev, abolit",e-Konj.,abolitio,,abol.,abolitio,abolitio,abol.,abol.,abol.,abol.; abolire,,
,abolitio,Tilgung,,abolition- is,konsonantisch,,,,,,,,,,,
absol.,absolvere;,lossprechen;,,"absolv, absolv, absolut",konsonantische Konj.,absol.; absolv.; absolvere,absol.; absolutio; absolvere,absol.,absol.; absolv.; absolutio; absolvere,absol.; absolutio; absolvere,absol.; absolv.; absolvere,absol.; absolvere,absol.; absolv.; absolvere,absol.; absolutio; absolvere,,
,absolutio,Absolution,,absolution -is,konsonantisch,,,,,,,,,,,
absolv.,absolvere ,lossprechen ,,,,,,,,,,,,,,
acc.,accipere,"empfangen, erhalten",,"accipi, accep, accept",konsonantische Konj.,acceptare; accipere,acc.; accip.; acceptare; accipere,acceptare; acceptatio; accipere,acc.; accept.; acceptare; acceptatio; accipere,acc.; acceptare; acceptatio; accipere,acc.; acceptare; accipere,acc.; acceptare; acceptatio; accipere,acc.; acceptare; acceptatio; accipere,acc.; acceptare; acceptatio; accipere,,
,acceptare,,,"accept, acceptav, acceptat",a-Konj.,,,,,,,,,,,
,acceptatio,Annahme,,acceptation -is,konsonantisch,,,,,,,,,,,
,acceptus,,,accept,o (Adj.),,,,,,,,,,,
accept.,acceptare,,,,,,,,,,,,,,,
,acceptatio,Annahme,,,,,,,,,,,,,,
,acceptus,,,,,,,,,,,,,,,
accip.,accipere,"empfangen, erhalten",,,,,,,,,,,,,,
acol.,acolitus,"Akoluth, Geistlicher mit der höchsten der niederen Weihen",,acolit(h) -i; acolut -i,o,acolitus,acol.; acolit(h)us,acolit.; acolitus; acolutus,acol.; acolitus,acol.,acol.,acol.,acol.; acolitus,acol.; acolitus; acolutus,,
acolit.,acolitatus,"Weihegrad, Amt des Akoluth","in RG 3 steht ""acolit."" nicht für ""acolitatus"", sondern für ""acolitus""",acolitat -us,u,,,,acolit.,acolit.,acolit.,acolit.,acolit.,acolit.,,
,acolitus,"Akoluth, Geistlicher mit der höchsten der niederen Weihen",Bd. 3 ,,,,,,,,,,,,,
adc.,auri de camera (fl. vel duc.),"Kammergulden, Dukaten",,,,,,,,adc.,auri de cam.,adc.,adc.,adc.,,
add. (ment.),addendo (mentionem),,,,Gerundium,,add. (ment.),,add. (ment.),,,,,,,
adh.,adherens; adherentes,,,adherent -is,gemischt,adh.; adher.; adherens; adherentes,adher.; adherens; adherentes,adh.,adherens; adherentes,adherens; adherentes,adher.; adherens; adherentes,adherens; adherentes,adherens; adherentes,adherens; adherentes,,
adher.,adherens; adherentes,,,,,,,,,,,,,,,
adhes.,adhesio,,,adhesion -is,konsonantisch,adhesio,adhesio,,,adhes.,adhesio,,adhesio,,,
adiudic.,adiudicare,,,adiudic,a-Konj.,,adiudic.; adiudicare,,adiudicare,adiudicare,adiudicare,,adiudicare,,,
adm.,admittere;,zulassen;,,"admitt, admis, admiss",konsonantische Konj.,admissio; admittere,admittere,admittere,admissio; admittere,adm.; admissio; admittere,admissio; admittere,adm.; admittere,adm.; admissio; admittere,adm.; admissio; admittere,,
,admissio,Zulassung,,admission -is,konsonantisch,,,,,,,,,,,
admin.,administrare;,verwalten;,,"administr, administrav, administrat", a-Konj.,administrare; administrator,administrare; administrator,admin.; administr.; administrat.; administrare; administrator,admin.; administ.; administr.; administrare; administrator,admin.; administrare; administrator,admin.; administratrix,admin.,admin.; administrare; administrator,admin.; administrare; administrator,,
,administratio;,Verwaltung,,adiministration -is,konsonantisch,,,,,,,,,,,
,administrator,"Verwalter, (Bistums-)Verweser",,administrator -is,konsonantisch,,,,,,,,,,,
advoc.,advocare; ,,,"advoc, advocav, advocat",a-Konj.,advocatus,advocatus,advocatus,advoc.; advocare; advocatus,advocare; advocatus,advocatus,advocare; advocatus,advoc.; advocatus,advocare; advocatus,,
,advocatus,,,advocat -i,o,,,,,,,,,,,
aep.,archiepiscopus,Erzbischof,,archiepiscop -i,o,aep.,aep.; archiep.; archiepiscopus,aep.,aep.,aep.,aep.,aep.,aep.,aep.; archiepiscopus,,
aep. etc.,"archiepiscopus, prepositus, decanus et canonici","Erzbischof, Propst, Dekan und die Kanoniker",,,,aep. etc.; aep. et cap.,aep. etc.; aep. et capit.,aep. et capit.,aep. etc.; aep. et capit.,aep. etc.; aep. et capit.,aep. etc.,aep. etc.; aep. et prep. etc.,aep. etc.,aep. etc.; aep. et capit.; aep. et eccl.,,
aepisc.,archiepiscopalis,erzbischöflich,,archiepiscopal -is,i-Dekl. (Adj.),aepisc.,archiepiscopalis,aepisc.,,aepisc.,aepisc.,aepisc.,aepisc.,aepisc.; archiepiscopalis,,
aff.,affinitas,,,,,,,,,,,,,,,
affin.,affinitas,,,affinitat -is,konsonantisch,affin; aff.,affinitas,affin.,affinitas,affinitas,,affinitas,affinitas,affinitas,,
aggrav.,aggravare;,,,"aggrav, aggravav?, aggravat",a-Konj.,aggravatio,aggrav.; aggravare,aggrav.; aggravare,aggravare; aggravatio,aggravare; aggravatio,aggrav.,aggravare,aggravare,aggravare; aggravatio,,
,aggravatio,,,aggravation -in,konsonantisch,,,,,,,,,,,
al.,alius;,der andere;,,ali -us,"o (Adj.) aber unregelmäßig: Gen. alius, Dat. alii",alius; alias,al.; alius; alias,al.; alius,al.; alius; alias,al.; alius; alias,al.; alius,al.; alius,al.; alius; alias,al.; alius; alias,,
,alias,sonst auch ... (genannt),,,,,,,,,,,,,,
alt.,altare,Altar,,altar -is,konsonantisch (n.),alt.; altare,alt.; altare,alt.; altare,alt.; altare,alt.; altare,alt.,alt.,alt.; altare,alt.; altare,,
alt. port.,altare portatile,Tragaltar,,portatil -is,i-Dekl. (Adj.) (n.),alt. port.; altare port.,alt. port.,alt. port.,alt. port.,alt. port.,alt. port.,alt. port.,alt. port.,alt. port.,,
an.,annus,Jahr,,ann -i,o,a.; annus,annus,a.; an.; annus,annus,an.; annus,an.; annus,an.; annus,an.; annus,an.; annus,,
ann.,annuus,jährlich,"ann. steht in Bd. 4 und 5 laut Abk.-Verzeichnis NICHT für ""annuus"", sondern für ""annata"", in Bd. 6 für beides, doch ist die Verwendung für ""annuus"" nicht auszuschließen",annu -i,o (Adj.),annuus,ann.; annuus,annuus,annuus; ann. ?,annuus; ann. ?,ann.; annuus,ann. ,ann.; annuus,ann.; annuus,,
annat.,annata,"Jahresertrag; Gebühr, berechnet aufgrund des Jahresertrages",,annat -(a)e,a,annata,annata,annat.; annata,ann.; annata,ann.,ann.,ann. ,annat.,annat.; annata,,"""ann."" ist für RG 7 NICHT als Abkürzung für ""annata"" aufgeführt, doch wohl benutzt, da ausgeschrieben ""annat*"" nicht verwendet wurde; nicht auszuschließen, dass ""ann."" möglicherweise auch in den Bd. 3, 8, 9 für ""annata"" verwendet wurde"
Ap.,Apostolus,Apostel,siehe ap.,,,,,,,,,,,,,
ap.,apostolicus,apostolisch; päpstlich,,apostolic(h) -i,o/a (Adj.),ap.; apost.; apostolicus,ap.; apost.,ap.,ap.,ap.; apostolicus,ap.; apostolichus,ap.,ap.; apostlicus,ap.; apostolicus,,
ap. sed.,apostolica sedes,,siehe sed. ap.,,,,,,,,,,,,,
apl.,apostolus,Apostel,,apostol -i,o,Ap. ,apost.; Apost.; apostolus,Apost.; apostolus,apl.; apost.,apostolus,apl.,apl.,apl.,apl.; apostolus,,
Apost.,Apostolus,Apostel,siehe apl.,,,,,,,,,,,,,
apost.,apostolicus,apostolisch; päpstlich,siehe apl.,,,,,,,,,,,,,
appl.,apostoli (Plural),die Apostel,,apostol -orum,o,,,,appl.,appl.,appl.,appl.,appl.,appl.,,"in den Bd. 1, 2, 3 wahrscheinlich die selben Abk. wie für Sg. "
approb.,approbare;,billigen,,"approb, approbav, approbat", a-Konj.,,approbare; approbatio,approb.; approbare; approbatio,approbare; approbatio,approb.; approbare; approbatio,approb.,approb.,approb.; approbare; approbatio,approb.; approbare,,
,approbatio,Billigung,,approbation -is,konsonantisch ,,,,,,,,,,,
apr.,aprilis,April,,april -is,gemischt,apr.,apr.,apr.,apr.; april.,apr.; aprilis,apr.,apr.,apr.,apr.,,
april.,aprilis,April,siehe apr.,,,,,,,,,,,,,
archid.,archidiaconus,Erzdiakon,,archidiacon-i,o,archidiac.,archid.; archidiaconus,archidiac.,archid.; archidiac.; archidiaconus,archidiac.; archidiaconus,archid.,archid.,archid.; archidiaconus,archid.; archidiaconus,,
archidiac.,archidiaconatus,Amt/Stelle des Erzdiakons,"archidiac. in Bd. 1, 3, 4, 5 steht nicht für ""diaonatus"", sondern ""diaconus""",archidiaconat -us,u,archidiaconat.; archidiaconatus,archidiac.,archidiacon.,archidiacon.,archidiacon.,archidiac.; archidiacon.,archidiac.,archidiac.,archidiac.; archidiaconatus,,
,archidiaconus,Erzdiakon,"Bd. 1,3,4,5",,,,,,,,,,,,,
archidiacon.,archidiaconatus,Amt/Stelle des Erzdiakons,siehe archidiac.,,,,,,,,,,,,,
archiep.,archiepiscopus,Erzbischof,siehe aep.,,,,,,,,,,,,,
archipresb.,archipresbiter,Erzpriester,,archipresb[iy]ter -i,o,archipresb.,archipresb.,archipresb.,archipresb.,archipresb.; archipresbiter,archipresb.; archipresbiter,archipresb.,archipresb.; [Aa]rchipresbiter,archipresb.,,
archipresbit.,archipresbiteratus,Amt/Stelle des Erzpriesters,,archipresb[iy]terat -us,u,,archipresbyteratus,archipresbyt.,archipresbit.; archipresbyt.; archipresbiteratus,archipresbit.; archipresbiteratus,archipresbiteratus,archipresbit.,archipresbit.; archipresbiteratus,archipresbiteratus,,
archiprebyt.,archipresbyteratus,Amt/Stelle des Erzpriesters,siehe archipresbit.,,,,,,,,,,,,,
arg.,argentum,Silber,,argent -i,o,,,,arg.,arg.,arg.,arg.,arg.,arg.,,"nicht in Bd. 1, 2, 3; in Bd. 4 nur 1x; siehe auch a."
Arm.,?,,,,,,Arm.,Arm.,Arm.,Arm.,Arm.,Arm.,Arm.,Arm.,,
armig.,armiger,Knappe,,armiger -i,o,armiger,armig.; armiger,armig.,armig.; armiger,armig.; armiger,armig.,armig.,armig.; armiger,armig.; armiger,,
art.,artes,"Künste, Geisteswissenschaften, ",,art -ium,gemischt,,,,,,,,,,,
,articulus (v.a. in mort. art.),,,articul -i,o,art.; artes; articulus,art.; artes; articulus,art.; articulus,art.; articulus,art.; artic.; artes; articulus,art.,art.,art.; artic.; artes; articulus,art.; artes; articulus,,
artic.,articulus ,,siehe art.,,,,,,,,,,,,,
asad.,apud sedem apostolicam defunctus,,,,,,,,,,,asad.,,asad.,,
assec.,assecutio;,Erlangung (von Pfründen);,,assecution -is,konsonantisch,assecutio; assecutus,assecutio; assecutus,assec.; assecut.; assecutio,assec.; assecutus,assec.; assecutus,assec.,assec.,assec.; assecutus,assec.; assecutio; assecutus,,
,assecutus,erlangt,,assecut -i,o (Adj.),,,,,,,,,,,
assign.,assignare;,zuweisen;,,"assign, assignav, assignat",,assignare; assegnatio,assign; assignare; assignatio,assign; assignare; assignatio,assig.; assignare; assignatio,assign; assignare; assignatio,assign; assignare,assign; assignare,assign.; assignare,assign; assignare,,
,assignatio,Zuweisung,,assignation -is,konsonantisch,,,,,,,,,,,
auct.,auctoritas,Vollmacht,,auctoritat -is,konsonantisch,auctoritas,auct.,auct.,auct.; auctoritas,auct.; auctoritas,,auct.,auct.,auct.; auctoritas,,
aud.,auditor causarum sacri palatii apostolici,"Auditor, Rotarichter",,auditor -is,konsonantisch,auditor,aud.; auditor,audit.; auditor,aud.; auditor,aud.; audit.; auditor,aud.; audit.,aud.,aud.; auditor,aud.; auditor,,
audit.,auditor causarum sacri palatii apostolici,"Auditor, Rotarichter",siehe aud.,,,,,,,,,,,,,
aug.,augustus,August,,august -i,o,aug.,aug.,aug.,aug.; augustus,aug.; augustus,aug.,aug.,aug.,aug.,,
b.,beatus;,heilig,,beat -i,o/a (Adj.),b.,b.,b.,b.,b.,b. ,b.,b.,b.,,"b. für ""bulla"" nur in RG 4, in allen Bd. (inkl 4) sonst ausgeschrieben "
,bulla,Bulle,"v. a. in ""l. b.""; siehe dortigen Eintrag",bull -(a)e,a,,,,,,,,,,,
b. m.,bone memorie,,,,,,,,,,b. m.,,,,,
bb.,beati (Plural),die heiligen,,beat -orum/arum,o/a (Adj.),bb.,bb.,bb.,bb.,bb.,bb.,bb.,bb.,bb.,,
bac.,baccalaureus,Bakkalaureus (akademischer Grad),,baccalari -i; bacallari -i; baccalauri -i,o,bac.; bacal.; bacall.; baccal.; baccalarius; bacallarius,bac.,bac.,bac.,bac.; baccalaurius,bac.,bac.,bac.,bac.,,
bacal.,bacalaureus,Bakkalaureus (akademischer Grad),siehe bac.,,,,,,,,,,,,,
bacall.,bacallaureus,Bakkalaureus (akademischer Grad),siehe bac.,,,,,,,,,,,,,
baccal.,baccalaureus,Bakkalaureus (akademischer Grad),siehe bac.,,,,,,,,,,,,,
Bapt.,Baptista ,(Johannes) der Täufer,siehe bapt.,,,,,,,,,,,,,
bapt.,baptista;,(Johannes) der Täufer,,baptist -(a)e,a (m.!),Bapt.,bapt.,bapt.,bapt.,bapt.; Baptista,bapt.; Baptista,bapt.,bapt.,bapt.; Baptista,,
,baptismalis,,"in Bd. 6, 8",baptismal -is,i (Adj.),,,,,,,,,,,
bar.,baro,"Freiherr, Baron",,baron -is,konsonantisch,baro,bar.; baro,bar.; baro,bar.; baro,bar.; baro,bar.; baro,bar.; baro,bar.; baro,bar.; baro,,
baron.,baronia,,,baroni -(a)e,a,,baronia,baron.; baronia,baron.; baronia,baronia,,,baronia,,,
Barth.,Bartholomeus,Urbanus VI,1,Bartholome -i,o,,,,,,,,,,,
ben.,beneficium,Pfründe,siehe benef.,,,,,,,,,,,,,
ben. c. c.,beneficium cum cura,Pfründe mit Seelsorge,siehe benef. c. c.,,,,,,,,,,,,,
ben. c. v. s. c.,beneficium cum vel sine cura,Pfründe mit oder ohne Seelsorge,siehe benef. c. v. s. c.,,,,,,,,,,,,,
ben. s. c.,beneficium sine cura ,Pfründe ohne Seelsorge,siehe benef. s. c.,,,,,,,,,,,,,
 Bened.,Benedictus,Benedictus XIII,1,Benedict -i,o,,,,,,,,,,,
bened.,benedicere;,,,"benedic, benedix, benedict",konsonantische Konj.,bened.; benedictio,bened.; benedicere; benedictio,bened.; benedict.,bened.; benedicere; benedictio,benedicere; benedictio,bened.,,benedicere; benedictio,benedicere; benedictio,,
,benedictio,,,benediction -is,konsonantisch,,,,,,,,,,,
benedict.,benedictio,,siehe bened.,,,,,,,,,,,,,
benef.,beneficium,Pfründe,"benef. für ""beneficialis"" nur in Bd. 5; benef. in Bd. 1 steht für ""beneficiatus"", nicht für ""beneficium""",benefici -i,o (n.),ben.; beneficium,benef.; beneficium,benef.; benefium,benef.; beneficium,benef.; beneficium,benef.,benef. c. c.,benef.; beneficium,benef.; beneficium,,
,beneficialis ,,,beneficial -is,i (Adj.),,,,,,,,,,,
benef. c. c.,beneficium cum cura,Pfründe mit Seelsorge,,,,ben. c. c.; beneficium cum cura,,,,benef. c. c.,benef. c. c. ,benef. c. c.,benef. c. c.,benef. c. c.,,
benef. c. c. vel s. c.,beneficium cum cura vel sine cura,Pfründe mit oder ohne Seelsorge,,,,,,,,,,,,,,
benef. c. v. s. c.,beneficium cum vel sine cura,Pfründe mit oder ohne Seelsorge,,,,ben. c. v. s. c. ,,,,,benef. c. v. s. c.,benef. c. c. vel s. c.,benef. c. c. vel s. c.,,,
benef. s. c.,beneficium sine cura ,Pfründe ohne Seelsorge,,,,ben. s. c.,,benef. s. c. ,,benef. s. c. ,benef. s. c. ,benef. s. c. ,benef. s. c. ,benef. s. c. ,,
beneff.,beneficia,Pfründen,,benefici -orum,o (n.),,,,,beneff.,,,,,,
benefic.,beneficiatus,bepfründet,,beneficiat -i,o (Adj.),benef.; beneficiatus,benefic.; beneficiatus,benefic.; beneficiatum,benefic.; beneficiatus,benefic.; beneficiatus,benefic.,benefic.,benefic.; beneficiatus,benefic.; beneficiatus,,
bol.,bolendinus,,,bolendin -i,o,,,,,bol.,,bolendinus,bol.,,,
bon.,bononiensis,Bolognino (Münze),,,,,,,,,,,,bon.,,nur in Bd. 9 und nur als Abk.
c.,cum;,mit;,,,,c.; cum; cura,c.; cum; cura,c.; cum; cura,c.; cum; cura,c.; cum; cura,c.; cum; cura,c.; cum; cura,c.; cum; cura,c.; cum; cura,,
,cura,Seelsorge,"v. a. in ""c. c."" und ""s. c.""",cur -(a)e,a,,,,,,,,,,,
c. c.,cum cura;,mit Seelsorge,,,,c. c.; cum cura,,,c. c.; c. cura,c. c.; c. cura,c. c.,c. c.,c. c.,c. c.; c. cura,,
,cf.: def. nat. (c. c.),,,,,,,,,,,,,,,
c. c. vel s. c.,cum cura vel sine cura,mit oder ohne Seelsorge,siehe c. v. s. c.,,,,,,,,,,,,,
c. r. p.,cum reservatione prebende,,siehe c. reserv. preb.; Abk. meist in Verbindung mit can. (canonicatus),,,,,,,,,,,,,
c. reserv. preb.,cum reservatione prebende,,,,,cum res. preb.; cum reservatione preb.,,cum reserv. preb.,c. r. p.; c. reserv. preb.,c. reserv. preb.,,c. reserv. preb.,c. reserv. preb.,c. reserv. preb.,,
c. v. s. c.,cum vel sine cura,mit oder ohne Seelsorge,,,,c. v. s. c.,,,,,c. v. s. c.,c. c. vel s. c.,c. c. vel s. c.,,,
ca.,circa,ungefähr,,,,,,,ca.,ca.,,,,ca.,,"""circa"" kommt in allen Bd. vor, allerdings nicht wie ""ca."" zur Datumsbestimmung von Bearbeitern, sondern auch schon im Text von kur. Schreibern verwendet"
cam.,camera (ohne Zusatz: apostolica),(Apostolische) Kammer,,camer -(a)e,a ,cam.; camera,cam.; camera,cam.; camera,cam.; camera,cam.; camera,cam.; camera,cam.; camera,cam.; camera,cam.; camera,,
camer.,camerarius,Kämmerer,,camerari -i,o,camerarius,camer.; camerar.; camerarius,camer.; camerar.; camerarius,camerar.; camerarius,camer.; camerarius,camerarius,camer.; camerarius,camer.; camerarius,camer.; camerarius,,
camerar.,camerarius,Kämmerer,siehe camer.,,,,,,,,,,,,,
can.,canonicatus;,"Kanonikat, Stiftsherren-/Chorherrenstelle;","laut Abk-Verz. Bd. 5 steht ""canon."" nur für ""canonicatus""",canoncicat -us,u,can.; canonicatus; canonicus,can.; canonicus,can.; canon.; canonicatus; canonicus,can.; canonicatus; canonicus,can.; canon.; canonicus; canonissa,can.; canonicus; canonissa,can.; canonicus; canonissa,can.; canonicatus; canonicus,can.; canonicatus; canonicus; canonissa,,
,canonicus;,"Kanoniker, Stiftsherr, Chorherr;",,canonic -i,o,,,,,,,,,,,
,canonissa,"Kanonissin, Stiftsdame",,canoniss -(a)e,a,,,,,,,,,,,
canc.,cancellaria;,,,cancellari -(a)e,a,,,,,canc.,cancelleria,,cancelleria,cancelleria; cancellerius,,"in allen Bd. kommen auch die Formen ""cancellaria"" und ""cancellarius"" vor"
,cancellarius,,,cancellari -i,o,,,,,,,,,,,
canon.,canonicus;,,siehe can.,,,,,,,,,,,,,
,canonissa;,,,,,,,,,,,,,,,
,canonicatus ,,,,,,,,,,,,,,,
cant.,cantor,Kantor,,cantor -is,konsonantisch,cantor,cant.; cantor,cant.,cant.; cantor,cant.,cant.,cant.,cant.,cant.,,"Bei Bd. 5-9 möglicherweise auch ""cantor"" statt Abk. benutzt, aber zu viel zum überprüfen"
cantor.,cantoria,Amt/Stelle des Kantors,,cantori -(a)e,a,cantoria,cantor.; cantoria,cantor.,cantor.; cantoria,cantor.,cantor.,cantor.,cantor.,cantor.; cantoria,,
cap.,capellanus,Kaplan,,capellan -i,o,cap.; capellan.; capellanus,cap.; capellanus,cap.; capell.; capellanus,cap.; capellanus,cap.; capell.; capellanus,cap.,cap.,cap.; capellanus,cap.; capellanus,,
,capitulum ,,,,,,,,,,,,,,,
cap. hon.,capellanus honoris,,,,,,cap. hon.,,cap. hon.,,,,,,,
capel.,capella,Kapelle,,capell -(a)e,a,,,capel.; capell.,,capel.; capell.,capel.,capel.,capel.,capel.,,"in allen Bd. kommt auch ""capella"" vor"
capell.,capellanus;,Kaplan,siehe cap. und capel.,,,,,,,,,,,,,
,capella,Kapelle,,,,,,,,,,,,,,
capellan.,capellanus;,Kaplan,"siehe cap., capel. und capn.",,,,,,,,,,,,,
,capellania,Kaplanei,,,,,,,,,,,,,,
capit.,capitulum;,Kapitel;,,capitul -i,o (n.),capit.,cap.; capitularis,cap.; capitularis,cap.; capitularis,cap.; capitul.; capitularis,cap.; capitularis,cap.; capitularis,cap.; capitularis,cap.; capitularis,,"in allen Bd. kommt auch ""capitulum"" vor; möglicherweise auch in Bd. 1 ""cap."" für capitulum benutzt, aber zuviele Einträge zum nachprüfen"
,capitularis,zum Kapitel gehörig,,,,,,,,,,,,,,
capn.,capellania,Kaplanei,,capellani -(a)e,a,capellan.; capellania,capellan.; capellania,capell.; capellania,capn.; capellania,capn.; capell.,capn.,capn.,capn.; capellania,capn.; capellania,,
card.,cardinalis,"Kardinal(-bischof, -priester, -diakon)",,cardinal -is,gemischt,card.; cardinalis,card.; cardinalis,card.; cardinalis,card.; cardinalis,card.; cardinalis,card.; cardinalis,card.,card.; cardinalis,card.; cardinalis,,
cass.,cassare;,für ungültig erklären;,,"cass, cassav, cassat", a-Konj.,cass.,cass.; cassare; cassatio,cass.; cassat.,cass.; cassat.; cassare; cassatio,cass.; cassare; cassatio,cass.; cassatio,cass.; cassatio,cass.; cassatio,cass.; cassatio,,
,cassatio,Ungültigkeitserklärung,,cassation -is,konsonantisch,,,,,,,,,,,
cassat.,cassatio,Ungültigkeitserklärung,siehe cass.,,,,,,,,,,,,,
cath.,catholicus ?,,,catholic -i,o,,,,cath.,,,,,,,
cathedr.,cathedralis,Bischofs-(kirche),,cathedral -is,gemischt,cathedr.,cathedr.; cathedralis,cathedr.,cathedral.; cathedralis,cathedr.; cathedralis,cathedr.,cathedr.,cathedr.,cathedr.; cathedralis,,
cathedral.,cathedralis,Bischofs-(kirche),siehe cathedr.,,,,,,,,,,,,,
caus.,causa,,,caus -(a)e,a,,,,caus.,,caus.,,,,,"in allen Bd. kommt auch ""causa"" vor"
celebr.,celebrare,,,"celebr, celebrav, celebrat", a-Konj.,,,,celebr.,celebr.,,,celebr.,,,"in allen Bd. kommt auch ""celebrare"" vor"
cess.,cessio,"Abtretung, Verzicht",,cession -is,konsonantisch,cessio,cessio,cessio,cess.; cessio,cessio,cessio,cessio,cess.; cessio,cess.; cessio,,
cf.,confer,vergleiche,,,,cf.,,,,cf.,,,,cf.,,
cimit.,cimiterium,Friedhof,ausgeschrieben auch cimeterium,cim[i/e]teri -i,o (n.),cimiterium,cimiterium,cimit.; cimiterium,cimiterium,cimit.; cimiterium,cimit.,cimit.,cimit.,cimit.; cimiterium,,
civ.,civis,Bürger,,civ -is,gemischt,,civ.,civ.,,civ.,civ.,civ.,civ.,civ.,,"in allen Bd. auch ""civis"""
,civitas,(Bischofs-)Stadt,"laut Abk-Verz. in 1,2,3,4",,,,,,,,,,,,,
civit.,civitas,(Bischofs-)Stadt,,civitat -is,konsonantisch,civ.; civitas,civ.; civitas,civ.; civit.,civ.; civitas,civit.; civitas,civit.; civitas,civit.,civit.; civitas,civit.; civitas,,
Clem.,Clemens,Clemens VII,1,Clement -is,gemischt,,,,,,,,,,,
cler.,clericus;,Kleriker;,,cleric -i,o,cler.,cler.,cler.,cler.,cler.,cler.,cler.,cler.,,,"in allen Bd. ""cler."", ""clerus"" und ""clericus"""
,clerus,"Klerus, Geistlichkeit",,cler -i,o ,,,,,,,,,,,
coll.,collatus;,übertragen (von Pfründen);,,collat -i,o,coll.; collatio,coll.; collatio; collatus,collat.; collatus,coll.; collat.; collatio; collatus,coll.; collatio; collatus,coll.; collatio,coll.; collatus,coll.; collatus,coll.; collatio; collatus,,
,collatio,Übertragung (durch),,collation -is,konsonantisch,,,,,,,,,,,
collat.,collatus;,übertragen (von Pfründen);,siehe coll.,,,,,,,,,,,,,
,collatio,Übertragung (durch),,,,,,,,,,,,,,
collect.,collector,Kollektor,,collector -is,konsonantisch,,collect.,collect.,collect.,collect.,collect.,collect.,collect.,collect.,,"in allen Bd. auch ""collector"""
colleg.,collegiata,Stifts-(kirche),,collegiat -(a)e,a,colleg.,colleg.; collegiata,colleg.,colleg.,colleg.,colleg.,colleg.,colleg.,colleg.; collegiata,,
com.,comes,Graf,Bd. 1 nicht Graf,comit -is,konsonantisch,comes,com.; comes,com.; comes,com.; comes,com.; comes,com.; comes,com.,com.; comes,com.; comes,,
,communis ,gewöhnlich ,in Bd. 1 (siehe auch commun.),,,,,,,,,,,,,
comm.,communis;,gewöhnlich;,siehe commun.,,,,,,,,,,,,,
,communitas,Gemeinde,,,,,,,,,,,,,,
comm. serv.,commune servitium,,siehe serv. commun.,,,,,,,,,,,,,
commiss.,commissio,Auftrag,,commission -is,konsonantisch,comm.,,commiss.,comissio,commiss.; comissio,comm.; commiss.,commiss.,commiss.,commiss.,,"in allen Bd. auch ""commissio"""
committ.,committere,beauftragen,,"committ, commis, commiss",konsonantische Konj.,,committere,committere,committere; comittere,committ.; committere,committere,committ.; committere,committ.; committere,committ.; committere,,
,(m. Dativ) alicui committere,,,,,,,,,,,,,,,
commor.,commorans,,,commorant -is,gemischt,,,commor.,,,,,,,,"in allen Bd. auch ""commorans"" sowie Formen mit ""commorant-"""
commun.,communis;,gewöhnlich;,,commun -is,i (Adj.),com.; comm.,comm.; communitas,commun.,communitas; comunitas,commun.; communitas,commun.; communitas; comunitas,commun.; communitas,commun.; communitas,commun.; communitas,,"in allen Bd. auch ""communis"""
,communitas,Gemeinde,,communitat -is,konsonantisch,,,,,,,,,,,
commun. serv.,commune servitium,,siehe serv. commun.,,,,,,,,,,,,,
commun. servit.,commune servitium,,siehe serv. commun.,,,,,,,,,,,,,
commut.,commutatio,Umwandlung,nur einmal verwendet,commutation -is,konsonantisch,,,commut.,,,,,,,,
comp.,competenter,"angemessen, befriedigend",Bd. 9; siehe compet.,,,,,,,,,,,,,
compat.,compatibilis,vereinbar,,compatibil -is,i (Adj.),compatibilis,,compat.,compat.; compatibilis,compatibilis,compatibilis,compat.,compat.,compat.,,
compet.,competenter,"angemessen, befriedigend",,,Adverb,,,,compet.,competenter,,,,comp.,,
complem.,complementum,,,complement -i,o (n.),,,complem.; complementum,complementum,complementum,,complementum,complementum,complementum,,
compon.,componere?,,,"compon, composu, compost",,,compon.,,,,,,,,,
conc.,concedere;,"gewähren, verleihen;",,"conced, concess, concess",,conc.; concedere; concessio,conc.; conced.; concedere; concessio,conc.; conced.; concedere,conc.; concess.; concedere; concessio,conc.; concedere; concessio,conc.,conc.; concedere,conc.; concedere; concessio,conc.; concedere; concessio,,
,concessio,Verleihung,,concession -is,konsonantisch,,,,,,,,,,,
conced.,concedere ,"gewähren, verleihen",siehe conc.,,,,,,,,,,,,,
concess.,concessio,Verleihung,siehe conc.,,,,,,,,,,,,,
concil.,concilium,,,concili -i,o (n.),,concilium,concilium,concil.; concilium,concil.; concilium,concilium,concilium,concil.,concilium,,
concord.,concordare,,nur einmal verwendet,concord -o,A-Konj.,,,,concord.,,,,,,,
concordat.,concordatio,,nur einmal verwendet,concordation -is,konsonantisch,,,,concordat.,,,,,,,
condit.,conditio,,,condition -is,konsonantisch,,,condit.; conditio,conditio,conditio,condit.; conditio,conditio,conditio,conditio,,
conf.,confirmare;,bestätigen;,,"confirm, confirmav, confirmat",A-Konj.,confirm.; confirmare; confirmatio,conf.; confirm.; confirmare; confirmatio,conf.; confirm.; confirmatio,conf.; confirmare; confirmatio,conf.; confirmare; confirmatio,conf.; confirm.,conf.,conf.; confirmatio,conf.; confirmare; confirmatio,,
,confirmatio,Bestätigung,,confirmation,konsonantisch,,,,,,,,,,,
confer.,conferre,"übertragen, verleihen",,"confer, contul, collat (conlat)",,,confer.,confer.,confer.,confer.,confer.,confer.,confer.,confer.,,"in allen Bd. auch ""conferre"""
confess.,confessio;,Beichte,,confession -is,konsonantisch,confessor,confess.; confessio; confessor,confess.; confessor,confess.; confessionale; confessio; confessor,confess.; confessionalia; confessio; confessor,confess.; confessio; confessor,confess.; confessio,confess.; confessio; confessor,confess.; confessionale; confessio; confessor,,
,confessionale;,Beichtbrief,,confessional -is,konsonantisch,,,,,,,,,,,
,confessor,Beichtvater,,confessor -is,konsonantisch,,,,,,,,,,,
confic.,conficiendus,auszufertigen (von Urkunden),,conficiend -i,o (Gerundivum),,,,,,confic.,confic.,confic.; conficiendus,confic.; conficiendus,,"in allen Bd. auch ""conficere"""
,conficere,,,"confic, confec, confect",,,,,,,,,,,,
confirm.,confirmare;,bestätigen;,siehe conf.,,,,,,,,,,,,,
,confirmatio,Bestätigung,,,,,,,,,,,,,,
coniug.,coniugatus,verheiratet,,coniugat,o (Adj.),coniugatus,coniug.; coniugatus,coniug.; coniugatus,coniug.; coniugatus,coniug.; coniugatus,coniug.; coniugatus,coniug.,coniug.; coniugatus,coniug.; coniugatus,,
cons.,consul,,nicht in Bd. 1,consul -is,konsonantisch,,cons.,cons.,cons.; consul.,consul.,,,,,,"in allen Bd. auch ""consul"""
,consanguinitas ,(Bluts-)verwandtschaft,in Bd. 1 (siehe auch consang.),,,,,,,,,,,,,
consang.,consanguinitas;,(Bluts-)verwandtschaft,,consanguinitat -is,konsonantisch,cons.; consangu.; consanguineus,consanguineus; consanguinitas,consang.; consanguineus,consang.; consanguineus; consanguinitas,consang.; consanguineus; consanguinitas,consang.; consanguineus,consang.,consang.; consanguineus,consang.; consanguineus; consanguinitas,,
,consanguineus,"(Bluts-)verwandt, -Verwandter",,consanguine,o (auch Adj.),,,,,,,,,,,
consangu.,consanguinitas;,(Bluts-)verwandtschaft,siehe consang.,,,,,,,,,,,,,
,consanguineus,"(Bluts-)verwandt, -Verwandter",,,,,,,,,,,,,,
consecr.,consecrare;,weihen;,,"consecr, consecrav, consecrat",A-Konj.,consecr.; consecrare; consecratio,consecr.; consecrare; consecratio,consecr.; consecrare,consecr.; consecrare; consecratio,consecr.; consecrare; consecratio,consecr.; consecrare,consecr.,consecr.; consecrare,consecr.; consecrare; consecratio,,
,consecratio,Weihe,,consecration -is,konsonantisch,,,,,,,,,,,
conserv.,conservare;,schützen;,,"conserv, conservav, conservat",A-Konj.,conserv.; conservat.,conserv.; conservare; conservator,conserv.; conservare; conservator,conserv.; conservare; conservator,conserv.; conservare; conservator; conservatoria,conserv.; conservare; conservator,conserv.,conserv.; conservare; conservator,conserv.; conservare; conservator; conservatoria,,
,conservator;,mit dem Schutz Beauftragter;,,conservator -is,konsonantisch,,,,,,,,,,,
,conservatoria,päpstlicher Schutzbrief,,conservatori -(a)e,a ,,,,,,,,,,,
const.,constituere,"sich befinden; bestimmen, verordnen, festsetzen;",siehe constit.,,,,,,,,,,,,,
,constitutio,"Verordnung, Erlaß",,,,,,,,,,,,,,
constit.,constituere;,"sich befinden; bestimmen, verordnen, festsetzen;",,"constitu, constitu, constitut",konsonantische Konj.,,const.; constit.; constituere; constitutio; constitutus ,const.; constit.; constituere; constitutio; constitutus,const.; constit.; constitutio; constitutus,constit.; constituere; constitutio; constitutus,constit.; constitutio,constit.;constitutio; constitutus,constit.; constituere; constitutio; constitutus,constit.; constituere; constitutio; constitutus,,
,constitutio,"Verordnung, Erlaß",,constitution -is,konsonantisch,,,,,,,,,,,
,constitutus,,,constitut -i,o,,,,,,,,,,,
cont.,?,,jeweils einmal in 1 und 2,,,cont.,cont.,,,,,,,,,
conthor.,conthoralis,Ehefrau,,conthoral -is,gemischt,conthoralis,,,conthoralis,,conthoralis,,conthor.,conthor.; conthoralis,,
conv.,conventus,Konvent,,convent -us,u,conv.; conventus,conv.; conventus,conv.; conventus,conv.; conventus,conv.; conventus,conv.,conv.,conv.; conventus,conv.; conventus,,
corp.,corpus,Körper; körperliche Unversehrtheit,,corpor -is,konsonantisch (n.),,corp.,corp.,corp.,corp.,corp.,corp.,corp.,corp.,,"in allen Bd. auch ""corpus"""
correct.,corrector,,,corrector -is,konsonantisch,,correct.; corrector,,correct.; corrector,correct.; corrector,correct.; corrector,corrector,corrector,corrector,,
cruc.,,,,,,,,,,,,,,cruc.,,
cubic.,cubicularius,"Kubikular (des Papstes), Kammerherr",,cubiculari -i,o,cubic.; cubicularius,cubic.; cubicularius,cubic.,cubic.; cubicularius,cubic.,cubicularius,cubic.,cubic.,cubic.; cubicularius,,
cum res. preb.,cum reservatione prebende,,siehe c. reserv. preb.,,,,,,,,,,,,,
cum reserv. preb.,cum reservatione prebende,,siehe c. reserv. preb.,,,,,,,,,,,,,
cur.,curia ohne Zusatz: Romana curia,"Hof, päpstlicher Hof",,curi -(a)e,a ,,cur.,cur.,,cur.,cur.,cur.,cur.,cur.,,"in allen Bd. auch ""curia"""
cur. Rom.,curia Romana,,siehe Rom. cur.,,,,,,,,,,,,,
cust.,custos,"Kustos, Küster",,custod -is,konsonantisch,custos,cust.; custos,cust.; custos,cust.; custos,cust.; custos,cust.,cust.; custos,cust.; custos,cust.; custos,,
custod.,custodia,Amt des Kustos,,custodi -(a)e,a ,custodia,custod.; custodia,custod.; custodia,custod.; custodia,custod.; custodia,custod.,custod.; custodia,custod.; custodia,custod.; custodia,,
d.,dictus;,genannt;,,dict -i,o (Adj.),d.; dictus,d.; dictus,d.; dict.; dictus,d.; dictus,d.; dictus,d.,d.; dictus,d.; dictus,d.; dictus,,"in allen Bd. auch ""dies""; zu ""d."" als ""datum"" siehe ""dat."""
,dies,Tag,,die -i,e ,,,,,,,,,,,
,datum (nur Bd. 6 laut Abk-Verz. sowie in Verbindung mit d. d./s. e. d./ s. d.),,,dat -i,o (n.),,,,,,,,,,,
,dominus (nur Bd. 1 laut Abk-Verz.),,,domin -i,o,,,,,,,,,,,
d. d.,de dato/data,,,,,,de dat.; de dato,d. d.,de data; de dato,de data,,d. d.; de data,de data; dato,de dat.; de dato,,
dat.,data;,(Urkunden) ausgestellt;,,dat -(a)e,a (Adj.),dat.; data,dat.; datum,d.; data; datum,dat.; data; datum,dat.; data; datum,d.; dat.; data; datum,dat.; data,dat.; data; datum,dat.; data; datum,,"möglicherweise ""d."" auch in anderen Bd. als ""datum/a"" verwendet, aber zuviel zum überprüfen; meist in Verb. ""s.e.d./s.d./d.d."""
,datum,"Datum, Ausstellung",,dat -i,o (n.),,,,,,,,,,,
dd.,dicti (Plural),die genannten,,dict -orum,o,dicti,dicti,dicti,dd.; dicti,dicti,dd.,dd.; dicti,dd.; dicti,dd.; dicti,,
dec.,decanus,Dekan,,decan -i,o,dec.; decan.,dec.,dec.,dec.,dec.,dec.,dec.,dec.,dec.,,"in allen Bd. auch ""decanus"""
,december,Dezember,,decembr -is,konsonantisch?,,,,,,,,,,,
dec. etc.,"decanus, capitulum et singuli canonici","Dekan, Kapitel und die einzelnen Kanoniker",,,,dec. et cap.,dec. etc.; dec. et cap.; dec. et capit.,dec. et capit.,dec. etc.; dec. et cap.; dec. et capit.,dec. etc.; dec. et capit.,dec. etc.; dec. et capit.,dec. etc.; dec. et capit.,dec. etc.; dec. et capit.,dec. etc.; dec. et capit.,,
decan.,decanatus,Amt/Stelle des Dekans,,decanat -us,u,decan.; decanat.; decanatus,dec.; decanatus,dec.,dec.; decanatus,dec.; decanatus,dec.,dec.,dec.; decanatus,dec.; decanatus,,
,decanus,Dekan,in Bd. 1 ,,,,,,,,,,,,,
decb.,december,Dezember,,decembr -is,konsonantisch,dec.,dec.,dec.,dec.,decb.,dec.,dec.,decb.,decb.,,
decern.,decernere,,,"decern, decrev, decret",konsonantische Konj.,decernere,decernere,decern.; decernere,,decernere,decern.,decern.; decernere,decern.; decernere,decernere,,
decl.,declarare;,erklären; (verbindlich) auslegen;,,"declar, declarav, declarat",A-Konj.,,declarare; declaratio,declarere,declarare; declaratio,decl.; declarare; declaratio,declarare; declaratio,declarare; declaratio,decl.; declarare,decl.; declarare; declaratio,,
,declaratio,Erklärung,,declaration- is,konsonantisch,,,,,,,,,,,
decr.,decretum,Verordnung,,decret -i,o (n.),decr.; decretum,decr.; decretum,decr.,decr.; decretum,decr.; decretum,decr.; decretum,decr.,decr.; decretum,decr.; decretum,,
def.,defectus,"Mangel, Makel",,defect -us,u,def.,def.,def.,def.; defect.; defectus,def.; defectus,def.,def.,def.,def.; defectus,,
def. nat. (c. c.),defectus natalium (de coniugato et coniugata genitus),Geburtsmakel (von einem Verheirateten und einer Verheirateten abstammend),,,,,,,def. nat. c. c.,def. nat. c. c.,def. nat. c. c.,def. nat. c. c.,def. nat. c. c.,,,
def. nat. (c. s.),defectus natalium (de coniugato et soluta genitus),Geburtsmakel (von einem Verheirateten und einer Ledigen abstammend),,,,,,,def. nat. c. s.,def. nat. c. s.,def. nat. c. s.,def. nat. c. s.,def. nat. c. s.,def. nat. c. s.,,
def. nat. (p. c.) ,defectus natalium (de presbitero et coniugata genitus),Geburtsmakel (von einem Priester und einer Verheirateten abstammend),,,,,,,def. nat. p. c.,def. nat. p. c.,def. nat. p. c.,def. nat. p. c.,def. nat. p. c.,def. nat. p. c.,,
def. nat. (p. s.),defectus natalium (de presbitero et soluta genitus),Geburtsmakel (von einem Priester und einer Ledigen abstammend),,,,,,,def. nat. p. s.,def. nat. p. s.,def. nat. p. s.,def. nat. p. s.,def. nat. p. s.,def. nat. p. s.,,
def. nat. (s. c.),defectus natalium (de soluto et coniugata genitus,Geburtsmakel (von einem Ledigen und einer Verheirateten abstammend),,,,,,,def. nat. s. c.,def. nat. s. c.,def. nat. s. c.,def. nat. s. c.,def. nat. s. c.,def. nat. s. c.,,
def. nat. (s. s.),defectus natalium (de soluto et soluta genitus),Geburtsmakel (von einem Ledigen und einer Ledigen abstammend),,,,,,,def. nat. s. s.,def. nat. s. s.,def. nat. s. s.,def. nat. s. s.,def. nat. s. s.,def. nat. s. s.,"alle Kombinationen mit def. nat. kommen in den Bd. 4-9 vor; in den Bd. 1-3 nur ""def. nat."" ohne Spezifizierung",
defect.,defectus,"Mangel, Makel",siehe def.,,,,,,,,,,,,,
den.,denarius,"Denar, Pfennig",,denari -i,o,den.,den.; denarius,den.,den.; denarius,den.; denarius,den.; denarius,den.,den.; denarius,den.; denarius,,
depend.,dependere,abhängen,,"depende, dependev?, dependet?",e-Konj.,,depend.; dependere,depend.; dependere,depend.; dependere,depend.; dependere,depend.; dependere,depend.; dependere,depend.; dependere,depend.; dependere,,
deput.,deputare,beauftragen,,"deput, deputav, deputat", a-Konj.,deputare,deput.; deputare,deput.; deputare,deput.; deputare,deput.; deputare,deput.,deput.; deputare,deput.; deputare,deput.; deputare,,"in allen Bd. auch ""deputatus"""
,deputatus,,,deputat -i,o,,,,,,,,,,,
derog.,derogare;,"beschränken,(teilweise) aufheben, außer Kraft setzen (von Rechten);",,"derog, derogav, derogat", a-Konj.,,derogare,derogare; derogatio,derogare; derogatio,derog.; derogare,derog.; derogare; derogatio,derog.; derogare; derogatio,derog.,derog.,,
,,"Beschränkung, (teilw.) Aufhebung, Außerkraftsetzung",,,,,,,,,,,,,,
,derogatio,,,derogation -is,konsonantisch,,,,,,,,,,,
descript.,descriptus,,,descript -i,o (Adj.),,,,descriptus,descriptus,,,descript.; descriptus,descriptus,,
destin.,destinare; ,,,"destin, destinav, destinat", a-Konj.,,destin.; destinare,destin.,destin.; destinare,destinare,destin.; destinare,destinare,destinare,,,"in allen Bd. auch ""destinatus"""
,destinatus,,,destinat -i,o (Adj.),,,,,,,,,,,
desup.,desuper,darüber,,,,,,,desuper,desup.,desuper,desup.; desuper,desup.,desup.; desuper,,
detin.,detinere,unrechtmäßig in Besitz haben,,"detine, detinu, detent",e-Konj.,detinere,detinere,,detinere,detin.; detinere,detin.; detinere,detin.; detinere,detin.; detinere,detin.; detinere,,
devol.,devolutio,Devolution (Übergang des Besetzungsrechts auf die nächsthöhere Instanz),,devolution -is,konsonantisch,,devolutio,devolvere,devol.,devol.; devolvere,,devolutio,devol.; devolvere,devol.; devolvere,,
,devolvere,,,"devolv, devol, devolut",,,,,,,,,,,,
diac.,diaconus,Diakon,,diacon -i,o,diac.; diaconus,diac.,diac.,diac.; diaconus,diac.,diac.,diac.; diaconus,diac.,diac.,,
diacon.,diaconatus,"Weihegrad, Amt des Diakons",,diaconat -us,u,,,diacon.,diacon.,diacon.,diacon.,diacon.,diacon.,diacon.,,
dic.,dicere,,,"dic, dix, dict",,,,,,,,dic.,,,,"in allen Bd. auch ""dicere"""
dict.,dictus ,genannt ,,,,,,,,,,,,,,
diff.,diffinitivus,,,diffinitiv -i,o,diffinitivus,,,definitivus,diff.; definitivus,diffinitivus,diff.; diffinitivus,diff.,definitivus; diffinitivus,,
dign.,dignitas,"Dignität, höheres Amt in einem Kapitel",,dignitat -is,konsonantisch,dign.; dignitas,dign.,dign.; dignitas,dign.; dignitas,dign.; dignitas,dign.,dign.,dign.,dign.; dignitas,,
diiudic.,diiudicare,,,"diiudic, diiudicav, diiudicat", a-Konj.,,diiudic.; diiudicare,,,diiudicare,,,,,,
dim.,dimittere;,"verzichten, aufgeben (von Pfründen);",,"dimitt, dimis, dimiss",konsonantische Konj.,dimittere,dim.; dimittere,dim.; dimissio,dim.; dimittere,dim.; dimittere,dim.,dim.,dim.; dimissio; dimittere,dim.; dimissio; dimittere,,
,dimissio,Verzicht,,dimission -is,konsonantisch,,,,,,,,,,,
dioc.,diocesis,Diözese,,dioces -is,gemischt,dioc.,dioc.; diocesis,dioc.,dioc.; diocesis,dioc.,dioc.,dioc.,dioc.,dioc.; diocesis,,
disp.,dispensare (cum aliquo);,"(jemanden) dispensieren, befreien; außer Kraft setzen (von kanonischen Regeln);",,"dispens, dispensav, dispensat",A-Konj.,disp.; dispens.; dispensare; dispensatio,disp.; dispens.; dispensatio,disp.,disp.; dispensare,disp.; dispensare; dispensatio,disp.,disp.; dispensare,disp.; dispensare,disp.; dispensare; dispensatio,,
,dispensatio,"Dispens, Befreiung, Außerkraftsetzung",,dispensation -is,konsonantisch,,,,,,,,,,,
div.,diversus,,,divers -i,o,div.; divinus,div.; divinus,div.; divin.,divers.; divinus,div.; divinus,div.; divinus,div.; divinus,div.; divinus,divinus,,"in allen Bd. auch ""diversus"" und ""divisio"""
,divinus,,,divin -i,o,,,,,,,,,,,
,divisio,,,division -is,konsonantisch,,,,,,,,,,,
div. off.,divina officia,,,divin -orum offici -orum,o (Adj.; n. Pl.) o (n. Pl.),,divina officia,div. off.; divin. off.; off. divin.; ,divina officia,div. off.,div. off.; divina off.,div. off.; divina off.,div. off.; divina off.,divina off.; divina officia,,
divers.,diversus,,siehe div.,,,,,,,,,,,,,
divin.,divinus,,siehe div.,,,,,,,,,,,,,
doct.,doctor,Doktor,,doctor -is,konsonantisch,doctor,doct.; doctor,doct.; doctor,doct.; doctor,doct.; doctor,doct.,doct.; doctor,doct.; doctor,doct.; doctor,,
dom.,dominus;,Herr;,,domin -i,o,d.,dom.,dom.; domin.,dom.,dom.,dom.,dom.,dom.,dom.,,"in allen Bd. auch ""dominus"" und ""domus"""
,domus,"Haus, Wohnung",,dom -us,u (f.),,,,,,,,,,,
dom. hosp.,domus hospitalis,,,hospital -is,i (Adj.),domus hosp.,dom. hosp.; domus hosp.,dom. hosp.; domus hosp.,dom. hosp.; domus hosp.,domus hosp.,dom. hosp.,domus hosp.,domus hosp.,dom. hosp.,,
domic.,domicella;,,,domicell -(a)e,a ,domicella; domicellus,domic.,domic.; domicella; domicellus,domic.; domicella; domicellus,domic.; domicella; domicellus,domic.; domicella,domic.,domicella; domicellus,domicella; domicellus,,
,domicellus,,,domicell -o,o,,,,,,,,,,,
domus hosp.,domus hospitalis,,siehe dom. hosp.,,,,,,,,,,,,,
dot.,dotare,,,"dot, dotav, dotat",A-Konj.,dotare,dot.; dotare,,dotare,dotare,dot.; dotare,dotare,dotare,dotare,,
dotat.,dotatio,,,dotation -is,konsonantisch,,dotatio,dotat.; dotatio,dotatio,dotatio,dotatio,,dotatio,dotatio,,
duc.,ducatus;,Dukaten;,,ducat -us,u,,duc.; ducat.,duc.; ducat.,duc.,duc.,duc.,duc.,duc.,duc.,,"in allen Bd. auch ""ducatus"""
,ducatus,Herzogtum,,,,,,,,,,,,,,
ducat.,ducatus,Dukaten;,siehe duc.,,,,,,,,,,,,,
,ducatus,Herzogtum,,,,,,,,,,,,,,
e.,extra (in e. m. sowie e. t.),,siehe e. m. und e. t.,,,,,,,,,,,,,"""e."" kommt in allen Bd. vor, für welche Abk. es jeweils steht, ist wegen der unüberschaubaren Trefferanzahl nicht festzustellen; siehe ansonsten bei ""e. m."", ""s. e. d."" und ""s. e. p."""
,expectatio (in s. e. p.),,siehe s. e. p.,expectation -is,konsonantisch,,,,,,,,,,,
,eodem (in s. e. d.),,siehe s. e. d.,,,,,,,,,,,,,
e. m.,extra muros,außerhalb der Mauern,,,,extra muros,e. m.,e. m.,e. m.; extra muros,e. m.; extra muros,e. m.,e. m.,e. m.,e. m.; extra muros,,
e. t.,extra tempora,,,,,,,,e. t.,extra temp.,,extra temp.,extra temp.,extra temp.,,
eccl.,ecclesia,Kirche,,ecclesi -(a)e,a ,eccl.; ecclesia,eccl.; ecclesia,eccl.; ecclesia,eccl.; ecclesia,ecc.; ecclesia,eccl.,eccl.; ecclesia,eccl.; ecclesia,eccl.; ecclesia,,
eccles.,ecclesiasticus,kirchlich,,ecclesiastic -i,o (Adj.),,eccles.; ecclesiast.; ecclesiasticus,eccles.; ecclesiasticus,ecclesiasticus,eccles.; ecclesiasticus,eccles.,eccles.,eccles.,eccles.; ecclesiasticus,,
ed.,ediert ?,,,,,,,,,ed.,,,,,,
el.,electus; ,"gewählt, (zum Bischof) Gewählter, Elekt",,elect -i,o,el.; electus,el.; electus,el.; electus,el.; electus,el.; electus,el.,el.,el.,el.; electus,,
,eligere;,,v. a. in Bd. 4,,,,,,,,,,,,,
,electio,,"v. a. in Bd. 2, 4",,,,,,,,,,,,,
elect.,electio,Wahl,,election -is,konsonantisch,electio,el.; electio,elect.; electio,el.; elect.; electio,elect.; electio,elect.,elect.; electio,elect.; electio,elect.; electio,,
elemos.,elemosina/elemosinaria ?,,,elemosin -(a)e,a,,elemos.,elemos.; elemosin.,elemos.; elemosin.,,,,,,,ausgeschrieben auch: elimosinaria
elig.,eligere,wählen,,"elig, eleg, elect",,,elig.,elig.,el.; elig.,elig.,elig.,elig.,elig.,elig.,,"in allen Bd. auch ""eligere"""
ep.,episcopus,Bischof,,episcop -i,o,ep.,ep.; episcopus,ep.; episcopus,ep.; episcopus,ep.; episcopus,ep.,ep.,ep.; episcopus,ep.; episcopus,,
ep. etc.,"episcopus, prepositus, decanus et canonici","Bischof, Propst, Dekan und die Kanoniker",,,,ep. etc.; ep. et cap.,ep. etc.; ep. et capit.,ep. etc.; ep. et capit.,ep. etc.; ep. et capit.,ep. etc.; ep. et capit.,ep. etc.,ep. etc.; ep. et capit.,ep. etc.; ep. et capit.,ep. etc.; ep. et capit.,,
ep. et cap.,episcopus et capitulum,Bischof und Kapitel,siehe ep. etc.,,,,,,,,,,,,,
ep. et capit.,episcopus et capitulum,Bischof und Kapitel,siehe ep. etc.,,,,,,,,,,,,,
episc.,episcopalis,bischöflich,,episcopal -is,i (Adj.),episcopalis,episcopalis,episc.; episcopalis,episcop.; episcopalis,episc.; episcopalis,episc.,episc.,episc.,episc.; episcopalis,,
episcop.,episcopalis,bischöflich,siehe episc.,,,,,,,,,,,,,
epp.,episcopi,Bischöfe,,episcop -orum,o,epp.,episcopi,epp.,episcopi,epp.; Epp.; episcopi,episcopi,episcopi,episcopi,episcopi,,
erig.,erigere,errichten; (eine Kirche in einen höheren Status) erheben,,"erig, erex, erect",konsonantische Konj.,,erig.,,,erig.,erig.,erig.,erig.,erig.,,"in allen Bd. auch ""erigere"""
et.,etas,Alter,,etat -is,konsonantisch,etas,et.; etas,etat.; etas,et.; etas,et.; etas,et.,et.,et.,et.; etas,,"möglicherweise ""et."" für ""etas"" auch in Bd. 1 und 3 verwendet, aber wg. tausender Treffer zu ""et""(und) nicht nachzuprüfen; ""etas"" kommt im übrigen nie im Nominativ vor, daher auch in RG 3 Abk. ""etat."""
etc.,et cetera,und so weiter,,,,et cap.; et conv.; et capitulum,et capit.; et conv.; et conventus; et ceteri ,et capit.; et conv.,et capit.; et conv.; et capitulum; et conventus,et capit.; et capitul.; et conv.; et ceteri,et capit.; et conv.,et capit.; et conv.,et capit.; et conv.; et ceteri,et capit.; et conv.; et capitulum; et conventus,,"""etc."" kommt in allen Bd. vor, ob aber wirklich als Abk. für usw. benutzt, zweifelhaft, eher für ""et conv."" oder ""et capit.""; ""et ceteri"" kommt vor in Bd. 2,5,8, bedeutet aber ""und gewisse/einige (Kapläne, Ritter o.ä.)"""
,et capitulum,,,,,,,,,,,,,,,
,et conventus,,,,,,,,,,,,,,,
ev.,evangelista,(Johannes) der Evangelist,,evangelist -(a)e,a (m.!),,ev.; evang.,evang.,ev.; evangelist.; evangelista,ev.,ev.,ev.,ev.,ev.; evangelista,,
evang.,evangelista,(Johannes) der Evangelist,siehe ev.,,,,,,,,,,,,,
evoc.,evocare,,,"evoc, evocav, evocat", a-Konj.,,evoc.; evocare,evocare,evocare,evocare,evocare,evocare,evocare,evocare,,
except.,exceptus ?,,,except -i,o (Adj.),,,except.,,,,,,,,
excom.,excommunicare;,exkommunizieren;,,"excommunic, excommunicav, excommunicat",A-Konj.,excom.; excommunicare; excommunicatio,excom.; excommun.; excommunicare; excommunicatio,excom.; excommunicare; excommunicatio,excom.; excommunicare,excom.; excommunicare,excom.,excom.,excom.; excommunicare,excom.; excommunicare,,
,excommunicatio,Exkommunikation,,excommunication -is,konsonantisch,,,,,,,,,,,
exec.,executere;,,,"executi, execuss, execuss",gemischte Konj.,executor,exec.; execut.; executere; executio; executor,execut.; executio; executor,executere; executio; executor,exec.; executio; executor,exec.,exec.; executere; executio; executor,exec.; executere; executio; executor,exec.; executio; executor,,
,executio;,,,execution -is,konsonantisch,,,,,,,,,,,
,executor,,,executor -is,konsonantisch,,,,,,,,,,,
execut.,executere;,,siehe exec.,,,,,,,,,,,,,
,executio;,,,,,,,,,,,,,,,
,executor,,,,,,,,,,,,,,,
exempt.,exemptus;,"exemt, ausgenommen (von der ordentlichen kirchlichen Jurisdiktion);",,exem(p)t -i,o (Adj.),,exemt.; exemptio; exemtio; exemptus; exemtus,exempt.; exemptio; exemtio,exempt.; exemptio; exemtio; exemptus,exempt.; exemptio; exemtio; exemptus; exemtus,exempt.; exemptio; exemtio; exemptus; exemtus,exempt.; exemptio; exemptus,exempt.; exemptus,exempt.; exemptio; exemptus,,
,exemptio,"Befreiung, Exemtion, Ausnahmestellung",,exemption -is,konsonantisch,,,,,,,,,,,
exemt.,exemtus,"exemt, ausgenommen (von der ordentlichen kirchlichen Jurisdiktion);",siehe exempt.,,,,,,,,,,,,,
,exemtio,"Befreiung, Exemtion, Ausnahmestellung",,,,,,,,,,,,,,
exerc.,exercere,,,"exerce, exercu, exercut",e-Konj.,,,,,,exerc.,,,,,"in allen Bd. auch ""exercere"""
exig.,exigere,,,"exig, exeg, exact",konsonantische Konj.,,exig.,exig.,,,exig.,exig.,exig.,,,"in allen Bd. auch ""exigere"""
exist.,existere,"sein, sich befinden",,"exist, extit",konsonantische Konj.,,existere,exist.; existere,existere,exist.; existere,exist.; existere,exist.; existere,exist.; existere,exist.; existere,,
expect.,"expectatio, (gratia) expectativa","Anwartschaft (auf ein noch nicht freies Kirchenamt), Exspektanz",,expectation -is,konsonantisch,expectare,expectativa,,expect.; exspect.; expectare,expect.; expectare; expectativa,expect.; expectare,expect.; expectare,expect.; expectare,expect.; expectare; expectativa,,"""expect."" vielleicht auch als Abk. für ""expectantia"" verwendet, aber das vermag ich nicht zu entscheiden; ""expectantia"" kommt in Bd. 2,4,5,8 vor"
,(gratia ) expectativa,,,expectativ -(a)e,a ,,,,,,,,,,,
exped.,expedire;,"(Urkunden) befördern, absenden, die Ausstellung (von Urkunden) betreiben;",,"expedi, expediv, expedit",i-Konj. ,exped.,exped.; expeditio,exped.,exped.; expeditio,exped.; expeditio,exped.,exped.,exped.; expeditio,exped.; expeditio,,"in allen Bd. auch ""expedire"""
,,"Urkundenexpedition, -ausstellung",,,,,,,,,,,,,,
,expeditio,,,expedition -is,konsonantisch,,,,,,,,,,,
express.,expressus;,ausdrücklich;,,express -i,o,expressus,,,expressio; expressus,express.; expressio; expressus,express.; expressio; expressus,express.; expressus,express.; expressus,express.; expressio; expressus,,
,expressio,Erklärung,,expression -is,konsonantisch,,,,,,,,,,,
exten.,extendere;,"ausdehnen, erweitern;",,"extend, extend, extens",konsonantische Konj.,,exten.; extendere,exten.,extendere; extensio,exten.; extendere,exten.; extendere,exten.; extendere,exten.; extendere,exten.; extendere; extensio,,
,extensio,"Ausdehnung, Erweiterung",,extensio -is,konsonantisch,,,,,,,,,,,
extin.,extinguere;,,,"extingu, extinx, extinct",konsonantische Konj.,,extinctio,,extinguere; extinctio,extinguere; extinctio,extinctio,extinguere; extinctio,extin.; extinguere,,,
,extinctio,,,extinction -is,konsonantisch,,,,,,,,,,,
f. gr.,fit gratia ,,,,,,f. gr.; fit gr.,f. gr.,f. gr.,fit. Gr.,,,,,,
fac.,facultas,"Vollmacht, Fakultät",siehe facult.,,,,,,,,,,,,,
facult.,facultas,"Vollmacht, Fakultät","fac. 3,4,6,7,9",facultat -is,konsonantisch,fac.; facult,fac.,fac.,fac.,fac.; facult.,fac.; facult.,fac.,fac.; facult.,fac.,,
fact.,factus,"geschehen, gemacht",,fact -i,o (Adj.),,fact.,fact.,fact.,fact.,fact.,fact.,fact.,fact.,,
fam.,familiaris;,Familiar,,familiar -is,gemischt,famil.,fam.,fam.,fam.; famil.,fam.,fam.,fam.,fam.,fam.,,
,familiaritas,,"2,7,8",familiaritat -is,konsonantisch,,,,,,,,,,,
famil.,familiaris;,Familiar,siehe fam.,,,,,,,,,,,,,
,familiaritas,,,,,,,,,,,,,,,
febr.,februarius,Februar,,februari -i,o,febr.,febr.,febr.,febr.,febr.,febr.; feb.,febr.,feb.,febr.,,
fidel.,fidelitas,,,fidelitat -is,konsonantisch,,fidel.,fidel.,,,,,,,,
fil.,filia;,Tochter;,,fili -(a)e,a,,fil.,,fil.,fil.,fil.,fil.,fil.,fil.,,
,filialis;,"Tochter(-kirche, -Kapelle);",,filial -is,i (Adj.),,fil.,fil.; filial.,fil.; filial.,fil.,fil.,fil.,fil.,fil.,,
,filius,Sohn,,fili -i,o,,,,,,,,,,,
filial.,filialis,"Tochter(-kirche, -Kapelle);",siehe fil.,,,,,,,,,,,,,
fl.,florenus,Gulden,,floren -i,o,fl.; flor.,fl.,fl.,fl.; flor.,fl.,fl.,fl.,fl.,fl.,,
flor.,florenus,Gulden,siehe fl.,,,,,,,,,,,,,
fr.,frater,Bruder,,fratr -is,gemischt,fr.,fr.; fratr.,fr.; fratr.,fr.; fratr.,fr.,fr.,fr.,fr.,fr.,,
fr. kalend.,fratres kalendarum,,,fratr -um; kalendarum wird nicht verändert,gemischt,,fr. kalend.; fr. kalendarum; fratr. Kalendarum; fratres kalend.,,,,fr. kalendarum; fraternitas kalendarum,fraternitas kalendarum,fr. kalendarum,fr. kalandarum (mit a!),,
fragm.,fragmentum,"Bruchstück, unvollständiger Eintrag",,fragment -i,o (n.),,,,,fragm.,,,fragm.,fragm.,,
fratern.,fraternitas,,,fraternitat -is,konsonantisch,,,fratern.,,,,,,,,
fratr.,frater (dekliniert),Bruder,siehe fr.,,,,,,,,,,,,,
fruct.,fructus,"Ertrag, Einkünfte",,fruct -us,u,,fruct.,fruct.,fruct.,fruct.,fruct.,fruct.,fruct.,fruct.,,
fruct. etc.,"fructus, proventus et redditus",,,"fruct -us, provent -us, reddit -us",alle u,,,fruct. etc.,fruct. etc.,fruct. etc.,fruct. etc.,fruct. etc.,fruct. etc.,fruct. etc.,,
fund.,fundare;,"gründen, stiften;",,"fund, fundav, fundat",a-Konj.,,fund.,fund.,fund.,fund.,fund.,fund.,fund.,fund.,,
,fundatio;,"Gründung, Stiftung;",,fundation -is,konsonantisch,,fund.,fund.; fundat.,fund.; fundat.,fund.,fund.,fund.,fund.,fund.,,
,fundator,"Gründer, Stifter",,fundator -is,konsonantisch,,,,,,,,,,,
fundat.,fundatio;,"Gründung, Stiftung;",siehe fund.,,,,,,,,,,,,,
,fundator,"Gründer, Stifter",siehe fund.,,,,,,,,,,,,,
gen.,genus;,Geschlecht;,,gener -is,konsonantisch (n.),gen.,gen.,gen.,gen.,gen.,gen.,gen.,gen.,gen.,,
,genitus,abstammend (bei Geburtsmakel),,genit -i,o ,,,,,,,,,,,
,generalis,"allgemein, General-","in Bd. 1,4",,,,,,,,,,,,,
gener.,generalis,"allgemein, General-","gen. 1,4",general -is,i (Adj.),gen.,gener.,,gen.; gener.; general.,gen.,gen.,gen.,gen.,gen.,,
general.,generalis,"allgemein, General-",siehe gener.,,,,,,,,,,,,,
gr.,gratia;,(päpstlicher) Gunsterweis,,grati -(a)e,a,gr.,gr.,gr.,gr.,gr.,gr.,gr.,gr.,gr.,,
,grossus,,4,gross -i,o,,,,,,,,,,,
grad.,gradus,Grad,,grad -us,u,grad.,,grad.,,,grad.,,,grad.,,
guard.,guardianus,Guardian,"nur in 6,7,8",guardian -i,o,,,,,,guard.,guard.,guard.,,,
hab.,habere,,"2,4 v.a. in hab. pot.=habens potestatem","habe, habu, habit",e-Konj.,,hab.,,hab.,,,,,,,
hab. pot.,habens potestatem,,"nur in 2,4",,,,hab. pot.,,hab. pot.,,,,,,,
habil.,habilitare;,für fähig erklären (zur Ausübung klerikaler Funktionen);,,"habilit, habilitav, habilitat",a-Konj.,,,,habil.,habil.,,habil.,habil.,habil.,,
,habilitas;,Fähigkeit;,,habilitat -is,konsonantisch,,,,,,,,,,,
,habilitatio,(Wiederherstellung der) Befähigung,,habilitation -is,konsonantisch,,,,,,,,,,,
hon.,honoris,,"2,4 v.a. mit cap. hon.=capellanus honoris",honor -is,konsonantisch,,hon.,hon.,hon.,,,,,,,
hosp.,hospitale;,"Herberge, Hospital;",,hospital -is,konsonantisch,hosp.,hosp.,hosp.,hosp.; hospit.,hosp.,hosp.,hosp.,hosp.,hosp.,,
,hospitium,Herberge,,hospiti -i,o (n.),,,,,,,,,,,
,hospitalis,,1,hospital -is,i (Adj.),,,,,,,,,,,
hosp. paup.,hospitale pauperum,,siehe hosp. pauper.,,,,,,,,,,,,,
hosp. pauper.,hospitale pauperum,,,nur hospitale wird dekliniert,,hosp. pauperum,hosp. paup.; hosp. pauper.; hosp. pauperum,hosp. paup.; hosp. pauperum,hosp. paup.; hospit. paup.; hosp. pauperum,hosp. paup.,hosp. paup.,hosp. paup.,hosp. paup.; hosp. pauperum,hosp. paup.; hosp. pauperum,,
hospit.,hospitale,"Herberge, Hospital;",siehe hosp. ,,,,,,,,,,,,,
,hospitium,Herberge,,,,,,,,,,,,,,
hospit. paup.,hospitale pauperum,,siehe hosp. pauper.,,,,,,,,,,,,,
i. m.,intra muros,innerhalb der Mauern,"in 1 hat i. m. andere, mir unbekannte Bedeutung",,,i. m.,,,i. m.; intra muros,i. m.; intra muros,i. m.,i. m.,i. m.; intra muros,i. m.; intra muros,,
i. p. i.,in partibus infidelium,,,,,,in partibus infidelium,,,in partibus infidelium,i. p. i.,,,in partibus infidelium,,
ian.,ianuarius,Januar,,ianuari -i,o,ian.,ian.,ian.,ian.,ian.,ian.,ian.,ian.,ian.,,
id.,identisch,,4; auch in 2;Bedeutung in beiden auch idem?,,,,id.,,id.,,,,,,,
ieiun.,ieiunium,,nur in 3; ausgeschriebben auch ieiuneum,ieiuni -i/ieiune -i,o (n.),,,ieiun.,,,,,,,,
immed.,immediatus,unmittelbar,,immediat -i,o (Adj.),,immed.,immed.,immed.,,,immed.,immed.,immed.,,
imp.,imperator;,Kaiser;,siehe imper.,,,,,,,,,,,,,
,imperium,Reich;,,,,,,,,,,,,,,
,imperialis,kaiserlich,,,,,,,,,,,,,,
imper.,imperator;,Kaiser;,,imperator -is,konsonantisch,imp.,imper.,imp.; imper.; imperial.,,imper.,imp.,imper.,imper.,imper.,,
,imperium;,Reich;,,imperi -i,o (n.),,,,,,,,,,,
,imperialis,kaiserlich,,imperial -is,i (Adj.),,,,,,,,,,,
imperial.,imperialis,kaiserlich,siehe imper.,,,,,,,,,,,,,
in cur. defunct.,in curia defunctus,am päpstlichen Hof gestorben,inexistent; ausgeschrieben oder nur cur. abgekürzt,defunct -i,o (Adj.),,,,,,,,,,,
incomp.,incompatibilitas,,siehe incompat.,,,,,,,,,,,,,
incompat.,incompatibilis;,unvereinbar,,incompatibil -is,i (Adj.),,incompat.,incompat.,incompat.; incomp.,incompat.,incompat.,incompat.,incompat.,incompat.,,
,incompatibilitas,,4,incompatibilitat -is,konsonantisch,,,,,,,,,,,
incorp.,incorporare,"inkorporieren, einverleiben",,"incorpor, incorporav, incorporat",a-Konj.,incorp.,incorp.,incorp.,incorp.,incorp.,incorp.,incorp.,incorp.,incorp.,,
,incorporatio,Inkorporierung,,incorporation -is,konsonantisch,,,,,,,,,,,
indeb.,indebite,,,,,,,,indeb.,,,,,,,
indulg.,indulgentia;,Nachlaß (von Sündenstrafen),,indulgent -(a)e,a,indulg.,indulg.,indulg.,indulg.,indulg.,indulg.,indulg.,indulg.,indulg.,,
,indulgere,,4,"indulge, induls, indult",e-Konj.,,,,,,,,,,,
inf.,inferior,,6,inferior -is,konsonantisch (Adj.),,,infer.,inf.; infer.,,inf.,,,,,
infer.,inferior,,siehe inf.,,,,,,,,,,,,,
ingr.,ingredi;,eintreten (ins Kloster);,,"ingred, ingress",halbkonsonantische Konj.,,ingr.,ingr.; ingred.,ingr.; ingred.,ingr.,ingr.,ingr.,ingr.,ingr.,,
,ingressus;,eingetreten;,,ingress -i,o (Adj.),ingress.,ingr.,ingr.,ingr. ,ingr.,ingr.,ingr.,ingr.,ingr.,,
,ingressio,Eintritt,,ingression- is,konsonantisch,,,,,,,,,,,
ingred.,ingredi ,eintreten (ins Kloster);,siehe ingr.,,,,,,,,,,,,,
ingress.,ingressus;,eingetreten;,siehe ingr.,,,,,,,,,,,,,
,ingressio,Eintritt,,,,,,,,,,,,,,
inhab.,inhabilitas,Unfähigkeit (zur Ausübung klerikaler Funktionen),,inhabilitat -is,konsonantisch,,inhab.; inhabil.,inhabil.,inhab.; inhabil.,inhabil.,inhab.,inhab.,inhabil.,inhab.,,
inhabil.,inhabilitas,Unfähigkeit (zur Ausübung klerikaler Funktionen),siehe inhab.,,,,,,,,,,,,,
in man.,in manibus,,,,,,in man.,in man.,in man.,,,,,,,
inquir.,inquirere,,,"inquir, inquisiv, inquisit",konsonantische Konj.,,,inquir.,,,,,,,,
insign.,insignia,,"2,3,6 v.a. insign. pontif.",insigni -um (bereits Pl.),i (n.),,insign.,insign.,insig.,,,,,,,
insign. pontif.,insignia pontificalia,,,insigni -um pontificali -um,beide i (n.),,insign. pontif.,insign. pontif.,insignia pontif.,,insignia pontifical.,insignia pontific.,,,,
instit.,instituere;,"einsetzen, einrichten",,"institu, institu, institut",konsonantisch,,,instit.,instit.,instit.,instit.,instit.,instit.,instit.,,
,institutio,,"in Bd. 2,4,6,8 laut Abk-Verz.",institution -is,konsonantisch,,,,,,,,,,,
instr.,instrumentum,(Notariats-)Instrument,,instrument -i,o (n.),,instr.; instrum.,instr.; instrum.,instr.; instrum.,,instrum.,,,instr.,,
instrum.,instrumentum,(Notariats-)Instrument,siehe instr.,,,,,,,,,,,,,
interd.,interdictum;,Interdikt,,interdict -i,o (n.),,interd.,,interd.,interd.,interd.,interd.,interd.,interd.,,
,interdicere,,5.8,"interdic, interdix, interdict",konsonantische Konj.,,,,,,,,,,,
introduc.,introducere,,,"introduc, introdux, introduct",konsonantische Konj.,,introduc.,introduc.,,,,,,,,
irr.,irregularitas;,"Irregularität, (Weihe-) Hindernis",siehe irreg.,,,,,,,,,,,,,
,irregularis,,,,,,,,,,,,,,,
irreg.,irregularitas;,"Irregularität, (Weihe-) Hindernis",,irregularitat -is,konsonantisch,irreg.; irregul.,irreg.; irr.; irregul.,irreg.,irreg.; irregul.,irreg.,irreg.,irreg.,irreg.,irreg.,,
,irregularis,,"1,5,8",irregular -is,i/konsonantisch ?,,,,,,,,,,,
irregul.,irregularitas;,"Irregularität, (Weihe-) Hindernis",siehe irreg.,,,,,,,,,,,,,
,irregularis,,,,,,,,,,,,,,,
iud.,iudex,,nur in 6,iudic -is,konsonantisch,,,,,,iud.,,,,,
iudic.,iudiciaria;,,,iudiciari -(a)e,a,,iudic.,iudic.,,,iudic.,,,,,
,iudicium,,,iurdici -i,o (n.),,,,,,,,,,,
iul.,iulius,Juli,,iuli -i,o,iul.,iul.,iul.,iul.,iul.,iul.,iul.,iul.,iul.,,
iun.,iunior;,der jüngere;,,iunior -is,konsonantisch,iun.,iun.,iun.,iun.,iun.,iun.,iun.,iun.; iunior.,iun.,,
,iunius,Juni,,iuni -i,o,,,,,,,,,,,
iur.,iuris (usw.),des Rechts (usw.),,iur -is,konsonantisch,,iur.,iur.,iur.,iur.,iur.,iur.,iur.,iur.,,
iuram.,iuramentum,Eid,,iurament -i,o (n.),,iuram.,iuram.,iuram.,iuram.,iuram.,iuram.,iuram.,iuram.,,
iurisd.,iurisdictio,Gerichtsbarkeit; Gerichtshoheit,,iurisdiction -is,konsonantisch,,iurisd.,,,,iurisd.,iurisd.,iurisd.,iurisd.,,
k.,korrigiert,,inexistent,,,,,,,,,,,,,
karl.,karlinus,,nur in 5,,,,,,,karl.,,,,,,
l. b.,lectio bulle,,,lection -is,konsonantisch,,,,,l. b.,l. b.,,l. b.,,,
l. T. p.,libra Turonensium parvorum,Pfund kleiner Turnosen (Münze),,,,,,,,l. Tur. p.,l. T. p. ,l. T. p.,l. Tur. p.,l. T. p.,,
l. Tur. p.,libra Turonensium parvorum,Pfund kleiner Turnosen (Münze),siehe l. T. p.,,,,,,,,,,,,,
laic.,laicus;,Laie;,,laic -i,o,,laic.,laic.,laic.,laci.,laic.,laic.,laic.,laic.,,
,laicalis,"weltlich, Laien-",,laical -is,i (Adj.),,laic.,laic.; laical.,laic.,laic.,laic.,laic.,laic.,laic.,,
laical.,laicalis,"weltlich, Laien-",siehe laic.,,,,,,,,,,,,,
lect.,lector,,,lector -is,konsonantisch,,lect.,lect.,lect.,,lect.,,,,,
leg.,leges,Rechte,,leg -um (bereits Plural),konsonantisch,leg.,leg.,leg.,leg.,leg.,leg.,leg.,leg.,leg.,,
legit.,legitimare;,,,"legitim, legitimav, legitimat",a-Konj.,,,legit.,,legit.,,legit.,legit.,legit.,,
,legitimatio;,,,legitimation -is,konsonantisch,,,,,,,,,,,
,legitimus,,,legitim -i,o (Adj.),,,,,,,,,,,
len.,lenitas,,,lenitat -is,konsonantisch,,len.,,,,,,,,,
libr.,libra,Pfund,"und ""l."", aber nur in Abk. ""l.T.p."" und ""l. Tur. p.""",libr -(a)e,a,,,,,libr.,libr.; lib.,libr.,libr.,libr.,,
lic.,licentia;,Erlaubnis,,licenti -(a)e,a,lic.,lic.,lic.,lic.,lic.,lic.,lic.,lic.,lic.,,
,licentiatus,,"in 2,4,6,7 ",,,,,,,,,,,,,
licent.,licentiatus,Lizentiat (akademischer Grad),"in 2,4,6,7: lic.",,,,lic.,,lic.,licent.,lic.,lic.,licent.,,,
lim.,limina (appl.),Schwellen (der Gräber der Apostel Petrus und Paulus); (Pflicht der Bischöfe zum regelmäßigen Besuch der Kurie);,,limin -um (bereits Pl.),konsonantisch,,lim.,,limin.,lim.,lim.,lim.,lim.,lim.,,
,limites,Grenzen,,limit -um (bereits Pl.),konsonantisch,,,,,,,,,,,
limin.,limina (appl.),Schwellen (der Gräber der Apostel Petrus und Paulus); (Pflicht der Bischöfe zum regelmäßigen Besuch der Kurie);,siehe lim.,,,,,,,,,,,,,
lit.,lite/litis,,,?,?,,lit.,lit.,lit.,,lit.,lit.,,,,
lit. pend.,lite pendente,,,,,,,,,,,,,,,
lite pend.,lite pendente,,,,,,,lit. pend.; lit. pend.,lite pend.,,lit. pend.,lit. pend.,,,,
litig.,litigare;,"streiten, prozessieren",,"litig, litigav, litigat",a-Konj.,,litig.,litig.,litig.,litig.,litig.,litig.,litig.,litig.,,
,litigiosus,,7,litigios -i,o (Adj.),,,,,,,,,,,
litt.,littere,"Urkunde, Brief",,litter -is,konsonantisch,,litt.,litt.,litt.,litt.,litt.,litt.,litt.,litt.,,
litt. testim.,littere testimoniales,,siehe testim. litt.,,,,,,,,,,,,,
loc.,locus;,,"2,4,6 ",loc -i,o,,loc.,,loc.,,loc.,,,,,
,locare,,,"loc, locav, locat",a-Konj.,,,,,,,,,,,
m.,mandare;,befehlen;,,"mand, mandav, mandat",a-Konj.,m.,m.; mand.,m.; mand.,m.; mand.,m.,m.,m.,m.,m.,"ob der extrem häufigen Verwendung der Abkürzung ist mit sinnvollem Zeitaufwand nicht festzustellen, ob ""m."" wirklich in allen Bänden als Abkürzung für alle genannten Begriffe verwendet wird",
,mandatum;,beauftragen; Auftrag;,,mandat -i,o (n.),m.,m.; mand.,m.; mand.; mandat.,m.; mand.,m.,m.,m.,m.,m.,,
,marca;,Mark;,,marc -(a)e,a,m.,m.,m.; marc.,m.; marc.,m.,m.,m.; marc.,m.,m.,,
,murus;,Mauer,v. a. in e. m. und i. m.,mur -i,o,m.,m.,m.,m.,m.,m.,m.,m.,m.,,
,manus;,Hand,"2,3,4,5,7,8 v.a. in p.m.=per manus; und in ""in man."" 2,3,4",man -us,u,m.,m.; man.,m.; man.,m.; man.,m.,m.,m.,m.,m.,siehe Erklärung zu m.=mandare etc.,
,memoria,,8,memori -(a)e,a,,,,,,,,,,s. o.,
m. a. p.,marca argenti puri,Mark reinen Silbers,siehe m. arg. p.,,,,,,,,,,,,,
m. arg.,marca argenti,Mark Silbers,,marc -(a)e (argenti wird nicht verändert),,,,,,m. arg.; marc. arg.,m. arg.,m. arg.,m. arg.,m. arg.,,
m. arg. p.,marca argenti puri,Mark reinen Silbers,,,,,,,,m. arg. p.,m. a. p.,m. a. p.,m. arg. p.,m. a. p.,,
mag.,magister,"Magister, Meister, Vorsteher",,magistr -i,o,mag.,mag.,mag.,mag.,mag.,mag.,mag.,mag.,mag.,,
mai.,maius,Mai,"in 2,4,6 nicht maius",mai -i,o,mai.,mai.,mai.,mai.,mai.,mai.,mai.,mai.,mai.,,
,maior,"der größere, der höhere; Groß-. Haupt-","in 2,4,6",,,,,,,,,,,,,
maior.,"maior (ungekürzt, dekl.)","der größere, der höhere; Groß-. Haupt-","mai. in 2,4,6",maior -is,konsonantisch,mai.,mai.,mai.; maior.,mai.,mai.; maior.,mai.,mai.,mai.; maior.,mai.,,
maior eccl.,maior ecclesia,Bischofskirche,,,,,,maior. eccl.,,maior. eccl.,,,maior. eccl.,,,
man.,manus ,Hand,siehe m. ,,,,,,,,,,,,,
mand.,mandare;,"befehlen, beauftragen;",siehe m.,,,,,,,,,,,,,
,mandatum ,Auftrag,,,,,,,,,,,,,,
marc.,marca,Mark,siehe m.,,,,,,,,,,,,,
marc. arg.,marca argenti,Mark Silbers,siehe m. arg. ,,,,,,,,,,,,,
mart.,martius,März,,,,mart.,mart.,mart.,mart.,mart.,mart.,mart.,mart.,mart.,,
,mart[iy]r,Märtyrer,"4 martyr; 6,7 martir; martir. =martir (is etc.) in 5,8; mart.= beides in 9",mart[iy]r -is ?,,mart.,mart.; martir.,mart.,mart.,mart.; martir.,mart.,mart.,mart.; martir.,mart.,,
matrim.,matrimonium,Ehe,,matrimoni -i,o (n.),,matrim.,matrim.; matrimon.,matrim.,matrim.,matrim.,matrim.,matrim.,matrim.,,
,matrimonialis (disp.),Ehe-(dispens),,matrimonial -i,i (Adj.),,,,,,,,,,,
matrimon.,matrimonium,Ehe,siehe matrim.,,,,,,,,,,,,,
,matrimonialis (disp.),Ehe-(dispens),,,,,,,,,,,,,,
med.,medicina;,Medizin,,medicin -(a)e,a,,med.,med.,med.,med.,med.,med.,med.,med.,,
,medius,,3,medi -i,o (Adj.),,,,,,,,,,,
merc.,mercator,Kaufmann,,mercator -is,konsonantisch,,merc.,mercat.,,merc.,merc.,merc.,merc.,merc.,,
mil.,miles;,Ritter;,,milit -is,konsonantisch,,mil.; milit.,mil.; milit.,mil.; milit.,mil.,mil.,mil.,mil.,mil.,,
,militaris;,ritterlich,,militar -is,i/konsonantisch ? (Adj.),,,,,,,,,,,
,milia,,4,mili -um (bereits Pl.),i ,,mil.,mil.,mil.,mil.,mil.,mil.,mil.,mil.,"wahrscheinlich nicht in allen Bänden als Abk. für ""milia"" verwendet, doch auch nicht auszuschließen",
milit.,miles (dekliniert),Ritter,siehe milit.,,,,,,,,,,,,,
,militaris ,ritterlich,,,,,,,,,,,,,,
min.,minor;,"der geringere, kleinere;",,minor -is,konsonantisch,min.,min.,min.,min.,min.,min.,min.,min.,min.,,
,minutus,klein,,minut -i,o (Adj.),,,,,,,,,,,
min. serv.,minuta servitia,,siehe serv. min.,,,,,,,,,,,,,
min. servit.,minuta servitia,,siehe serv. min.,,,,,,,,,,,,,
mon.,monasterium,Kloster,in 3 auch monachus,monasteri -i,o (n.),mon.,mon.; monast.,mon.,mon.; monast.,mon.,mon.,mon.,mon.,mon.,,
,monachus,Mönch,in Bd. 3,,,,,,,,,,,,,
monach.,monachus,Mönch,und mon. in Bd. 3,monach -i,o,monach.,monach.,monach.; mon.,monach.,monach.,monach.,monach.,monach.,monach.,"möglicherweise auch in anderen Bänden außer Bd. 3 Abk. ""mon."" für ""monachus"" verwendet",
monast.,monasterium,Kloster,siehe mon.,,,,,,,,,,,,,
monial.,monialis,"Nonne, zur Nonne gehörig",,monial -is,i ?,monial.,monial.,monial.,monial.,monial.,monial.,monial.,monial.,monial.,,
mort.,mortis,,"4,5,6 v.a. in mort. art.",mort -is,konsonantisch,mort.,,,mort.,mort.,,,,,,
mort. art.,mortis articulus/facultas absolvendi in mortis articulo,,,,,,,,mort. art.,mort. artic.,,,,,,
mort. artic.,mortis articulus/facultas absolvendi in mortis articulo,,siehe mort. art.,,,,,,,,,,,,,
motu pr.,motu proprio,(vorgeblich) aus eigenem Antrieb (erlassene Verfügung des Papstes),,,,,,,,motu pr.,motu pr.,motu pr.,motu pr.,motu pr.,,
mul.,mulier,(Ehe-)Frau,,mulier -is,konsonantisch,,mul.,,mul.,mul.,mul.,mul.,mul.,mul.,,
mun.,munus,,2.3,muner -is,konsonantisch,,mun.,mun.,,,,,,,,
n.,non,nicht,,,,n.,n.,n.,n.,n.,n.,n.,n.,n.,"in Bd. 1 hat ""n."" andere, mir unbekannte Bedeutung",
n. o.,non obstante/obstantibus (als Ablativus absolutus),ungeachtet (von – aufgezählten Pfründen und Rechten),,,,non obst.,n. o. ,n. o. ,n. o. ,n. o.; non obstant.,n. o. ,n. o . ,n. o. ,n. o.,,
nat.,natalis (def.),Geburts-(makel),,natal -i,i (Adj.),nat.,nat.,nat.,nat.,nat.,nat.,nat.,nat.,nat.,,
nob.,nobilis,adelig,,nobil -is,i (Adj.),nob.,nob.,nob.,nob.,nob.,nob.,nob.,nob.,nob.,,
nom.,nominare;,,7.8,"nomin, nominav, nominat",a-Konj.,,,,"nom., nomin.",,nom.; nomin.,nom.,nom.,,,
,nominatio;,,7.8,nomination -is,konsonantisch,,,,,,,,,,,
,nominatus,,4,nominat -i,o ,,,,,,,,,,,
nomin.,nominare;,,siehe nom.,,,,,,,,,,,,,
,nominatio;,,,,,,,,,,,,,,,
,nominatus,,,,,,,,,,,,,,,
non obst.,non obstante/obstantibus (als Ablativus absolutus),ungeachtet (von – aufgezählten Pfründen und Rechten),siehe n. o.,,,,,,,,,,,,,
non obstant.,non obstante/obstantibus (als Ablativus absolutus),ungeachtet (von – aufgezählten Pfründen und Rechten),siehe n. o.,,,,,,,,,,,,,
not.,notarius;,Notar,,notari -i,o,not.; notar.,not.,not.,not.,not.,not.,not.,not.,not.,,
,notitia,,4,notiti -(a)e,a,not.,not.,not.,not.,not.,not.,not.,not.,not.,,
notar.,notarius ,Notar,siehe not.,,,,,,,,,,,,,
nov.,november,November,,novembr -is,konsonantisch,nov.,nov.,nov.,nov.,nov.,nov.,nov.,nov.,nov.,,
nunc.,nuncupatus,genannt,,nuncupat -i,o (Adj.),nunc.,nunc.,nunc.; nuncup.,nunc.; nuncup.,nunc.,nunc.,nunc.,nunc.,nunc.,,
nuncup.,nuncupatus,genannt,siehe nunc.,,,,,,,,,,,,,
nunt.,nuntius,Gesandter (allgemein); Nuntius,,nunti -i,o,,nunt.,,nunt.,,nunt.,nunt.,nunt.,nunt.,,
o.,obitus;,Tod;,,obit -us,u,o.; ob.,o.,o.; ob.,o.,o.,o.,o.,o.,o.,"nicht zu entscheiden, ob ""o."" in der Bedeutung ""obitus"" nicht in einem oder mehreren Bänden nicht verwendet wurde",
,ordo;,Orden,siehe ord.,ordin -is,konsonantisch,,,,,,,,,,,
,obstante/obstantibus;,,siehe n. o.,,,,,,,,,,,,,
,obligatio,,4 (und andere Bedeutungen auch); siehe oblig.,obligation -is,konsonantisch,,,,,,,,,,,
o. in cur.,obitus in cur.,am päpstlichen Hof gestorben,,,,,,,o. in curia,,,,o. in cur.,,,
o. Carm.,ordo Carmelitarum,Karmeliterorden,siehe Extraseite Orden,,,,,,,,,,,,,
o. Cartus.,ordo Cartusiensis,Kartäuserorden,siehe Extraseite Orden,,,,,,,,,,,,,
o. Cist.,ordo Cisterciensium,Zisterzienserorden,,,,,,,,,,,,,,
o. Clun.,ordo Cluniacensium,Kluniazenserorden,,,,,,,,,,,,,,
o. fr. herem. s. Aug.,ordo fratrum heremitarum sancti Augustini ,Orden der Augustinereremiten,,,,,,,,,,,,,,
o. fr.min.,ordo fratrum minorum,Minderbrüderorden (Franziskaner,,,,,,,,,,,,,,
o. pred.,ordo predicatorum,Predigerorden (Dominikaner),,,,,,,,,,,,,,
o. Prem.,ordo Premonstratensium,Prämonstratenserorden,,,,,,,,,,,,,,
o. s. Ant.,ordo sancti Antonii,Antoniterorden,,,,,,,,,,,,,,
o. s. Aug.,ordo sancti Augustini,Augustinerorden,,,,,,,,,,,,,,
o. s. Ben.,ordo sancti Benedicti,Benediktinerorden,,,,,,,,,,,,,,
o. s. Clare,ordo sancte Clare,Klarissenorden,,,,,,,,,,,,,,
ob.,obitus,Tod ,,,,,,,,,,,,,,
obed.,obedientia,,,obedienti -(a)e,a,,,obed.,obed.,obed.,obed.,obed.,obed.,,,
,obedire,,,"obed, obediv, obedit",i-Konj. ,,,,,,,,,,,
obl.,obligatio,"sich verpflichten (zur Zahlung), Verpflichtung",siehe oblig.,,,,,,,,,,,,,
,obligare ,,,,,,,,,,,,,,,
oblig.,obligatio,"sich verpflichten (zur Zahlung), Verpflichtung",,obligation -is,konsonantisch,oblig.,oblig.; obl.,oblig.,oblig.; obl.,oblig.,oblig.,oblig.,oblig.,oblig.,"laut Abk.-Verz. in Bd. 4 und möglicherweise auch in anderen Bänden auch Abk. ""o."" verwendet",
,obligare ,,,"oblig, obligav, obligat",a-Konj.,,,,,,,,,,,
oblig. sup. ann.,obligatio super annata,,siehe o. s. a.,,,,,,,,,,,,,
oblig. sup. annat.,obligatio super annata,,siehe o. s. a.,,,,,,,,,,,,,
obs.,observantia,(strenge) Beobachtung (der Ordensregeln),siehe observ.,,,,,,,,,,,,,
observ.,observantia,(strenge) Beobachtung (der Ordensregeln),,observanti -(a)e,a,,,observ.,observ.,observ.,observ.,observ.; obs.,observ.,observ.,,
,observare;,,7.8,"observ, observav, observat",a-Konj.,,,,,,,,,,,
,observatio,,7.8,observation -is,konsonantisch,,,,,,,,,,,
obt.,obtinere,innehaben ,siehe obtin.,,,,,,,,,,,,,
obtin.,obtinere,innehaben ,,"obtine, obtinu, obtent",e-Konj.,obtin.,obtin.,,obt.,obtin.,obtin.; obt.,obtin.,obtin.,obtin.,,
oct.,october,Oktober,,octobr -is,konsonantisch,oct.,oct.,oct.,oct.,oct.,oct.,oct.,oct.,oct.,,
occ.,occupare,,siehe occup.,,,,,,,,,,,,,
occup.,occupare,,,"occup, occupav, occupat",a-Konj.,,occup.,occup.,occup.,occup.,occup.; occ.,occup.,occup.,,,
,occupatio,,,occupation -is,konsonantisch,,,,,,,,,,,
,occupator,,,occupator -is,konsonantisch,,,,,,,,,,,
off.,officium,Amt; (Gottes-)Dienst,,offici -i,o (n.),off.,off.,off.,offic.,off.,off.,off.,off.,off.,"vermutlich in Bd. 4 und möglicherweise auch in anderen Bänden Abk. ""offic."" verwendet",
off. tab.,,,siehe tab. off.,,,,,,,,,,,,,
off. tabell.,,,siehe tab. off.,,,,,,,,,,,,,
offic.,officialis,Offizial,,official -is,i ?,,offic.; official.,offic.,offic.,offic.,offic.,offic.,offic.,offic.,"vermutlich in Bd. 1 und möglicherweise auch in anderen Bänden Abk. ""off."" verwendet",
,officium,,in 2 und 4 laut Abk-Verz.,offici -i,o (n.),,,,,,,,,,,
official.,officialis,,siehe offic.,,,,,,,,,,,,,
omn. ,omnes,,,omn -ium,konsonantisch ?,omn. ,omn.,,omn. ,omn. ,omn. ,omn. ,,,,
omn. SS.,Omnium Sanctorum,Allerheiligen,siehe omn. ss.,,,,,,,,,,,,,
omn. ss.,Omnium sanctorum,Allerheiligen,,,,omn. SS.,omn. ss.,,omn. ss.,omn. ss.,omn. ss.,,,,,
op.,op(p)idum,Stadt,,op(p)id -i,o (n.),op.,op.,op.,op.,op.; opp.,op.,op.,op.,op.,"möglicherweise auch ""opid."" in der Bedeutung ""opidum"" verwendet",
opid.,opidanus,Stadtbewohner,siehe oppid.,,,,,,,,,,,,,
,(opidum),(Stadt),"vielleicht, nicht sicher, ob wirklich verwendet",,,,,,,,,,,,,
opidan.,opidanus,Stadtbewohner,siehe oppid.,,,,,,,,,,,,,
opp.,oppidum,Stadt,siehe op.,,,,,,,,,,,,,
oppid.,op(p)idanus,Stadtbewohner,,op(p)idan -i,o,,opid.,opid.,opid.; opidan.,opid.,opid.,opid.,opid.,oppid.,"möglicherweise auch ""op."" in der Bedeutung ""opidanus"" verwendet",
ord.,ordo;,Weihegrad; Orden,,ordin -is,konsonantisch,ord.,ord.,ord.,ord.,ord.,ord.,ord.,ord.,ord.,"Als Abk. für Orden meist ""o."" in Abk.-Kombinationen verwendet",
,ordinaria,,"2 nicht ordo, sondern ordinaria/us",,,ord.,ord.,ord.; ordin.,ord.; ordin.,ord.; ordin.,ord.,ord.; ordin.,ord.; ordin.,ord.; ordin.,,
ordin.,ordinarius;,"Ordinarius, zuständige kirchliche Obere (meist: Bischof)",ord. 2,ordinari -i,o,ord.,ord.,ord.; ordin.,ord.; ordin.,ord.; ordin.,ord.,ord.; ordin.,ord.; ordin.,ord.; ordin.,"nicht zu entscheiden, ob ""ord."" auch in anderen Bänden außer 2 für ""ordinarius/a"" steht, sicherheitshalber bei allen Bänden mit aufgeführt",
,ordinare,,8,"ordin, ordinav, ordinat",a-Konj.,,,,,,,,,,,
,ordinaria,,,,,,,,,,,,,,,
o.s.a.,obligatio super annata,,4.5,,,,,oblig. super annata,o. s. a.; obl. sup. ann.,o. s. a.; oblig. sup. ann.; obligatio sup. ann.,oblig. sup. ann.,oblig. sup. ann.,oblig. sup. annat.,oblig. sup. annat.,,
p.,per;,durch;,,,,p.,p.,p.,p.,p.,p.,p.,p.,p.,,
,parvus;,klein;,siehe l. T. p.,parv -i,o (Adj.),,,,,,,,,,,
,purus;,rein,v. a. in m. a. p.,pur -i,o (Adj.),,,,,,,,,,,
,prebenda,,4 v.a. in c.r.p. und s.e.p.,prebend -(a)e,a,,,,,,,,,,,
p.m.,per manus,,,,,,p. m.,p. m.,,p. m.,,p. m.,p. m.,p. m.,,
p. o.,per obitum,durch Tod,,,,per ob.; per obitum,p. o.,per ob.,p. o. ,p. o. ,p. o. ,p. o.,p. o.,p. o.,,
pal.,palatium,Palast,,palati -i,o (n.),pal.,pal.; palat.,pal.; palat.,pal.; palat.,pal.,pal.,,pal.,pal.,,
palat.,palatium,Palast,siehe pal.,,,,,,,,,,,,,
par.,parochialis;,Pfarr-;,,parochial -is,i (Adj.),par.,par.,par.; parochial.,par.,par.,par.,par.,par.,par.,,
,parens;,Elternteil;,,parent -is,gemischt,par.,par.,par. ,par.,par.,par.,par.,par.,par.,,
,parentes,Eltern,,parent -um,gemischt,,,,,,,,,,,
paroch.,parochia,"Pfarrei, Pfarrsprengel; Amt des ",,parochi -(a)e,a,paroch.,,paroch.,paroch.,paroch.,paroch.,paroch.,paroch.,paroch.,,
parochial.,parochialis ,Pfarr- ,siehe par.,,,,,,,,,,,,,
parochian.,parochianus,,,parochian -i,o,,,parochian.,,,,,,,,
patr.,patriarcha,,"in 2,3,4 auch andere Bedeutung",patriarch -(a)e,a,patr.,patr.,patr.,patr.,,,,,,,
,patronus,Patron,"in 2,3",,,,,,,,,,,,,
,patronatus ,Patronat ,"in 2,4",,,,,,,,,,,,,
patron.,patronatus;,Patronat;,"patr. in 2,4",patronat -us,u,,patr.; patron.,patron.,patr.; patron.,patron.,patron.,patron.,patron.,patron.,"möglicherweise ""patr."" in Bd. 1 und 3 für ""patronus/patronatus""",
,patronus,Patron,,patron -i,o,,,,,,,,,,,
paup.,pauper;,arm; Arme ?,,pauper -is,konsonantisch/gemischt?,,paup.; pauper.,paup.,paup.,paup.,paup.; pauper.,paup.,paup.,paup.,,
,paupertas,,5,paupertat -is,konsonantisch,,,,,,,,,,,
pauper.,pauper (dekliniert),,siehe paup.,,,,,,,,,,,,,
pec.,pecunia,Geld,,pecuni -(a)e,a,,pec.; pecun.,,pecun.,pec.,pec.,pec.,pec.,pec.,,
pecun.,pecunia,Geld,siehe pec.,,,,,,,,,,,,,
pend.,?,,siehe lite pend.,,,,,,,,,,,,,
penit.,penitentiaria;,"Pönitentiarie, päpstliches Bußamt;",pen. in Bd. 3,penitentiari -(a)e,a,,penit.,pen.,penit.; penitent.,penit.,penit.,penit.,penit.,penit.,,
,penitentiarius,Pönitentiar,,penitentiari -i,o,,,,,,,,,,,
penitent.,penitentiaria ,"Pönitentiarie, päpstliches Bußamt;",siehe penit.,,,,,,,,,,,,,
,penitentiarius,Pönitentiar,,,,,,,,,,,,,,
pens.,pensio,Rente (aus einer Pfründe) ,,pension -is,konsonantisch,,,,,pens.,pens.,pens.,pens.,pens.,,
perc.,percipere,beziehen (von Einkünften),siehe percip.,,,,,,,,,,,,,
percip.,percipere,beziehen (von Einkünften),,"percipi, percep, percept",gemischte Konj.,,percip.,percip.,percip.,percip.,percip.; perc.,percip.,percip.,percip.,,
percept.,perceptus,,"meist in Verbindung ""male percept.""",percept -i,o (Adj.),,,percept.,percept.,,percept.,,,,,
perm.,permutare;,tauschen;,,"permut, permutav, permutat",a-Konj.,,perm.; permut.,permut.,perm.,perm.,perm.,perm.,perm.,perm.,,
,permutatio,Tausch,,permutation- is,konsonantisch,,,,,,,,,,,
permut.,permutare;,tauschen;,siehe perm.,,,,,,,,,,,,,
,permutatio,Tausch,,,,,,,,,,,,,,
perp.,perpetuus,"ständig, dauernd",,perpetu -i,o (Adj.),perp.,,perp.,perp.; perpet.,perp.,perp.,perp.,perp.,perp.,,
perpet.,perpetuus,"ständig, dauernd",siehe perp.,,,,,,,,,,,,,
persolv.,persolvere,"zahlen, entrichten",,"persolv, persolv, persolut",konsonantische Konj.,,persolv.,,,,persolv.,,,persolv.,,
person.,personatus,Personat (kirchliche Würde),in 3 auch persona(s),personat -us,u,pers.,,person.; personat.,,person.,person.,person.,person.,person.,,
,persona ,,in Bd. 3,,,,,,,,,,,,,
personat.,personatus,Personat (kirchliche Würde),siehe person.,,,,,,,,,,,,,
pertin.,pertinere,gehören,,"pertine, pertinu, -",e-Konj.,,pertin.,,pertin.,pertin.,pertin.,pertin.,pertin.,pertin.,,
pleb.,plebanus,Pfarrer,pleban. 3,pleban -i,o,pleban.,pleb.,pleb.; pleban.,pleb.,pleb.,pleb.,pleb.,pleb.,pleb.,"in 3 laut Abk-Verzeichnis Bd. 3 bedeutet ""pleban."" = plebanus; vermutlich auch in Bd. 1",
pleban.,plebanatus;,Amt des Pfarrers;,pleban. in 3 steht nur für plebanus laut Abk-Verz,plebanat -us,u,pleban.,pleban.,pleban.,pleban.; plebanat.,pleban.,pleban.,pleban.,pleban.,pleban.,"in 3 laut Abk-Verzeichnis Bd. 3 bedeutet ""pleban."" nur plebanus, nicht plebanatus; doch fraglich ob Angabe zuverlässig",
,plebania,Pfarrei,,plebani -(a)e,a,,,,,,,,,,,
,plebanus,Pfarrer,"in 1,3",,,,,,,,,,,,,
plebanat.,plebanatus ,Amt des Pfarrers ,siehe pleban.,,,,,,,,,,,,,
plen.,plenarius;,vollkommen;,,plenari -i,o (Adj.),plen.,plen.,plen.,plen.,plen.,plen.,plen.,plen.,plen.,,
,plenus,voll,,plen -i,o (Adj.),,,,,,,,,,,
pont.,pontificalis,,siehe pontific.,,,,,,,,,,,,,
pontif.,pontificalis,,siehe pontific.,pontifical -is,i (Adj.),,,,,,,,,,,
pontific.,pontificalia,dem Bischof zustehende Amtszeichen und Rechte,,pontifical -ium (bereits Pl.),i (Adj.),,pontif.,pontif.; pontific.,pontif.; pontifical.,pont.; pontif.,pontifical.,pontific.,pontific.,pontific.,,
,pontificalis,,,,,,,,,,,,,,,
port.,portatilis;,"tragbar, Trag-",,portatil -is,i (Adj.) ?,port.,port.,port.,port.,port.,port.,port.,port.,port.,,
,portio,,8,portion -is,konsonantisch,,,,,,,,,,,
poss.,possessio,,siehe possess.,,,,,,,,,,,,,
,possessor,,,,,,,,,,,,,,,
possess.,possessio;,,,possession -is,konsonantisch,,possess.; poss.,possess.,possess.; poss.,possess.,poss.,,,,,
,possessor,,,possessor -is,konsonantisch,,,,,,,,,,,
pot.,potestas,Macht; Gewalt; volle päpstliche Gewalt,,potestat -is,konsonantisch,,pot.,potest.,pot.,pot.,pot.; potest.,pot.,pot.,pot.,,
potest.,potestas,Macht; Gewalt; volle päpstliche Gewalt,siehe pot.,,,,,,,,,,,,,
pr.,proprius,eigen,,propri -i,o (Adj.),,,,,pr.,pr.,pr.,pr.,pr.,,
preb.,prebenda,"Präbende, Stiftspfründe",preb. in 1 auch für prebendatus,prebend -(a)e,a,preb.,preb.,preb.,preb.,preb.,preb.,preb.,preb.,preb.,,
,prebendatus,mit einer Präbende ausgestattet,in Bd. 1,,,,,,,,,,,,,
prebend.,prebendatus,mit einer Präbende ausgestattet,preb. 1,prebendat -i,o (Adj.),preb.,prebend.,,prebend.,prebend.,prebend.,prebend.,prebend.,prebend.,"möglicherweise preb. auch in anderen Bänden, v. a. 2 (prebend. nur 1x!) und 3, Abk. für prebendatus",
prec.,preces,Bitte,,prec -um (bereits Pl.),konsonantisch,,,,prec.,prec.,,prec.,prec.,prec.,,
precept.,preceptor;,"Präzeptor, Vorsteher;",,preceptor -is,konsonantisch,precept.,precept.,precept.; preceptor.,precept.,precept.; preceptor.,precept.,precept.,precept.,precept.,,
,preceptoria,Amt/Stelle eines Präzeptors,,preceptori -(a)e,a,,,,,,,,,,,
preceptor.,preceptor;,"Präzeptor, Vorsteher;",siehe precept.,,,,,,,,,,,,,
,preceptoria,Amt/Stelle eines Präzeptors,,,,,,,,,,,,,,
pred.,predicatorum (in o. pred.),,,,,,pred.,,pred.,pred.,pred.,pred.,pred.,pred.,,
,predictum,,siehe predict.,predict -i,o (Adj.),,,,,,,,,,,
predec.,predecessor,,,predecessor -is,konsonantisch,,predec.,,,,,,,,,
predic.,predicare,,,"predic, predicav, predicat",a-Konj.,,predic.,predic.,,,,,,,,
predict.,predictum,,,predict -i,o (Adj.),,,predict.,predict.,,,,,,,
prep.,prepositus,"Propst, Vorsteher",,preposit -i ?,o ?,prep.,prep.,prep.,prep.,prep.,prep.,prep.,prep.,prep.,,
prep. etc.,"prepositus, decanus et canonici","Propst, Dekan und die Kanoniker",,,,prep. etc.,prep. etc.,"prep., dec. et capit.",prep. etc.,"prep. etc.; prep., dec. et capit.",prep. etc.,prep. etc.,"prep. etc.; prep., dec. etc.","prep. etc.; prep., dec. et capit.; prep., dec. et can.; prep., dec. et canonici(s); prep., dec., can. et capit.",,
prepos.,prepositatus;,Amt des Propstes;,,prepositat -us,u,prepos.,prepos.,prepos.,prepos.,prepos.,prepos.,prepos.,prepos.,prepos.,,
,prepositura,Propstei,,prepositur -(a)e,a,,,,,,,,,,,
prerog.,prerogativa,"Vorrecht, Vorrang",,prerogativ -(a)e,a,,,,,prerog.,prerog.,prerog.,prerog.,prerog.,,
pres.,presens,gegenwärtig; anwesend; vorliegend,"pres. in 2,4 steht nicht für presens, sondern presentare und presentatio",present -is,konsonantisch,,pres.,,pres.,pres.,pres.,,pres.,pres.,möglicherweise auch Abk. present. für presens verwendet,
,presentare,,"in 2,4","present, presentav, presentat",a-Konj.,,,,,,,,,,,
,presentatio,,"in 2,4",presentation -is,konsonantisch,,,,,,,,,,,
presb.,presbiter,Priester,auch presbyter,,,presb.,presb.,presb.,presb.,presb.,presb.,presb.,presb.,presb.,,
presbit.,presbiteratus;,Priesteramt?,,presbiterat -us,u,,,presbyt.,presbit.; presbiter.; presbyter.,presbit.,presbiter.,presbit.,presbit.,presbit.,,
,presbiteralis,Priester-,auch presbiterialis; presbyterialis,presb[i/y]ter(i)al -is,i (Adj.),,,,,,,,,,,
presbiter.,presbiteratus;,Priesteramt?,siehe presbit.,,,,,,,,,,,,,
,presbiteralis,Priester-,,,,,,,,,,,,,,
presbyt.,presbyteratus;,Priesteramt?,siehe presbit.,,,,,,,,,,,,,
,presbyteralis,Priester-,,,,,,,,,,,,,,
presbyter.,presbyteratus;,Priesteramt?,siehe presbit.,,,,,,,,,,,,,
,presbyteralis,Priester-,,,,,,,,,,,,,,
present.,presentare;,"präsentieren, vorschlagen;","pres. 2,4; presentat. 3","present, presentav, presentat",a-Konj.,,present.,present.; presentat.,present.,present.,present.,,present.,present.,,
,presentatio,"Präsentation, Vorschlag(-srecht)",,presentation -is,konsonantisch,,,,,,,,,,,
presentat.,presentatio,"Präsentation, Vorschlag(-srecht)",siehe present.,,,,,,,,,,,,,
prim.,primarius,"der erste, vorrangige",,primari -i,o (Adj.),,,prim.,prim.; primar.,prim.,,prim.,prim.,prim.,,
primar.,primarius,"der erste, vorrangige",siehe primar.,,,,,,,,,,,,,
priv.,privatio;,"Aberkennung, (Amts-)Entsetzung",,privation -is,konsonantisch,priv.,priv.,priv.,priv.; privat.,priv.,priv.,priv.,priv.,priv.,,
,privare,,"1,2,3,7,8","priv, privav, privat",a-Konj.,,,,,,,,,,,
privat.,privatio ,"Aberkennung, (Amts-)Entsetzung",siehe priv.,,,,,,,,,,,,,
privil.,privilegium,Privileg,,privilegi -i,o (n.),,privil.,privil.,"privil., privileg.",privil.,privil.,privil.,privil.,privil.,,
privileg.,privilegium,Privileg,siehe privil.,,,,,,,,,,,,,
proc.,procedere;,,"2,3,4,5,7,8 und in 2 auch für procurator","proced, process, process",konsonantische Konj.,,proc.; proced.,proc.,proc.,proc.,proc.,proc.,proc.,,,
,processus,,"2,3,4,5,7,8 ",process -us,u,,,,,,,,,,,
,procurator,,in 2 ,,,,,,,,,,,,,
proced.,procedere ,,siehe proc.,,,,,,,,,,,,,
procur.,procurator,Prokurator,proc. in 2,procurator -is,konsonantisch,,proc.,procur.; procurat.,procur.; procurat.,procur.,procur.,procur.,procur.,procur.,"möglicherweise auch in anderen Bänden außer 2 Abk. ""proc."" für ""procurator"" verwendet",
procurat.,procurator,Prokurator,siehe procur.,,,,,,,,,,,,,
prof.,professor,"öffentlicher Lehrer, Professor",professus 7; in 8 prof.+profes. vertauscht?,professor -is,konsonantisch,,prof.,prof.,prof.; profess.,prof.,prof.,prof.,prof.,prof.,"nicht festzustellen, ob in allen Bänden ""prof."" sowohl für ""professor"" als auch für ""professus/a"" steht",
,professus,,,,,,,,,,,,,,,
,professa ,,,,,,,,,,,,,,,
profes.,"professa, professus",die Gelübte abgelegt habend;,,profess -i,o,,prof.,,prof. ,prof.; profes.,prof.,prof.,prof.; profes.,prof.,,
,,Ordensfrau/-mann,,profess -(a)e,a,,,,,,,,,,,
profess.,professor,"öffentlicher Lehrer, Professor",siehe prof.,,,,,,,,,,,,,
prom.,promovere;,(zu einem Weihegrad) befördern; (zu einem höheren Amt) erheben;,,"promove, promov, promot",e-Konj.,prom.,prom.,prom.,prom.,prom.,prom.,prom.,prom.,prom.,,
,promotio,"Beförderung, Erhebung",,promotion -is,konsonantisch,,,,,,,,,,,
,promissio,,1,promission -is,konsonantisch,,,,,,,,,,,
prorog.,prorogare;,verlängern;,,"prorog, prorogav, prorogat",a-Konj.,prorog.,prorog.,prorog.,prorog.,prorog.,prorog.,prorog.,prorog.,prorog.,,
,prorogatio,Verlängerung,,prorogation -is,konsonantisch,,,,,,,,,,,
prothomart.,prot(h)omartir,Erzmärtyrer,,prot(h)martir -,,,,,prothomart.,,,prothomart.,,prothomart.; protomart.,,
prothon.,prot(h)onotarius,"Protonotar, Notar in der päpstlichen Kanzlei",siehe prothonot.,,,,,,,,,,,,,
prothonot.,prot(h)onotarius,"Protonotar, Notar in der päpstlichen Kanzlei",,prot(h)onotari -i,o,,prothonot.; protonot.,prothonot.; protonot.,prothon.; prothonot.,prothonot.,prothonot.,prothon.; prothonot.,prothon.,prothonot.,,
protomart.,prot(h)omartir,Erzmärtyrer,siehe prothomart.,,,,,,,,,,,,,
protonot.,prot(h)onotarius,"Protonotar, Notar in der päpstlichen Kanzlei",siehe prothonot.,,,,,,,,,,,,,
prov.,providere (alicui de aliqua re);,(jemandem das Anrecht auf ein Amt oder eine Pfründe) verleihen;,,"provide, provid, provis",e-Konj.,prov.,prov.,prov.,prov.,prov.,prov.,prov.,prov.,prov.,,
,provisio,Verleihung,,provision -is,konsonantisch,,,,,,,,,,,
,provincia ,,"2,4,7 laut Abk-Verz.",provinci -(a)e,a,,,,,,,,,,,
provin.,provincia ,,"1,5,8; prov. in 2,4,7 laut Abk-Verz.",provinci -(a)e,a,provin.,prov.,provinc.,provinc.; prov.,provin.,,prov.,provin.,,"und, möglicherweise in allen Bänden, Abk. ""prov."" für ""provincia"" verwendet",
provinc.,provincia ,,,,,,,,,,,,,,,
publ.,publicus,öffentlich,,public -i,o (Adj.),publ.,publ.; public.,publ.; public.,publ.; public.,publ.,publ.,publ.,publ.,publ.,,
,publicare;,,"2,5,7,8; public. 3","public, publicav, publicat",a-Konj.,,,,,,,,,,,
,publicatio,,,publication -is,konsonantisch,,,,,,,,,,,
public.,publicus,öffentlich,siehe publ.,,,,,,,,,,,,,
,publicare;,,,,,,,,,,,,,,,
,publicatio,,,,,,,,,,,,,,,
quib.,quibus,welchen,,,,,quib.,,quib.,quib.,quib.,quib.,quib.,quib.,,
quitt.,quittantia;,"Quittung, Bestätigung",,quittanti -(a)e,a,quitt.,quitt.,quitt.,quitt.,,quitt.,,,quitt.,,
,quittare;,,"2,3,4","quitt, quittav, quittat",a-Konj.,,,,,,,,,,,
,quittatio,,"1,2,3,4",quittation -is,konsonantisch,,,,,,,,,,,
quond.,quondam,"früher, verstorben",,,,,quond.,,quond.,quond.,quond.,quond.,quond.,quond.,,
r. ,reservatio,,4 v.a. in c. r. p.=cum reservatione prebende; siehe auch reserv.,reservation -is,konsonantisch,,,,r.,r.,,,,,,
r. b.,restitutio bulle,,,,,,,,r. b.; rest. bulla,r. b.; restit. bulle,restit. bulle,,restit. bulle,restit. bulle,"bulle dabei dekliniert (-e, -a, -am, -arum)",
R. E.,Romana Ecclesia,Römische Kirche,,,,,R. E.; R. e.,,,R. E.,R. E. ,R. E.,R. E.,R. E.,,
R. e.,Romana Ecclesia,Römische Kirche,siehe R. E.,,,,,,,,,,,,,
R. I.,Romanorum Imperator,Römischer Kaiser,,,,Romanorum imp.,Rom. imper.; Rom. Imperator,Rom. imp.; Rom. imperium; Roman. imperium,,R. I.,R. I.,R. I.,R. I.,R. I.; Romani imper.,und ausgeschrieben: Romanum imperium; Romanum Imperium,
,Romanum Imperium ?,,,,,,,,,,,,,,,
R. R.,Romanorum Rex,Römischer König,,,,,Rom. rex,Rom. rex,,R. R.,R. R.,R. R.,R. R.,,ausgeschrieben: Romanorum Rex,
recept.,receptus;,"empfangen, aufgenommen;",,recept -i,o (Adj.),,,recept.,recept.,recept.,recept.,,recept.,recept.,,
,receptio,"Aufnahme, Empfang, Erhalt",,reception -is,konsonantisch,,,,,,,,,,,
rec.,recipere,"empfangen, aufnehmen",siehe recip.,,,,,,,,,,,,,
recip.,recipere,"empfangen, aufnehmen",rec. in 4 laut Abk-Verz,"recipi, recep, recept",gemischte Konj.,,recip.,recip.,recip.; rec.,recip.,recip.,recip.,recip.,recip.,,
recogn.,recognitio;,,1.2,recognition -is,konsonantisch,recogn.,recogn.,recogn.,,,,,,,,
,recognitus;,,3,recognit -i,o (Adj.),,,,,,,,,,,
,recognoscere,,1.2,"recognosc, recognov, recognit",,,,,,,,,,,,
rect.,rector,"Rektor, Pfarrer; (Schul-)Meister; Meister (eines Hospitals)",,rector -is,konsonantisch,,rect.,rect.,rect.,rect.,rect.,rect.,rect.,rect.,,
red.,red(d)itus,Einkünfte,,red(d)it -us,u,,red.,reddit.,red.; redd.; reddit.,redd.,red.,red.,,red.,ausgeschrieben: redditus; reditus,
redd.,redditus,Einkünfte,siehe red.,,,,,,,,,,,,,
ref.,reformare;,"verbessern, reformieren;",,"reform, reformav, reformat",a-Konj.,,reform.,reform.,ref.; reform.,ref.,ref.; reform.,ref.,ref.,ref.,,
,reformatio,"Abänderung, Nachbesserung (einer päpstlichen Gnade); Reform",,reformation -is,konsonantisch,,,,,,,,,,,
refer.,referendarius,Referendar (des Papstes),,referendari -i,o,,refer.; referend.,refer.,refer.; referend.,refer.,refer.,refer.,refer.,refer.,,
referend.,referendarius,Referendar (des Papstes),siehe refer.,,,,,,,,,,,,,
reform.,reformare;,"verbessern, reformieren;",siehe ref.,,,,,,,,,,,,,
,reformatio,"Abänderung, Nachbesserung (einer päpstlichen Gnade); Reform",,,,,,,,,,,,,,
reg.,regula;,(Ordens-)Regel;,,regul -(a)e,a ,reg.,reg.,reg.; regul.,reg.; regul.,reg.,reg.; regul.,reg.,reg.,reg.,,
,regularis,Regular-,,regular -is,,,,,,,,,,,,
regul.,regula;,(Ordens-)Regel;,siehe reg.,,,,,,,,,,,,,
,regularis,Regular-,,,,,,,,,,,,,,
rehab.,rehabilitatio;,Wiedereinsetzung in den Stand der habilitas (Fähigkeit zur Ausübung klerikaler Funktionen),,rehabilitation -is,konsonantisch,,,,,rehabil.,rehab.,rehab.,rehabil.,rehab.,,
,rehabilitare,,,"rehabilit, rehabilitav, rehabilitat",a-Konj.,,,,,,,,,,,
rehabil.,rehabilitatio;,Wiedereinsetzung in den Stand der habilitas (Fähigkeit zur Ausübung klerikaler Funktionen),siehe rehab.,,,,,,,,,,,,,
,rehabilitare,,,,,,,,,,,,,,,
reinstit.,reinstituere;,,,"reinstitu, reinstitu, reinstitut",konsonantische Konj.,,,,,reinstit.,,,,,,
,reinstitutio,,,reinstitution -is,konsonantisch,,,,,,,,,,,
rel.,relicta;,Witwe,,relict -(a)e,a,,rel.,relict.,rel.,rel.,rel.,rel.,rel.,rel.,,
,relictus;,,"6,7,8",relict -i,o,,,,,,,,,,,
,religio ,,in Bd. 4; siehe relig.,religion -is,konsonantisch,,,,,,,,,,,
relax.,relaxare;,"entbinden, aufheben;",,"relax, relaxav, relaxat",a-Konj.,,,relax.,,,relax.,relax.,relax.,relax.,,
,relaxatio,"Entbindung, Aufhebung",,relaxation -is,konsonantisch,,,,,,,,,,,
relict.,relicta;,Witwe,siehe rel.,,,,,,,,,,,,,
,relictus ,,,,,,,,,,,,,,,
relig.,religio;,Orden;,in 4 (auch) rel. laut Abk-Verz,religion -is,konsonantisch,relig.,,relig.,relig.; rel.,relig.,relig.,relig.,relig.,relig.,"in Bd. 2 wohl nur ausgeschrieben; ""rel."" in diesem Band eindeutig nur in Bedeutung ""relicta""",
,religiosus,Ordensmann,,religios -i,i,,,,,,,,,,,
rem.,remissio,Vergebung (der Sünden),,remission -is,konsonantisch,rem.,,remiss.,rem.,rem.,rem.,rem.,rem.,rem.,,
reman.,remanere,,"3,6 (+remanens)","remane, remans, remans",e-Konj.,,,reman.,,,,,,,,
remiss.,remissio,Vergebung (der Sünden),siehe rem.,,,,,,,,,,,,,
remitt.,remittere,,"angeblich in 5, aber inexistent als Abk.","remitt, remis, remiss",konsonantische Konj.,,,,,,,,,,,
renen.,r(h)enensis (fl.),rheinischer (Gulden),,,,,,,,,,renen.,renen.,renen.,,
res.,reservare;,"reservieren, vorbehalten;",siehe reserv.,,,,,,,,,,,,,
,reservatio,Reservation,,,,,,,,,,,,,,
,resignare ,Verzicht leisten;,siehe resign.,,,,,,,,,,,,,
,resignatio,Verzicht,,,,,,,,,,,,,,
reserv.,reservare;,"reservieren, vorbehalten;",res. in 1 laut Abk-Verz.,"reserv, reservav, reservat",a-Konj.,reserv.; res.,reserv.,reserv.,reserv.,reserv.,reserv.,reserv.,reserv.,reserv.,,
,reservatio,Reservation,,reservation -is,konsonantisch,res.; reserv.,reserv.,reserv.; reservat.,reserv.,reserv.,reserv.,reserv.,reserv.,reserv.,,
reservat.,reservatio,Reservation,siehe reserv.,,,,,,,,,,,,,
resid.,residere;,wohnhaft sein;,,"reside, resed, resess",e-Konj.,,,resid.,resid.,resid.,resid.,resid.,resid.,resid.,,
,residentia,Residenz(pflicht),,residenti -(a)e,a,,,resid.,resid.; resident.,resid.,resid.,resid.,resid.,resid.,,
resident.,residentia,Residenz(pflicht),siehe resid.,,,,,,,,,,,,,
resig.,resignare ,Verzicht leisten;,siehe resign.,,,,,,,,,,,,,
,resignatio,Verzicht,,,,,,,,,,,,,,
resign.,resignare;,Verzicht leisten;,"res. 2,4,6; resig. 5","resign, resignav, resignat",a-Konj.,resign.,res.,resign.,res.; resig.,resig.,res.,resign.,resign.,resign.; resig.,,
,resignatio,Verzicht,,resignation -is,konsonantisch,,,,,,,,,,,
resp.,respective,,,,,resp.,,resp.,,,,,,,,
rest.,restitutio,,siehe restit.,,,,,,,,,,,,,
restit.,restituere;,zurückgeben; aushändigen; wiedereinsetzen (in den alten Stand);,,"restitu, restitu, restitut",konsonantisch,,restit.,restit.,restit.; rest.,restit.,restit.,restit.,restit.,restit.,,
,restitutio,"Rückgabe, Aushändigung: Wiedereinsetzung",,restitution -is,konsonantisch,,retin.,retin.,retin.,retin.,retin.,retin.,retin.,retin.,,
retin.,retinere,"innehaben, besitzen",,"retine, retinu, retent",e-Konj.,,,,,,,,,,,
reval.,revalidatio;,Erklärung der Gültigkeit (einer verfallenen Gnade),,revalidation -is,konsonantisch,,,,,revalid.,,,reval.,reval.,,
,revalidare,,"in Bd. 5,8","revalid, revalidav, revalidat",a-Konj.,,,,,,,,,,,
revalid.,revalidatio;,Erklärung der Gültigkeit (einer verfallenen Gnade),siehe reval.,,,,,,,,,,,,,
,revalidare,,,,,,,,,,,,,,,
revoc.,revocare;,,,"revoc, revocav, revocat",a-Konj.,,revoc.,revoc.,revoc.,revoc.,,,revoc.,,,
,revocatio,,,revocation -is,konsonantisch,,revoc.,revoc.; revocat.,revoc.,revoc.,,,revoc.,,,
revocat.,revocatio,,siehe revoc.,,,,,,,,,,,,,
Rom. ,Romanus,,,Roman -i,o,Rom.,Rom.,Rom.; Roman.,Rom.; Roman.,Roman.,Rom.,,Roman.,,,
Rom. curia,Romana curia,,1,Roman -(a)e curi -(a)e,beide a,Rom. curia; curia Rom.,Rom. curia; Rom.,Rom. curia; Roman. cur.; Rom. cur.; cur. Roman.,Rom. curia; curia Rom.,,Rom. cur.; cur. Rom.,Romana cur.; cur. Romana,Romana cur.,Romana cur.; cur. Romana,,
Roman.,Romanus,,siehe Rom.,,,,,,,,,,,,,
rot.,rotulus,,,rotul -i,o,rot.,,,rot.,,,,,,,
s.,sanctus;,heilig;,,sanct -i,o (Adj.),s.,s.,s.,s.,s.,s.,s.,s.,s.,,
,sine,ohne;,,,,,,,,,,,,,,
,solutus/soluta,ledig,nur bei def. nat.,solut -i/-(a)e,o/a,,,,,,,,,,,
,sub,unter,,,,,,,,,,,,,,
,super,,"4 v.a. in o.s.a., siehe dortigen Eintrag; ansonsten siehe sup.",,,,,,,,,,,,,
s. c.,sine cura,ohne Seelsorge,,,,s. c. ,,s. c. ,,s. c. ,s. c. ,s. c. ,s. c. ,s. c. ,,
,cf.: def. nat. (s. c.),,,,,,,,s. c.,s. c. ,s. c. ,s. c. ,s. c. ,s. c. ,,
s. d.,sub die;,am (folgt Datum),,,,,,s. d.,s. d.,s. d.,s. d.,s. d.,s. d.,s. d.,,
,sine dato/a;,,"in 3,5,6,8 laut Abk-Verz.",,,,,s. d.,s. d.,s. d.,s. d.,s. d.,s. d.,s. d.; sine dat.,,
,sub data,,in 5 laut Abk-Verz ,,,,,s. d.,s. d.,s. d.,s. d.,s. d.,s. d.,s. d.; sub dat.,,
s. e. d.,sub eodem dato/sub eadem data,,,,,,,s. e. d.,,,,,,sub eodem dat.,,
s. e. p.,sub expectatione prebende,,"1,2,3,4,6,7 v.a. in can. s. e. p.; in 3 auch: s. e. p. et d. (=et dignitas)",,,s. e. p.,s. e. p.,s. e. p.,s. e. p.,sub expect. preb.,s. e. p.,s. e. p.,sub expect. preb.,sub expect. preb.,,
s. e. s. o. n. c. ,sed eius superveniente obitu non confecta,,,,,,,,,,s. e. s. o. n. c. ,,,,,
s. p. d.,sub prima data/sub primo dato,,in 5 laut Abk-Verz ,,,,,,,s. p. d.,,,,sub prima dat.,,
sac.,sacerdos;,Priester,siehe sacerd.,,,,,,,,,,,,,
,sacerdotalis,,,,,,,,,,,,,,,
sacerd.,sacerdos;,Priester,,sacerdot -is,konsonantisch,,,sacerd.,sacerd.; sac.,sacerd.,sacerd.,,,sacerd.,"möglicherweise in Bd. 2 für ""sacerdot-is,i etc."" auch ""sacerdot."" verwendet",
,sacerdotalis,,3; sacerdot. 5,sacerdotal -is,i (Adj.),,sacerdot.,sacerdot.; sacerdotal.,sacerdot.,sacerdot.,,,,,,
sacerdotal.,sacerdotalis,,siehe sacerd.,,,,,,,,,,,,,
salv. cond.,salvus conductus,,,,,,salv. cond.,salv. conduct.,salv. cond.,,,,,,,
salv. conduct.,salvus conductus,,siehe salv. cond.,,,,,,,,,,,,,
scil.,scilicet,,,,,,,,,,scil.,,,,,
scol.,scolaris,"Scholar, Schüler","scolar. 3; scol. in 3 steht für scolasticus, in 4 für beides",scolar -is,konsonantisch ?,,scol.; scolar.,scol.; scolar.,scol.; scolar.,scol.,scol.,scol.,scol.,scol.,,
,scolasticus,Scholaster,"3,4 laut Abk-Verz.",scolastic -i,o,,,,,,,,,,,
scolar.,scolaris,"Scholar, Schüler",siehe scol.,,,,,,,,,,,,,
scolast.,scolasticus,Scholaster,"scol. 3,4",scolastic -i,o,scolast.,scolast.,scolast.,scolast.,scolast.,scolast.,scolast.,scolast.,scolast.,,
,scolaster,,"laut Abk-Verz 4,5",,,,,,,,,,,,,
scolastr.,scolastria,Amt eines Scholasters,,scolastri -(a)e,a,,scolastr.,,scolastr.,scolastr.,scolastr.,scolastr.,scolastr.,scolastr.,"möglicherweise in Bd. 1 und 3 ""scolast."" als Abk. für ""scolastria"" verwendet",
scr. ,scriptus ,geschrieben ,siehe scipt.,,,,,,,,,,,,,
script.,scriptus;,geschrieben;,scr. 2,script -i,o (Adj.),script.,scr.,script.,script.,script.,script.,script.,script.,script.,,
,scriptor,Schreiber; Reinschreiber (in der päpst lichen Kanzlei und Pönitentiarie),,scriptor -is,konsonantisch,script.,,script.; scriptor.,script.,script.,script.,script.,script.,script.,,
scriptor.,scriptor (dekliniert),Schreiber; Reinschreiber (in der päpst lichen Kanzlei und Pönitentiarie),siehe script.,,,,,,,,,,,,,
scult.,scultetus,,,scultet -i,o,,,,scult.,,,,,,,
sec.,secularis,weltlich,,secular -is,,sec.,sec.; secul.,secul.,sec.; secul.; secular.,sec.,sec.; secul.,sec.,sec.,sec.,,
secr.,secretarius,Sekretär,,secretari -i,o,,secr.,secret.,secr.; secret.,secr.,secr.; secret.,secr.,secr.,secr.,,
secret.,secretarius,Sekretär,siehe secr.,,,,,,,,,,,,,
secul.,secularis,weltlich,siehe sec.,,,,,,,,,,,,,
secular.,secularis,weltlich,siehe sec.,,,,,,,,,,,,,
sed.,sedes,Sitz; (Bischofs-)Thron,,sed -is,konsonantisch,,sed.,sed.,sed.,sed.,sed.,sed.,sed.,sed.,,
sed. ap.,sedes apostolica,,,sed -is apostolic -(a)e,konsonantisch und a,apost. sedes,sedes apost.,sed. ap.; ap. sed.,sed. ap.; ap. sed.,sed. ap.; ap. sed.,sed. ap.; ap. sed.,sed. ap.; ap. sed.,sed. ap.; ap. sed.,sed. ap.; ap. sed.,,
sen.,senior,der ältere,,senior -is,konsonantisch,,sen.,sen.,sen.,sen.,sen.,sen.,sen.,sen.,,
sent.,sententia,"Spruch, Urteil",,sententi -(a)e,a,sent.,sent.,sentent.,,sent.,sent.,sent.,sent.,sent.,,
sentent.,sententia,"Spruch, Urteil",siehe sent.,,,,,,,,,,,,,
sept.,september,September,,septembr -is,konsonantisch,sept.,sept.,sept.,sept.,sept.,sept.,sept.,sept.,sept.,,
sepult.,sepultura,,,sepultur -(a)e,a,,,sepult.; sepultur.,,,sepult.,,,,,
sepultur.,sepultura,,siehe sepult.,,,,,,,,,,,,,
serv.,servitium,"Dienst; Servitium (Zahlung an Papst, Kardinäle und Kuriale",,serviti -i,o (n.),serv.,serv.,serv.,serv.,serv.,serv.,serv.,serv.; servit.,serv.,,
,servire,,"6,7,8 (+serviens)","serv, serviv, servit",i-Konj. ,serv.,serv.,serv.,serv.,serv.,serv.,serv.,serv.,serv.,,
serv. commun.,servitium commune,allgemeines Servitium,,serviti -i commun -is,o (n.) und konsonantisch (n.),comm. serv.,comm. serv.; communis serv.,,,commun. serv.,,communi(s) serv.,commun. servit.,serv. commun.; commun. serv.; communi(s) serv.,,
serv. min.,servitia minuta,kleine Servitien (an Kuriale),,serviti -orum minut -orum,beide o (n.),serv. min.,,min. serv.,serv. min.; min. serv.,min. serv.,serv. min.,minuto serv.,min. servit.,serv. min.; minuti/a serv.; min. servitiorum; minuto servitiis,,
servit.,servitium,"Dienst; Servitium (Zahlung an Papst, Kardinäle und Kuriale",siehe serv. ,,,,,,,,,,,,,
sign.,(sola) signatura,"(es genügt die päpstl.) Signatur (auf der Supplik, keine Ausstellung einer Bulle erforderlich)",,signatur -(a)e,a,,,,,,,,sign.,sign.,,
sing.,singuli,,3.6,singul -orum,o,,,sing.; singul.,,,,,,,,
singul.,singuli,,siehe sing.,,,,,,,,,,,,,
soc.,socius;,"Teilhaber, (Handels-)Gesellschaft",,soci -i,o,,,soc.,soc.,soc.,soc.,soc.,soc.,soc.,,
,societas,,,societat -is,konsonantisch,,,,,,,,,,,
sol.,solidus,Schilling (Münze),"sol. in 1,2 nicht für solidus, sondern solutio, solutus",solid -i,o,sol.,sol.,sol.,sol.,sol.,sol.,sol.,sol.,sol.,,
,solutio,,"in 1,2",solution -is,konsonantisch,,,,,,,,,,,
,solutus,,"in 1,2 ",solut -i,o (Adj.),,,,,,,,,,,
solemn.,solemnis,,,solemn -is,konsonantisch/gemischt?,,,solemn.,,,,,,,,
solit.,solitus,,,solit -i,o,,,,solit.,,solit.,,,,,
solut.,solutio;,Zahlung;,"sol. 1,2",solution -is,konsonantisch,sol.,solut.; sol.,solut.,solut.,solut.,solut.,solut.,solut.,solut.,"möglicherweise auch in anderen Bänden außer 1,2 Abk. ""sol."" für ""solutio, solutus"" verwendet",
,solutus,bezahlt,,solut -i ,o (Adj.),,,,,,,,,,,
solv.,solvere,bezahlen,laut Abk-Verz. in 2 auch sol. ,"solve, solv, solut",konsonantische Konj.,,solv.; sol.,solv.,solv.,solv.,solv.,solv.,solv.,solv.,"möglicherweise auch in 1 oder anderen Bänden Abk. ""sol."" für ""solvere"" verwendet",
spect.,"spectare, spectans",,"1,2,3,6 ","spect, spectav, spectat",a-Konj.,spect.,,spect.,spect.,,spect.,,,,,
S. R. E.,Sacrosancta Romana Ecclesia,Heilige Römische Kirche,,,,,s. R. E.; s. R. e.,,,S. R. E.,S. R. E. ,S. R. E.,S. R. E.,S. R. E.,,
S. R. I.,Sacrum Romanum Imperium,,,,,,s. Rom. imperium,,,S. R. I.,,S. R. I.,S. R. I.,,,
spir.,spiritualis;,geistlich;,,spiritual -is,i (Adj.),spir.,spir.; spirit.,spir.,spir.,spir.,spir.; spirit.,spir.,spir.,spir.,,
,spiritualia,den geistlichen Bereich Betreffendes,,spiritual -ium,i (Adj.),,,,,,,,,,,
spirit.,spiritualis;,geistlich;,siehe spir.,,,,,,,,,,,,,
,spiritualia,den geistlichen Bereich Betreffendes,,,,,,,,,,,,,,
SS.,sancti (Plural),die heiligen,siehe ss.,,,,,,,,,,,,,
ss.,sancti (Plural),die heiligen,,sanct -orum,o,ss.; SS.,ss.,ss.,ss.,ss.,ss.,ss.,ss.,ss.,,
statut.,statuta/um,,,statut -(a)e/-i,a/o,,,statut.,statut.,statut.,,,,statut.,,
stud.,studere;,studieren;,,"stude, studu, -",e-Konj.,,stud.,,stud.,stud.,stud.,stud.,stud.,stud.,,
,studium,Studium; Universität,,studi -i,o (n.),,,,,,,,,,,
subcollect.,subcollector/succollector,Subkollektor,,subcollector -is/succollector -is,konsonantisch,,succollect.,subcollect.,succollect.; succoll.,succollect.,subcollect.; succollect.,subcollect.; succollect.,subcollect.; succollect.,subcollect.,,
subcust.,subcustos/succustos,,,subcustod -is/succustod -is,konsonantisch,,succust.,,subcust.; subcustod.; succust.,,succust.,,subcust.,,,
subcustod.,subcustodia/succostodia,,,subcustodi -(a)e/succustodi -(a)e,a,,succustod.,succustod.,subcustod.,,subcustod.,,,,,
subdiac.,subdiaconus,Subdiakon,,subdiacon -i,o,subdiac.,subdiac.,subdiac.,subdiac.,subdiac.,subdiac.,subdiac.,subdiac.,subdiac.,,
subdiacon.,"subdiaconatus, subdiaconia",Weihegrad; Amt des Subdiakons,,subdiaconat -us,u,,,subdiacon.,subdiacon.,subdiacon.,subdiacon.,subdiacon.,subdiacon.,subdiacon.,,
subiect.,subiectus,,,subiect -i,o (Adj.),,subiect.,subiect.,,,,,,,,
subrog.,subrogare,(in die Rechte eines anderen) eingesetzt werden;,siehe surrog.,,,,,,,,,,,,,
,subrogatio,(Rechts-)Nachfolge,,,,,,,,,,,,,,
subsid. ,subsidium ,,,subsidi -i,o (n.),,subsid. ,subsid. ,,,,,,,,
subsid. car.,subsidium caritatis/ivum,,,,,,subsid. car.,subsid. carit.,,,,,,,,
subsid. carit.,subsidium caritatis/ivum,,siehe subsid. car.,,,,,,,,,,,,,
succollect.,succollector,Subkollektor,siehe subcollect.,,,,,,,,,,,,,
succust.,succustos,,siehe subcust.,,,,,,,,,,,,,
succustod.,succustodia,,siehe subcustod.,,,,,,,,,,,,,
suffrag.,suffraganeus,"Suffragan, Weihbischof",,suffragane -i,o,suffrag.,suffrag.,,suffrag.,,suffrag.,suffrag.,suffrag.,,,
sup.,super;,über,,,,,sup.,,sup.,sup.,sup.,sup.,sup.,sup.,,
,superior,,in 6 laut Abk-Verz.,superior -is,konsonantisch,,,,,,,,,,,
suppl.,supplicare,bitten; eine Bittschrift einreichen,siehe supplic.,,,,,,,,,,,,,
,supplicatio,"Bitte, Bittschrift",,,,,,,,,,,,,,
supplic.,supplicare;,bitten; eine Bittschrift einreichen;,,"supplic, supplicav, supplicat",a,suppl.,supplic.; suppl.,supplic.,supplic.; suppl.,supplic.,suppl.,supplic.,supplic.,supplic.,,
,supplicatio,"Bitte, Bittschrift",,supplication -is,konsonantisch,suppl.,supplic.; suppl.,supplic.; supplicat.,supplic.; suplic.; suppl.,supplic.,suppl.,supplic.,supplic.,supplic.,,
supplicat.,supplicatio,"Bitte, Bittschrift",siehe supplic.,,,,,,,,,,,,,
supplem.,supplementum,,,supplement -i,o (n.),supplem.,supplem.,supplem.,supplem.,supplem.,,,,,,
supprim.,supprimere,,"soll in 8 vorkommen, aber Abk. inexistent","supprim, suppress, suppress",konsonantisch,,,,,,,,,,,
suprad.,supradictus,,,supradict -i,o (Adj.),,,,suprad.,suprad.,,,suprad.,,,
surrog.,surrogare;,(in die Rechte eines anderen) eingesetzt werden;,,"surrog, surrogav, surrogat",a-Konj.,surrog.,surrog.; subrog.,surrog.; subrog.,surrog.,surrog.,surr.,surrog.,surrog.,surrog.,,
,surrogatio,(Rechts-)Nachfolge,,surrogation -is,konsonantisch,,,,,,,,,,,
suspens.,suspensio,,1,suspension -is,konsonantisch,suspens.,,suspens.,,,,,,,,
t.,tempus,,4 in e. t.; siehe e. t.,tempor -is,konsonantisch (n.),t.,t.,,t.,,,,,,,
,?,,"1,2 in t. gr.; siehe t. gr.",,,,,,,,,,,,,
t. gr.,?,,,,,t. gr.,t. gr.,,,,,,,,,
T.,Turonensis,Turnosen (Münze),,,,,,,,Tur.,T.,T.,Tur.,T.,"in Bd. 1,2,3 nicht verwendet, ansonsten zu viele Treffer, daher nicht feststellbar, ob T. auch in Bd. 4,5,8 verwendet wird.",
tab.,tabellionatus,Notariat,,tabellionat -us,u,tabell.,tab.,tabell.,tab.,tab.,tab.; tabell.,tab.,tab.,tab.,,
tab. off.,tabellionatus officium ?,,,,,tabell. off.,,tabell. off.; off. tabell.,,tab. off.; off. tab.,off. tab.; off. tabell,off. tab.,tab. off.; off. tab.,off. tab.,,
tabell.,tabellionatus,Notariat,siehe tab. ,,,,,,,,,,,,,
tabell. off.,tabellionatus officium ?,,,,,,,,,,,,,,,
temp.,tempus;,Zeit,t. in 4 (in e. t.),tempor -is,konsonantisch (n.),temp.,,temp.,t.,temp.,,temp.,temp.,temp.,,
,temporalia,,in Bd. 1 laut Abk-Verz.,,,,,,,,,,,,,
temporal.,temporalis,,7; in 1 temp. = temporalia laut Abk-Verz.,temporal -is,i (Adj.),temp.,,,temporal.,,,,temporal.,,"möglicherweise auch in anderen Bänden außer 1 ""temp."" = temporalis/ia",
term.,terminus,"Termin, Zeitpunkt",,termin -i,o,,,term.,,term.,term.,term.,term.,term.,,
test.,testare;,,,"test, testav, testat",a-Konj.,,test.,test.,test.,test.,test.,test.,test.,test.,,
,testis;,,,test -is,gemischt,,,,,,,,,,,
,testimonialis,,in Bd. 4; siehe testim.,testimonial -is,i (Adj.),,,,,,,,,,,
testim. ,testimonialis,,in 4 auch test.,testimonial -is,i (Adj.),,testim.,,test.; testim.,testim.,testim.,testim.,testim.,testim.,"möglicherweise auch in anderen Bänden außer 4 ""test."" für ""testimonialis"" verwendet",
testim. litt.,testimoniales littere,"Bescheinigung, Zeugnis",,,,,testim. litt.; litt. testim.; testim. litteris; litteris testim.; testim. litter. testimonialibus litt.; litt. ap. testim.,,litt. testim.,testim. litt.; litt. testim.; testimonialis litt.,litt. testim.,litt. testim.,testim. litt.,litt. testim.,,
theol.,theologia,Theologie,,theologi -(a)e,a,theol.,theol.,theol.,theol.,theol.,theol.,theol.,theol.,theol.,,
thes.,thesaurarius,"Amt des Thesaurars, Schatzmeisters",,thesaurari -i,o,thesaurar.,thes.,thesaur.,thes.,thes.,thes.,thes.,thes.,thes.,"nicht auszuschließen, dass nicht auch in anderen Bänden außer 1 und 3 ""thesaur."" oder auch überhaupt ""thesaurar."" als Abk. für ""thesaurarius"" verwendet werden",
thesaur.,thesauraria,Amt des Thesaurars,,thesaurari -(a)e,a,thesaurar.,thesaur.; thesaurar.,thesaur.; thesaurar.,thesaur.; thesaurar.,thesaur.,thesaur.,thesaur.,thesaur.,thesaur.,,
,thesaurarius,"Amt des Thesaurars, Schatzmeisters",in Bd. 3,,,,,,,,,,,,,
thesaurar.,thesaurarius,"Amt des Thesaurars, Schatzmeisters",siehe thes. und thesaur.,,,,,,,,,,,,,
,thesauraria,Amt des Thesaurars ,,,,,,,,,,,,,,
tit.,titulus;,Titel(-kirche eines Kardinals);,,titul -i,o,tit.,tit.,tit.,tit.,tit.,tit.,tit.,tit.,tit.,,
,titularis,Titel-,,titular -is,konsonantisch/gemischt?,,,,,,,,,,,
transgr.,transgredi;,,3,"transgred, transgress",halbkonsonantische Konj.,,,transgr.,,,transgr.,,,,,
,transgressus,,3,transgress -i,o (Adj.),,,,,,,,,,,
transl.,translatio;,Übertragung; Versetzung;,translat.,translation -is,konsonantisch,,transl.,transl.; translat.,transl.; translat.,trans.,trans.,trans.,trans.,trans.,,
,translatus,übertragen; versetzen,,translat -i,o (Adj.),,,,,,,,,,,
translat.,translaturus,,in Bd. 6 laut Abk.-Verz.; siehe transl.,translatur -i,o (Adj.),,,,,,,,,,"in 6 nicht verwendet; aber vielleicht steht ""trans."" auch für ""translaturus"" oder ""translat."" in Bd. 3",
,translatio;,Übertragung; Versetzung;,,,,,,,,,,,,,,
,translatus,übertragen; versetzen,,,,,,,,,,,,,,
transf.,transferre,,"1; transfer. 2,3,5,6,8","transfer, transtul, translat",,transf.,transfer.,transf.; transfer.,,transfer.,transf.,transfer.,transfer.,,,
transfer.,transferre,,siehe transf.,,,,,,,,,,,,,
Tur.,Turonensis,Turnosen (Münze),siehe T.,,,,,,,,,,,,,
unac.,unacum,zusammen mit,,,,,unac.,,unac.,unac.,unac.,unac.,unac.,unac.,,
Ung.,Ungaricalis (fl.),ungarischer (Gulden),,,,,,,,,,,,Ung.,,
univ.,universitas,"Universität, Gesamtheit (der Bürger)","univers. 5, 8; in 8 univ. nur für Universität",universitat -is,konsonantisch,univ.,univ.; univers.,univ.,univ.; univers.; universit.,univ.; univers.,univ.,univ.,univ.; univers.,univ.,,
univers.,universitas,"Universität, Gesamtheit (der Bürger)",siehe univ.,,,,,,,,,,,,,
universit.,universitas,"Universität, Gesamtheit (der Bürger)",siehe univ.,,,,,,,,,,,,,
ususfruct.,ususfructus,,nur in 8,,,,,,,,,,ususfruct.,,,
utr.,utrius;,"beider, in beiden (Rechten);",,,,,utr.,utr.,utr.,utr.,utr.,utr.,utr.,utr.,,
,utroque,von beiden (Elternteilen her),,,,,,,,,,,,,,
,uterque,,"4; in der Form utriusque in 2,3,5",,,,,,,,,,,,,
ux.,uxor,(Ehe-)Frau,,uxor -is,konsonantisch,ux.,ux.,,,ux.,ux.,ux.,ux.,ux.,,
v.,virgo;,,4; siehe auch virg.,virgin -is,konsonantisch,,,,v.,,,,,,,
,vide,,"1,6; und 6 auch: c.v.s.c.; siehe entsprechenden Eintrag",,,v.,,,,,v.,,,,,
vac.,vacare,"frei, vakant sein",,"vac, vacav, vacat",a-Konj.,vac.,vac.,vac.,vac .,vac.,vac.,vac.,vac.,vac.,,
,vacatio,,"5,6,8",vacation -is,konsonantisch,vac.,vac.,vac.,vac.,vac.,vac.,vac.,vac.,vac.,"möglicherweise auch Akb. ""vacat."" für ""vacatio"" verwendet, doch wegen der großen Trefferzahl nicht nachzuprüfen; nach Stichproben aber eher unwahrscheinlich",
vacat.,vacaturus,"künftig frei, vakant",,vacatur -i,o (Adj.),,vacat.,vacat.,vacat.,vacat.,vacat.,vacat.,vacat.,vacat.,,
val.,(perinde) valere;,(dieselbe) Geltung haben (als ob );,,"vale, valu, -",e-Konj.,,,,,val.,,val.,val.,val.,,
,valor,Wert,,valor -is,konsonantisch,,,,,,,,,,,
vic.,vicarius,"Vikar, Stellvertreter",,vicari -i,o,,vic.,vic.,vic.,vic.,vic.,vic.,vic.,vic.,,
vicar.,vicaria,"Vikarie, Meßpriesterstelle",,vicari -(a)e,a,,vicar.,vicar.,vicar.,vicar.,vicar.,vicar.,vicar.,vicar.,,
vid.,vidua,,,vidu -(a)e,a,,,,,,vid.,,,,,
vig.,vigore,kraft,"vigor in Bd. 6,8",vigor -is,konsonantisch,,,,,vig.,vig.,vig.,vig.,vig.,,
,vigor ,,"Bd. 6,8",,,,,,,,,,,,,
virg.,virgo,Jungfrau,in 4 auch v.,virgin -is,konsonantisch,virg.,virg.,,virg.; v.,virg.,virg.,virg.,virg.,virg.,,
visit.,visitare;,besuchen; kontrollieren;,,"visit, visitav, visitat",a-Konj.,visit.,visit.,,visit.,visit.,visit.,visit.,visit.,visit.,,
,visitatio,Besuch; Rechenschaftslegung der Bischöfe,,visitation -is,konsonantisch,,,,,,,,,,,
vulg.,vulgariter,"gewöhnlich, sonst; in der Volkssprache",,,,vulg.,vulg.,vulg.,vulg.,vulg.,vulg.,vulg.,vulg.,vulg.,,
